timeStamp,elapsed,label,responseCode,responseMessage,threadName,dataType,success,failureMessage,bytes,sentBytes,grpThreads,allThreads,URL,Filename,Latency,Encoding,SampleCount,ErrorCount,Hostname,IdleTime,Connect
1779177325086,57,HTTP Request,200,,Thread Group 1-1,text,true,,819,270,1,1,http://localhost.com:7010/api/bbs/sso/login,,56,UTF-8,1,0,FOUNDSJJ,0,1
1779177325186,50,HTTP Request,200,,Thread Group 1-2,text,true,,819,270,2,2,http://localhost.com:7010/api/bbs/sso/login,,50,UTF-8,1,0,FOUNDSJJ,0,0
1779177325288,61,HTTP Request,200,,Thread Group 1-3,text,true,,819,270,3,3,http://localhost.com:7010/api/bbs/sso/login,,60,UTF-8,1,0,FOUNDSJJ,0,2
1779177325143,236,HTTP Request,200,,Thread Group 1-1,text,true,,365,437,3,3,http://localhost.com:7010/api/bbs/user/updateLikeState?articleId=26,,236,UTF-8,1,0,FOUNDSJJ,0,0
1779177325387,72,HTTP Request,200,,Thread Group 1-4,text,true,,819,270,4,4,http://localhost.com:7010/api/bbs/sso/login,,72,UTF-8,1,0,FOUNDSJJ,0,0
1779177325237,252,HTTP Request,200,,Thread Group 1-2,text,true,,365,437,5,5,http://localhost.com:7010/api/bbs/user/updateLikeState?articleId=26,,252,UTF-8,1,0,FOUNDSJJ,0,0
1779177325487,48,HTTP Request,200,,Thread Group 1-5,text,true,,819,270,5,5,http://localhost.com:7010/api/bbs/sso/login,,47,UTF-8,1,0,FOUNDSJJ,0,1
1779177325350,225,HTTP Request,200,,Thread Group 1-3,text,true,,365,437,5,5,http://localhost.com:7010/api/bbs/user/updateLikeState?articleId=26,,224,UTF-8,1,0,FOUNDSJJ,0,0
1779177325380,239,HTTP Request,200,,Thread Group 1-1,text,true,,365,437,6,6,http://localhost.com:7010/api/bbs/user/updateLikeState?articleId=26,,239,UTF-8,1,0,FOUNDSJJ,0,0
1779177325587,47,HTTP Request,200,,Thread Group 1-6,text,true,,819,270,6,6,http://localhost.com:7010/api/bbs/sso/login,,46,UTF-8,1,0,FOUNDSJJ,0,1
1779177325460,221,HTTP Request,200,,Thread Group 1-4,text,true,,365,437,6,6,http://localhost.com:7010/api/bbs/user/updateLikeState?articleId=26,,221,UTF-8,1,0,FOUNDSJJ,0,0
1779177325490,228,HTTP Request,200,,Thread Group 1-2,text,true,,365,437,7,7,http://localhost.com:7010/api/bbs/user/updateLikeState?articleId=26,,227,UTF-8,1,0,FOUNDSJJ,0,0
1779177325686,49,HTTP Request,200,,Thread Group 1-7,text,true,,819,270,7,7,http://localhost.com:7010/api/bbs/sso/login,,48,UTF-8,1,0,FOUNDSJJ,0,0
1779177325536,230,HTTP Request,200,,Thread Group 1-5,text,true,,365,437,7,7,http://localhost.com:7010/api/bbs/user/updateLikeState?articleId=26,,229,UTF-8,1,0,FOUNDSJJ,0,0
1779177325575,241,HTTP Request,200,,Thread Group 1-3,text,true,,365,437,8,8,http://localhost.com:7010/api/bbs/user/updateLikeState?articleId=26,,241,UTF-8,1,0,FOUNDSJJ,0,0
1779177325786,58,HTTP Request,200,,Thread Group 1-8,text,true,,819,270,8,8,http://localhost.com:7010/api/bbs/sso/login,,57,UTF-8,1,0,FOUNDSJJ,0,1
1779177325620,229,HTTP Request,200,,Thread Group 1-1,text,true,,365,437,8,8,http://localhost.com:7010/api/bbs/user/updateLikeState?articleId=26,,228,UTF-8,1,0,FOUNDSJJ,0,0
1779177325634,265,HTTP Request,200,,Thread Group 1-6,text,true,,365,437,9,9,http://localhost.com:7010/api/bbs/user/updateLikeState?articleId=26,,265,UTF-8,1,0,FOUNDSJJ,0,0
1779177325885,71,HTTP Request,200,,Thread Group 1-9,text,true,,819,270,9,9,http://localhost.com:7010/api/bbs/sso/login,,69,UTF-8,1,0,FOUNDSJJ,0,1
1779177325681,275,HTTP Request,200,,Thread Group 1-4,text,true,,365,437,9,9,http://localhost.com:7010/api/bbs/user/updateLikeState?articleId=26,,274,UTF-8,1,0,FOUNDSJJ,0,0
1779177325736,253,HTTP Request,200,,Thread Group 1-7,text,true,,365,437,10,10,http://localhost.com:7010/api/bbs/user/updateLikeState?articleId=26,,253,UTF-8,1,0,FOUNDSJJ,0,0
1779177325718,271,HTTP Request,200,,Thread Group 1-2,text,true,,365,437,10,10,http://localhost.com:7010/api/bbs/user/updateLikeState?articleId=26,,271,UTF-8,1,0,FOUNDSJJ,0,0
1779177325766,255,HTTP Request,200,,Thread Group 1-5,text,true,,365,437,10,10,http://localhost.com:7010/api/bbs/user/updateLikeState?articleId=26,,255,UTF-8,1,0,FOUNDSJJ,0,0
1779177325987,67,HTTP Request,200,,Thread Group 1-10,text,true,,819,270,10,10,http://localhost.com:7010/api/bbs/sso/login,,67,UTF-8,1,0,FOUNDSJJ,0,1
1779177325817,307,HTTP Request,200,,Thread Group 1-3,text,true,,365,437,11,11,http://localhost.com:7010/api/bbs/user/updateLikeState?articleId=26,,307,UTF-8,1,0,FOUNDSJJ,0,0
1779177325845,279,HTTP Request,200,,Thread Group 1-8,text,true,,365,437,11,11,http://localhost.com:7010/api/bbs/user/updateLikeState?articleId=26,,279,UTF-8,1,0,FOUNDSJJ,0,0
1779177325849,277,HTTP Request,200,,Thread Group 1-1,text,true,,365,437,11,11,http://localhost.com:7010/api/bbs/user/updateLikeState?articleId=26,,277,UTF-8,1,0,FOUNDSJJ,0,0
1779177326085,55,HTTP Request,200,,Thread Group 1-11,text,true,,819,270,11,11,http://localhost.com:7010/api/bbs/sso/login,,54,UTF-8,1,0,FOUNDSJJ,0,1
1779177325899,286,HTTP Request,200,,Thread Group 1-6,text,true,,365,437,11,11,http://localhost.com:7010/api/bbs/user/updateLikeState?articleId=26,,285,UTF-8,1,0,FOUNDSJJ,0,0
1779177325956,265,HTTP Request,200,,Thread Group 1-9,text,true,,365,437,12,12,http://localhost.com:7010/api/bbs/user/updateLikeState?articleId=26,,265,UTF-8,1,0,FOUNDSJJ,0,0
1779177325956,265,HTTP Request,200,,Thread Group 1-4,text,true,,365,437,12,12,http://localhost.com:7010/api/bbs/user/updateLikeState?articleId=26,,265,UTF-8,1,0,FOUNDSJJ,0,0
1779177326185,79,HTTP Request,200,,Thread Group 1-12,text,true,,819,270,12,12,http://localhost.com:7010/api/bbs/sso/login,,79,UTF-8,1,0,FOUNDSJJ,0,1
1779177325989,275,HTTP Request,200,,Thread Group 1-7,text,true,,365,437,12,12,http://localhost.com:7010/api/bbs/user/updateLikeState?articleId=26,,275,UTF-8,1,0,FOUNDSJJ,0,0
1779177325989,275,HTTP Request,200,,Thread Group 1-2,text,true,,365,437,12,12,http://localhost.com:7010/api/bbs/user/updateLikeState?articleId=26,,275,UTF-8,1,0,FOUNDSJJ,0,0
1779177326021,254,HTTP Request,200,,Thread Group 1-5,text,true,,365,437,12,12,http://localhost.com:7010/api/bbs/user/updateLikeState?articleId=26,,254,UTF-8,1,0,FOUNDSJJ,0,0
1779177326055,255,HTTP Request,200,,Thread Group 1-10,text,true,,365,437,13,13,http://localhost.com:7010/api/bbs/user/updateLikeState?articleId=26,,255,UTF-8,1,0,FOUNDSJJ,0,0
1779177326285,92,HTTP Request,200,,Thread Group 1-13,text,true,,819,270,13,13,http://localhost.com:7010/api/bbs/sso/login,,91,UTF-8,1,0,FOUNDSJJ,0,1
1779177326124,288,HTTP Request,200,,Thread Group 1-3,text,true,,365,437,14,14,http://localhost.com:7010/api/bbs/user/updateLikeState?articleId=26,,288,UTF-8,1,0,FOUNDSJJ,0,0
1779177326140,299,HTTP Request,200,,Thread Group 1-11,text,true,,365,437,14,14,http://localhost.com:7010/api/bbs/user/updateLikeState?articleId=26,,299,UTF-8,1,0,FOUNDSJJ,0,0
1779177326127,312,HTTP Request,200,,Thread Group 1-1,text,true,,365,437,14,14,http://localhost.com:7010/api/bbs/user/updateLikeState?articleId=26,,312,UTF-8,1,0,FOUNDSJJ,0,0
1779177326125,314,HTTP Request,200,,Thread Group 1-8,text,true,,365,437,14,14,http://localhost.com:7010/api/bbs/user/updateLikeState?articleId=26,,314,UTF-8,1,0,FOUNDSJJ,0,0
1779177326385,54,HTTP Request,200,,Thread Group 1-14,text,true,,819,270,14,14,http://localhost.com:7010/api/bbs/sso/login,,53,UTF-8,1,0,FOUNDSJJ,0,1
1779177326185,286,HTTP Request,200,,Thread Group 1-6,text,true,,365,437,13,13,http://localhost.com:7010/api/bbs/user/updateLikeState?articleId=26,,285,UTF-8,1,0,FOUNDSJJ,0,0
1779177326221,301,HTTP Request,200,,Thread Group 1-9,text,true,,365,437,14,14,http://localhost.com:7010/api/bbs/user/updateLikeState?articleId=26,,301,UTF-8,1,0,FOUNDSJJ,0,0
1779177326222,301,HTTP Request,200,,Thread Group 1-4,text,true,,365,437,14,14,http://localhost.com:7010/api/bbs/user/updateLikeState?articleId=26,,301,UTF-8,1,0,FOUNDSJJ,0,0
1779177326265,266,HTTP Request,200,,Thread Group 1-2,text,true,,365,437,14,14,http://localhost.com:7010/api/bbs/user/updateLikeState?articleId=26,,266,UTF-8,1,0,FOUNDSJJ,0,0
1779177326265,266,HTTP Request,200,,Thread Group 1-7,text,true,,365,437,14,14,http://localhost.com:7010/api/bbs/user/updateLikeState?articleId=26,,266,UTF-8,1,0,FOUNDSJJ,0,0
1779177326265,266,HTTP Request,200,,Thread Group 1-12,text,true,,365,437,14,14,http://localhost.com:7010/api/bbs/user/updateLikeState?articleId=26,,266,UTF-8,1,0,FOUNDSJJ,0,0
1779177326483,66,HTTP Request,200,,Thread Group 1-15,text,true,,819,270,13,13,http://localhost.com:7010/api/bbs/sso/login,,66,UTF-8,1,0,FOUNDSJJ,0,1
1779177326275,274,HTTP Request,200,,Thread Group 1-5,text,true,,365,437,13,13,http://localhost.com:7010/api/bbs/user/updateLikeState?articleId=26,,274,UTF-8,1,0,FOUNDSJJ,0,0
1779177326310,282,HTTP Request,200,,Thread Group 1-10,text,true,,365,437,14,14,http://localhost.com:7010/api/bbs/user/updateLikeState?articleId=26,,282,UTF-8,1,0,FOUNDSJJ,0,0
1779177326585,70,HTTP Request,200,,Thread Group 1-16,text,true,,819,270,14,14,http://localhost.com:7010/api/bbs/sso/login,,69,UTF-8,1,0,FOUNDSJJ,0,1
1779177326412,294,HTTP Request,200,,Thread Group 1-3,text,true,,365,437,15,15,http://localhost.com:7010/api/bbs/user/updateLikeState?articleId=26,,294,UTF-8,1,0,FOUNDSJJ,0,0
1779177326377,330,HTTP Request,200,,Thread Group 1-13,text,true,,365,437,15,15,http://localhost.com:7010/api/bbs/user/updateLikeState?articleId=26,,329,UTF-8,1,0,FOUNDSJJ,0,0
1779177326686,53,HTTP Request,200,,Thread Group 1-17,text,true,,819,270,14,14,http://localhost.com:7010/api/bbs/sso/login,,52,UTF-8,1,0,FOUNDSJJ,0,2
1779177326446,293,HTTP Request,200,,Thread Group 1-8,text,true,,365,437,14,14,http://localhost.com:7010/api/bbs/user/updateLikeState?articleId=26,,293,UTF-8,1,0,FOUNDSJJ,0,0
1779177326446,294,HTTP Request,200,,Thread Group 1-11,text,true,,365,437,14,14,http://localhost.com:7010/api/bbs/user/updateLikeState?articleId=26,,293,UTF-8,1,0,FOUNDSJJ,0,0
1779177326471,297,HTTP Request,200,,Thread Group 1-6,text,true,,365,437,14,14,http://localhost.com:7010/api/bbs/user/updateLikeState?articleId=26,,296,UTF-8,1,0,FOUNDSJJ,0,0
1779177326446,322,HTTP Request,200,,Thread Group 1-14,text,true,,365,437,14,14,http://localhost.com:7010/api/bbs/user/updateLikeState?articleId=26,,322,UTF-8,1,0,FOUNDSJJ,0,0
1779177326523,296,HTTP Request,200,,Thread Group 1-4,text,true,,365,437,15,15,http://localhost.com:7010/api/bbs/user/updateLikeState?articleId=26,,296,UTF-8,1,0,FOUNDSJJ,0,0
1779177326532,301,HTTP Request,200,,Thread Group 1-7,text,true,,365,437,14,14,http://localhost.com:7010/api/bbs/user/updateLikeState?articleId=26,,301,UTF-8,1,0,FOUNDSJJ,0,0
1779177326523,316,HTTP Request,200,,Thread Group 1-9,text,true,,365,437,14,14,http://localhost.com:7010/api/bbs/user/updateLikeState?articleId=26,,315,UTF-8,1,0,FOUNDSJJ,0,0
1779177326532,307,HTTP Request,200,,Thread Group 1-12,text,true,,365,437,14,14,http://localhost.com:7010/api/bbs/user/updateLikeState?articleId=26,,307,UTF-8,1,0,FOUNDSJJ,0,0
1779177326785,63,HTTP Request,200,,Thread Group 1-18,text,true,,819,270,14,14,http://localhost.com:7010/api/bbs/sso/login,,62,UTF-8,1,0,FOUNDSJJ,0,1
1779177326550,299,HTTP Request,200,,Thread Group 1-15,text,true,,365,437,14,14,http://localhost.com:7010/api/bbs/user/updateLikeState?articleId=26,,298,UTF-8,1,0,FOUNDSJJ,0,0
1779177326550,301,HTTP Request,200,,Thread Group 1-5,text,true,,365,437,14,14,http://localhost.com:7010/api/bbs/user/updateLikeState?articleId=26,,301,UTF-8,1,0,FOUNDSJJ,0,0
1779177326593,300,HTTP Request,200,,Thread Group 1-10,text,true,,365,437,14,14,http://localhost.com:7010/api/bbs/user/updateLikeState?articleId=26,,300,UTF-8,1,0,FOUNDSJJ,0,0
1779177326655,269,HTTP Request,200,,Thread Group 1-16,text,true,,365,437,14,14,http://localhost.com:7010/api/bbs/user/updateLikeState?articleId=26,,269,UTF-8,1,0,FOUNDSJJ,0,0
1779177326885,53,HTTP Request,200,,Thread Group 1-19,text,true,,819,270,14,14,http://localhost.com:7010/api/bbs/sso/login,,52,UTF-8,1,0,FOUNDSJJ,0,1
1779177326707,249,HTTP Request,200,,Thread Group 1-13,text,true,,365,437,14,14,http://localhost.com:7010/api/bbs/user/updateLikeState?articleId=26,,249,UTF-8,1,0,FOUNDSJJ,0,0
1779177326739,259,HTTP Request,200,,Thread Group 1-8,text,true,,365,437,15,15,http://localhost.com:7010/api/bbs/user/updateLikeState?articleId=26,,259,UTF-8,1,0,FOUNDSJJ,0,0
1779177326739,260,HTTP Request,200,,Thread Group 1-17,text,true,,365,437,15,15,http://localhost.com:7010/api/bbs/user/updateLikeState?articleId=26,,259,UTF-8,1,0,FOUNDSJJ,0,0
1779177326740,259,HTTP Request,200,,Thread Group 1-11,text,true,,365,437,15,15,http://localhost.com:7010/api/bbs/user/updateLikeState?articleId=26,,258,UTF-8,1,0,FOUNDSJJ,0,0
1779177326768,265,HTTP Request,200,,Thread Group 1-14,text,true,,365,437,15,15,http://localhost.com:7010/api/bbs/user/updateLikeState?articleId=26,,265,UTF-8,1,0,FOUNDSJJ,0,0
1779177326768,265,HTTP Request,200,,Thread Group 1-6,text,true,,365,437,15,15,http://localhost.com:7010/api/bbs/user/updateLikeState?articleId=26,,265,UTF-8,1,0,FOUNDSJJ,0,0
1779177326986,80,HTTP Request,200,,Thread Group 1-20,text,true,,819,270,14,14,http://localhost.com:7010/api/bbs/sso/login,,79,UTF-8,1,0,FOUNDSJJ,0,1
1779177326849,249,HTTP Request,200,,Thread Group 1-15,text,true,,365,437,15,15,http://localhost.com:7010/api/bbs/user/updateLikeState?articleId=26,,249,UTF-8,1,0,FOUNDSJJ,0,0
1779177326848,275,HTTP Request,200,,Thread Group 1-18,text,true,,365,437,15,15,http://localhost.com:7010/api/bbs/user/updateLikeState?articleId=26,,275,UTF-8,1,0,FOUNDSJJ,0,0
1779177326841,282,HTTP Request,200,,Thread Group 1-12,text,true,,365,437,15,15,http://localhost.com:7010/api/bbs/user/updateLikeState?articleId=26,,282,UTF-8,1,0,FOUNDSJJ,0,0
1779177326894,230,HTTP Request,200,,Thread Group 1-10,text,true,,365,437,15,15,http://localhost.com:7010/api/bbs/user/updateLikeState?articleId=26,,229,UTF-8,1,0,FOUNDSJJ,0,0
1779177326833,294,HTTP Request,200,,Thread Group 1-7,text,true,,365,437,15,15,http://localhost.com:7010/api/bbs/user/updateLikeState?articleId=26,,293,UTF-8,1,0,FOUNDSJJ,0,0
1779177326839,288,HTTP Request,200,,Thread Group 1-9,text,true,,365,437,15,15,http://localhost.com:7010/api/bbs/user/updateLikeState?articleId=26,,287,UTF-8,1,0,FOUNDSJJ,0,0
1779177327086,54,HTTP Request,200,,Thread Group 1-21,text,true,,819,270,14,14,http://localhost.com:7010/api/bbs/sso/login,,54,UTF-8,1,0,FOUNDSJJ,0,1
1779177326938,265,HTTP Request,200,,Thread Group 1-19,text,true,,365,437,15,15,http://localhost.com:7010/api/bbs/user/updateLikeState?articleId=26,,265,UTF-8,1,0,FOUNDSJJ,0,0
1779177326925,279,HTTP Request,200,,Thread Group 1-16,text,true,,365,437,15,15,http://localhost.com:7010/api/bbs/user/updateLikeState?articleId=26,,279,UTF-8,1,0,FOUNDSJJ,0,0
1779177326956,273,HTTP Request,200,,Thread Group 1-13,text,true,,365,437,15,15,http://localhost.com:7010/api/bbs/user/updateLikeState?articleId=26,,273,UTF-8,1,0,FOUNDSJJ,0,0
1779177327187,62,HTTP Request,200,,Thread Group 1-22,text,true,,819,270,15,15,http://localhost.com:7010/api/bbs/sso/login,,62,UTF-8,1,0,FOUNDSJJ,0,0
1779177326999,263,HTTP Request,200,,Thread Group 1-8,text,true,,365,437,15,15,http://localhost.com:7010/api/bbs/user/updateLikeState?articleId=26,,263,UTF-8,1,0,FOUNDSJJ,0,0
1779177326999,264,HTTP Request,200,,Thread Group 1-17,text,true,,365,437,15,15,http://localhost.com:7010/api/bbs/user/updateLikeState?articleId=26,,263,UTF-8,1,0,FOUNDSJJ,0,0
1779177326999,264,HTTP Request,200,,Thread Group 1-11,text,true,,365,437,15,15,http://localhost.com:7010/api/bbs/user/updateLikeState?articleId=26,,263,UTF-8,1,0,FOUNDSJJ,0,0
1779177327033,275,HTTP Request,200,,Thread Group 1-14,text,true,,365,437,15,15,http://localhost.com:7010/api/bbs/user/updateLikeState?articleId=26,,274,UTF-8,1,0,FOUNDSJJ,0,0
1779177327067,262,HTTP Request,200,,Thread Group 1-20,text,true,,365,437,15,15,http://localhost.com:7010/api/bbs/user/updateLikeState?articleId=26,,261,UTF-8,1,0,FOUNDSJJ,0,0
1779177327286,64,HTTP Request,200,,Thread Group 1-23,text,true,,819,270,15,15,http://localhost.com:7010/api/bbs/sso/login,,63,UTF-8,1,0,FOUNDSJJ,0,1
1779177327124,273,HTTP Request,200,,Thread Group 1-12,text,true,,365,437,16,16,http://localhost.com:7010/api/bbs/user/updateLikeState?articleId=26,,272,UTF-8,1,0,FOUNDSJJ,0,0
1779177327098,299,HTTP Request,200,,Thread Group 1-15,text,true,,365,437,16,16,http://localhost.com:7010/api/bbs/user/updateLikeState?articleId=26,,299,UTF-8,1,0,FOUNDSJJ,0,0
1779177327124,308,HTTP Request,200,,Thread Group 1-18,text,true,,365,437,16,16,http://localhost.com:7010/api/bbs/user/updateLikeState?articleId=26,,308,UTF-8,1,0,FOUNDSJJ,0,0
1779177327141,291,HTTP Request,200,,Thread Group 1-21,text,true,,365,437,16,16,http://localhost.com:7010/api/bbs/user/updateLikeState?articleId=26,,291,UTF-8,1,0,FOUNDSJJ,0,0
1779177327127,305,HTTP Request,200,,Thread Group 1-9,text,true,,365,437,16,16,http://localhost.com:7010/api/bbs/user/updateLikeState?articleId=26,,305,UTF-8,1,0,FOUNDSJJ,0,0
1779177327124,309,HTTP Request,200,,Thread Group 1-10,text,true,,365,437,16,16,http://localhost.com:7010/api/bbs/user/updateLikeState?articleId=26,,309,UTF-8,1,0,FOUNDSJJ,0,0
1779177327385,67,HTTP Request,200,,Thread Group 1-24,text,true,,819,270,14,14,http://localhost.com:7010/api/bbs/sso/login,,66,UTF-8,1,0,FOUNDSJJ,0,1
1779177327204,294,HTTP Request,200,,Thread Group 1-19,text,true,,365,437,15,15,http://localhost.com:7010/api/bbs/user/updateLikeState?articleId=26,,294,UTF-8,1,0,FOUNDSJJ,0,0
1779177327230,268,HTTP Request,200,,Thread Group 1-13,text,true,,365,437,15,15,http://localhost.com:7010/api/bbs/user/updateLikeState?articleId=26,,268,UTF-8,1,0,FOUNDSJJ,0,0
1779177327204,294,HTTP Request,200,,Thread Group 1-16,text,true,,365,437,15,15,http://localhost.com:7010/api/bbs/user/updateLikeState?articleId=26,,294,UTF-8,1,0,FOUNDSJJ,0,0
1779177327264,265,HTTP Request,200,,Thread Group 1-17,text,true,,365,437,15,15,http://localhost.com:7010/api/bbs/user/updateLikeState?articleId=26,,265,UTF-8,1,0,FOUNDSJJ,0,0
1779177327250,279,HTTP Request,200,,Thread Group 1-22,text,true,,365,437,15,15,http://localhost.com:7010/api/bbs/user/updateLikeState?articleId=26,,279,UTF-8,1,0,FOUNDSJJ,0,0
1779177327264,266,HTTP Request,200,,Thread Group 1-11,text,true,,365,437,15,15,http://localhost.com:7010/api/bbs/user/updateLikeState?articleId=26,,266,UTF-8,1,0,FOUNDSJJ,0,0
1779177327487,58,HTTP Request,200,,Thread Group 1-25,text,true,,819,270,14,14,http://localhost.com:7010/api/bbs/sso/login,,57,UTF-8,1,0,FOUNDSJJ,0,1
1779177327308,285,HTTP Request,200,,Thread Group 1-14,text,true,,365,437,15,15,http://localhost.com:7010/api/bbs/user/updateLikeState?articleId=26,,285,UTF-8,1,0,FOUNDSJJ,0,0
1779177327351,331,HTTP Request,200,,Thread Group 1-23,text,true,,365,437,15,15,http://localhost.com:7010/api/bbs/user/updateLikeState?articleId=26,,331,UTF-8,1,0,FOUNDSJJ,0,0
1779177327329,354,HTTP Request,200,,Thread Group 1-20,text,true,,365,437,15,15,http://localhost.com:7010/api/bbs/user/updateLikeState?articleId=26,,354,UTF-8,1,0,FOUNDSJJ,0,0
1779177327587,115,HTTP Request,200,,Thread Group 1-26,text,true,,819,270,16,16,http://localhost.com:7010/api/bbs/sso/login,,114,UTF-8,1,0,FOUNDSJJ,0,1
1779177327397,321,HTTP Request,200,,Thread Group 1-15,text,true,,365,437,16,16,http://localhost.com:7010/api/bbs/user/updateLikeState?articleId=26,,321,UTF-8,1,0,FOUNDSJJ,0,0
1779177327397,325,HTTP Request,200,,Thread Group 1-12,text,true,,365,437,16,16,http://localhost.com:7010/api/bbs/user/updateLikeState?articleId=26,,324,UTF-8,1,0,FOUNDSJJ,0,0
1779177327686,51,HTTP Request,200,,Thread Group 1-27,text,true,,819,270,15,15,http://localhost.com:7010/api/bbs/sso/login,,50,UTF-8,1,0,FOUNDSJJ,0,1
1779177327452,302,HTTP Request,200,,Thread Group 1-24,text,true,,365,437,15,15,http://localhost.com:7010/api/bbs/user/updateLikeState?articleId=26,,302,UTF-8,1,0,FOUNDSJJ,0,0
1779177327433,322,HTTP Request,200,,Thread Group 1-18,text,true,,365,437,15,15,http://localhost.com:7010/api/bbs/user/updateLikeState?articleId=26,,322,UTF-8,1,0,FOUNDSJJ,0,0
1779177327433,323,HTTP Request,200,,Thread Group 1-21,text,true,,365,437,15,15,http://localhost.com:7010/api/bbs/user/updateLikeState?articleId=26,,322,UTF-8,1,0,FOUNDSJJ,0,0
1779177327499,315,HTTP Request,200,,Thread Group 1-16,text,true,,365,437,16,16,http://localhost.com:7010/api/bbs/user/updateLikeState?articleId=26,,314,UTF-8,1,0,FOUNDSJJ,0,0
1779177327498,316,HTTP Request,200,,Thread Group 1-19,text,true,,365,437,16,16,http://localhost.com:7010/api/bbs/user/updateLikeState?articleId=26,,316,UTF-8,1,0,FOUNDSJJ,0,0
1779177327499,326,HTTP Request,200,,Thread Group 1-13,text,true,,365,437,16,16,http://localhost.com:7010/api/bbs/user/updateLikeState?articleId=26,,326,UTF-8,1,0,FOUNDSJJ,0,0
1779177327530,305,HTTP Request,200,,Thread Group 1-17,text,true,,365,437,15,15,http://localhost.com:7010/api/bbs/user/updateLikeState?articleId=26,,305,UTF-8,1,0,FOUNDSJJ,0,0
1779177327530,314,HTTP Request,200,,Thread Group 1-22,text,true,,365,437,15,15,http://localhost.com:7010/api/bbs/user/updateLikeState?articleId=26,,314,UTF-8,1,0,FOUNDSJJ,0,0
1779177327545,300,HTTP Request,200,,Thread Group 1-25,text,true,,365,437,15,15,http://localhost.com:7010/api/bbs/user/updateLikeState?articleId=26,,299,UTF-8,1,0,FOUNDSJJ,0,0
1779177327789,56,HTTP Request,200,,Thread Group 1-28,text,true,,819,270,15,15,http://localhost.com:7010/api/bbs/sso/login,,54,UTF-8,1,0,FOUNDSJJ,0,1
1779177327594,306,HTTP Request,200,,Thread Group 1-14,text,true,,365,437,16,16,http://localhost.com:7010/api/bbs/user/updateLikeState?articleId=26,,305,UTF-8,1,0,FOUNDSJJ,0,0
1779177327683,247,HTTP Request,200,,Thread Group 1-23,text,true,,365,437,15,15,http://localhost.com:7010/api/bbs/user/updateLikeState?articleId=26,,246,UTF-8,1,0,FOUNDSJJ,0,0
1779177327684,248,HTTP Request,200,,Thread Group 1-20,text,true,,365,437,15,15,http://localhost.com:7010/api/bbs/user/updateLikeState?articleId=26,,248,UTF-8,1,0,FOUNDSJJ,0,0
1779177327702,246,HTTP Request,200,,Thread Group 1-26,text,true,,365,437,15,15,http://localhost.com:7010/api/bbs/user/updateLikeState?articleId=26,,246,UTF-8,1,0,FOUNDSJJ,0,0
1779177327719,243,HTTP Request,200,,Thread Group 1-15,text,true,,365,437,15,15,http://localhost.com:7010/api/bbs/user/updateLikeState?articleId=26,,243,UTF-8,1,0,FOUNDSJJ,0,0
1779177327886,92,HTTP Request,200,,Thread Group 1-29,text,true,,819,270,14,14,http://localhost.com:7010/api/bbs/sso/login,,92,UTF-8,1,0,FOUNDSJJ,0,0
1779177327738,254,HTTP Request,200,,Thread Group 1-27,text,true,,365,437,15,15,http://localhost.com:7010/api/bbs/user/updateLikeState?articleId=26,,254,UTF-8,1,0,FOUNDSJJ,0,0
1779177327756,237,HTTP Request,200,,Thread Group 1-18,text,true,,365,437,15,15,http://localhost.com:7010/api/bbs/user/updateLikeState?articleId=26,,236,UTF-8,1,0,FOUNDSJJ,0,0
1779177327755,238,HTTP Request,200,,Thread Group 1-24,text,true,,365,437,15,15,http://localhost.com:7010/api/bbs/user/updateLikeState?articleId=26,,238,UTF-8,1,0,FOUNDSJJ,0,0
1779177327756,251,HTTP Request,200,,Thread Group 1-21,text,true,,365,437,15,15,http://localhost.com:7010/api/bbs/user/updateLikeState?articleId=26,,251,UTF-8,1,0,FOUNDSJJ,0,0
1779177327989,63,HTTP Request,200,,Thread Group 1-30,text,true,,819,270,15,15,http://localhost.com:7010/api/bbs/sso/login,,62,UTF-8,1,0,FOUNDSJJ,0,1
1779177327814,265,HTTP Request,200,,Thread Group 1-19,text,true,,365,437,15,15,http://localhost.com:7010/api/bbs/user/updateLikeState?articleId=26,,264,UTF-8,1,0,FOUNDSJJ,0,0
1779177327846,259,HTTP Request,200,,Thread Group 1-28,text,true,,365,437,16,16,http://localhost.com:7010/api/bbs/user/updateLikeState?articleId=26,,259,UTF-8,1,0,FOUNDSJJ,0,0
1779177327845,260,HTTP Request,200,,Thread Group 1-25,text,true,,365,437,16,16,http://localhost.com:7010/api/bbs/user/updateLikeState?articleId=26,,260,UTF-8,1,0,FOUNDSJJ,0,0
1779177327814,293,HTTP Request,200,,Thread Group 1-16,text,true,,365,437,16,16,http://localhost.com:7010/api/bbs/user/updateLikeState?articleId=26,,293,UTF-8,1,0,FOUNDSJJ,0,0
1779177327835,273,HTTP Request,200,,Thread Group 1-17,text,true,,365,437,15,15,http://localhost.com:7010/api/bbs/user/updateLikeState?articleId=26,,273,UTF-8,1,0,FOUNDSJJ,0,0
1779177327845,263,HTTP Request,200,,Thread Group 1-22,text,true,,365,437,15,15,http://localhost.com:7010/api/bbs/user/updateLikeState?articleId=26,,263,UTF-8,1,0,FOUNDSJJ,0,0
1779177328085,54,HTTP Request,200,,Thread Group 1-31,text,true,,819,270,14,14,http://localhost.com:7010/api/bbs/sso/login,,53,UTF-8,1,0,FOUNDSJJ,0,1
1779177327933,233,HTTP Request,200,,Thread Group 1-20,text,true,,365,437,14,14,http://localhost.com:7010/api/bbs/user/updateLikeState?articleId=26,,233,UTF-8,1,0,FOUNDSJJ,0,0
1779177327930,243,HTTP Request,200,,Thread Group 1-23,text,true,,365,437,14,14,http://localhost.com:7010/api/bbs/user/updateLikeState?articleId=26,,243,UTF-8,1,0,FOUNDSJJ,0,0
1779177327952,252,HTTP Request,200,,Thread Group 1-26,text,true,,365,437,15,15,http://localhost.com:7010/api/bbs/user/updateLikeState?articleId=26,,252,UTF-8,1,0,FOUNDSJJ,0,0
1779177327979,226,HTTP Request,200,,Thread Group 1-29,text,true,,365,437,15,15,http://localhost.com:7010/api/bbs/user/updateLikeState?articleId=26,,226,UTF-8,1,0,FOUNDSJJ,0,0
1779177328185,52,HTTP Request,200,,Thread Group 1-32,text,true,,819,270,15,15,http://localhost.com:7010/api/bbs/sso/login,,51,UTF-8,1,0,FOUNDSJJ,0,1
1779177327993,244,HTTP Request,200,,Thread Group 1-24,text,true,,365,437,15,15,http://localhost.com:7010/api/bbs/user/updateLikeState?articleId=26,,244,UTF-8,1,0,FOUNDSJJ,0,0
1779177327993,248,HTTP Request,200,,Thread Group 1-18,text,true,,365,437,15,15,http://localhost.com:7010/api/bbs/user/updateLikeState?articleId=26,,248,UTF-8,1,0,FOUNDSJJ,0,0
1779177328008,235,HTTP Request,200,,Thread Group 1-21,text,true,,365,437,14,14,http://localhost.com:7010/api/bbs/user/updateLikeState?articleId=26,,235,UTF-8,1,0,FOUNDSJJ,0,0
1779177327993,263,HTTP Request,200,,Thread Group 1-27,text,true,,365,437,14,14,http://localhost.com:7010/api/bbs/user/updateLikeState?articleId=26,,262,UTF-8,1,0,FOUNDSJJ,0,0
1779177328052,223,HTTP Request,200,,Thread Group 1-30,text,true,,365,437,14,14,http://localhost.com:7010/api/bbs/user/updateLikeState?articleId=26,,222,UTF-8,1,0,FOUNDSJJ,0,0
1779177328080,225,HTTP Request,200,,Thread Group 1-19,text,true,,365,437,15,15,http://localhost.com:7010/api/bbs/user/updateLikeState?articleId=26,,225,UTF-8,1,0,FOUNDSJJ,0,0
1779177328105,229,HTTP Request,200,,Thread Group 1-28,text,true,,365,437,14,14,http://localhost.com:7010/api/bbs/user/updateLikeState?articleId=26,,229,UTF-8,1,0,FOUNDSJJ,0,0
1779177328109,225,HTTP Request,200,,Thread Group 1-22,text,true,,365,437,14,14,http://localhost.com:7010/api/bbs/user/updateLikeState?articleId=26,,225,UTF-8,1,0,FOUNDSJJ,0,0
1779177328106,229,HTTP Request,200,,Thread Group 1-25,text,true,,365,437,14,14,http://localhost.com:7010/api/bbs/user/updateLikeState?articleId=26,,229,UTF-8,1,0,FOUNDSJJ,0,0
1779177328285,75,HTTP Request,200,,Thread Group 1-33,text,true,,819,270,14,14,http://localhost.com:7010/api/bbs/sso/login,,75,UTF-8,1,0,FOUNDSJJ,0,1
1779177328139,225,HTTP Request,200,,Thread Group 1-31,text,true,,365,437,14,14,http://localhost.com:7010/api/bbs/user/updateLikeState?articleId=26,,225,UTF-8,1,0,FOUNDSJJ,0,0
1779177328174,240,HTTP Request,200,,Thread Group 1-23,text,true,,365,437,15,15,http://localhost.com:7010/api/bbs/user/updateLikeState?articleId=26,,240,UTF-8,1,0,FOUNDSJJ,0,0
1779177328167,247,HTTP Request,200,,Thread Group 1-20,text,true,,365,437,15,15,http://localhost.com:7010/api/bbs/user/updateLikeState?articleId=26,,247,UTF-8,1,0,FOUNDSJJ,0,0
1779177328205,235,HTTP Request,200,,Thread Group 1-26,text,true,,365,437,14,14,http://localhost.com:7010/api/bbs/user/updateLikeState?articleId=26,,234,UTF-8,1,0,FOUNDSJJ,0,0
1779177328206,238,HTTP Request,200,,Thread Group 1-29,text,true,,365,437,14,14,http://localhost.com:7010/api/bbs/user/updateLikeState?articleId=26,,238,UTF-8,1,0,FOUNDSJJ,0,0
1779177328385,70,HTTP Request,200,,Thread Group 1-34,text,true,,819,270,14,14,http://localhost.com:7010/api/bbs/sso/login,,69,UTF-8,1,0,FOUNDSJJ,0,0
1779177328238,242,HTTP Request,200,,Thread Group 1-24,text,true,,365,437,14,14,http://localhost.com:7010/api/bbs/user/updateLikeState?articleId=26,,242,UTF-8,1,0,FOUNDSJJ,0,0
1779177328238,243,HTTP Request,200,,Thread Group 1-32,text,true,,365,437,14,14,http://localhost.com:7010/api/bbs/user/updateLikeState?articleId=26,,242,UTF-8,1,0,FOUNDSJJ,0,0
1779177328243,261,HTTP Request,200,,Thread Group 1-21,text,true,,365,437,15,15,http://localhost.com:7010/api/bbs/user/updateLikeState?articleId=26,,260,UTF-8,1,0,FOUNDSJJ,0,0
1779177328256,248,HTTP Request,200,,Thread Group 1-27,text,true,,365,437,15,15,http://localhost.com:7010/api/bbs/user/updateLikeState?articleId=26,,247,UTF-8,1,0,FOUNDSJJ,0,0
1779177328275,234,HTTP Request,200,,Thread Group 1-30,text,true,,365,437,14,14,http://localhost.com:7010/api/bbs/user/updateLikeState?articleId=26,,234,UTF-8,1,0,FOUNDSJJ,0,0
1779177328484,56,HTTP Request,200,,Thread Group 1-35,text,true,,819,270,14,14,http://localhost.com:7010/api/bbs/sso/login,,55,UTF-8,1,0,FOUNDSJJ,0,0
1779177328335,223,HTTP Request,200,,Thread Group 1-28,text,true,,365,437,14,14,http://localhost.com:7010/api/bbs/user/updateLikeState?articleId=26,,223,UTF-8,1,0,FOUNDSJJ,0,0
1779177328335,230,HTTP Request,200,,Thread Group 1-22,text,true,,365,437,14,14,http://localhost.com:7010/api/bbs/user/updateLikeState?articleId=26,,230,UTF-8,1,0,FOUNDSJJ,0,0
1779177328336,229,HTTP Request,200,,Thread Group 1-25,text,true,,365,437,14,14,http://localhost.com:7010/api/bbs/user/updateLikeState?articleId=26,,229,UTF-8,1,0,FOUNDSJJ,0,0
1779177328362,225,HTTP Request,200,,Thread Group 1-33,text,true,,365,437,14,14,http://localhost.com:7010/api/bbs/user/updateLikeState?articleId=26,,224,UTF-8,1,0,FOUNDSJJ,0,0
1779177328365,222,HTTP Request,200,,Thread Group 1-31,text,true,,365,437,14,14,http://localhost.com:7010/api/bbs/user/updateLikeState?articleId=26,,221,UTF-8,1,0,FOUNDSJJ,0,0
1779177328584,50,HTTP Request,200,,Thread Group 1-36,text,true,,819,270,14,14,http://localhost.com:7010/api/bbs/sso/login,,49,UTF-8,1,0,FOUNDSJJ,0,1
1779177328414,223,HTTP Request,200,,Thread Group 1-23,text,true,,365,437,14,14,http://localhost.com:7010/api/bbs/user/updateLikeState?articleId=26,,223,UTF-8,1,0,FOUNDSJJ,0,0
1779177328440,226,HTTP Request,200,,Thread Group 1-26,text,true,,365,437,13,13,http://localhost.com:7010/api/bbs/user/updateLikeState?articleId=26,,226,UTF-8,1,0,FOUNDSJJ,0,0
1779177328451,215,HTTP Request,200,,Thread Group 1-29,text,true,,365,437,13,13,http://localhost.com:7010/api/bbs/user/updateLikeState?articleId=26,,215,UTF-8,1,0,FOUNDSJJ,0,0
1779177328455,226,HTTP Request,200,,Thread Group 1-34,text,true,,365,437,13,13,http://localhost.com:7010/api/bbs/user/updateLikeState?articleId=26,,226,UTF-8,1,0,FOUNDSJJ,0,0
1779177328481,233,HTTP Request,200,,Thread Group 1-24,text,true,,365,437,14,14,http://localhost.com:7010/api/bbs/user/updateLikeState?articleId=26,,233,UTF-8,1,0,FOUNDSJJ,0,0
1779177328481,234,HTTP Request,200,,Thread Group 1-32,text,true,,365,437,14,14,http://localhost.com:7010/api/bbs/user/updateLikeState?articleId=26,,234,UTF-8,1,0,FOUNDSJJ,0,0
1779177328504,260,HTTP Request,200,,Thread Group 1-27,text,true,,365,437,13,13,http://localhost.com:7010/api/bbs/user/updateLikeState?articleId=26,,260,UTF-8,1,0,FOUNDSJJ,0,0
1779177328509,255,HTTP Request,200,,Thread Group 1-30,text,true,,365,437,13,13,http://localhost.com:7010/api/bbs/user/updateLikeState?articleId=26,,255,UTF-8,1,0,FOUNDSJJ,0,0
1779177328685,80,HTTP Request,200,,Thread Group 1-37,text,true,,819,270,13,13,http://localhost.com:7010/api/bbs/sso/login,,78,UTF-8,1,0,FOUNDSJJ,0,0
1779177328540,262,HTTP Request,200,,Thread Group 1-35,text,true,,365,437,14,14,http://localhost.com:7010/api/bbs/user/updateLikeState?articleId=26,,262,UTF-8,1,0,FOUNDSJJ,0,0
1779177328566,271,HTTP Request,200,,Thread Group 1-25,text,true,,365,437,14,14,http://localhost.com:7010/api/bbs/user/updateLikeState?articleId=26,,270,UTF-8,1,0,FOUNDSJJ,0,0
1779177328559,278,HTTP Request,200,,Thread Group 1-28,text,true,,365,437,14,14,http://localhost.com:7010/api/bbs/user/updateLikeState?articleId=26,,278,UTF-8,1,0,FOUNDSJJ,0,0
1779177328785,52,HTTP Request,200,,Thread Group 1-38,text,true,,819,270,14,14,http://localhost.com:7010/api/bbs/sso/login,,51,UTF-8,1,0,FOUNDSJJ,0,1
1779177328587,253,HTTP Request,200,,Thread Group 1-33,text,true,,365,437,13,13,http://localhost.com:7010/api/bbs/user/updateLikeState?articleId=26,,253,UTF-8,1,0,FOUNDSJJ,0,0
1779177328587,259,HTTP Request,200,,Thread Group 1-31,text,true,,365,437,13,13,http://localhost.com:7010/api/bbs/user/updateLikeState?articleId=26,,259,UTF-8,1,0,FOUNDSJJ,0,0
1779177328634,264,HTTP Request,200,,Thread Group 1-36,text,true,,365,437,14,14,http://localhost.com:7010/api/bbs/user/updateLikeState?articleId=26,,264,UTF-8,1,0,FOUNDSJJ,0,0
1779177328666,272,HTTP Request,200,,Thread Group 1-26,text,true,,365,437,14,14,http://localhost.com:7010/api/bbs/user/updateLikeState?articleId=26,,272,UTF-8,1,0,FOUNDSJJ,0,0
1779177328667,272,HTTP Request,200,,Thread Group 1-29,text,true,,365,437,14,14,http://localhost.com:7010/api/bbs/user/updateLikeState?articleId=26,,271,UTF-8,1,0,FOUNDSJJ,0,0
1779177328682,257,HTTP Request,200,,Thread Group 1-34,text,true,,365,437,14,14,http://localhost.com:7010/api/bbs/user/updateLikeState?articleId=26,,256,UTF-8,1,0,FOUNDSJJ,0,0
1779177328885,68,HTTP Request,200,,Thread Group 1-39,text,true,,819,270,13,13,http://localhost.com:7010/api/bbs/sso/login,,67,UTF-8,1,0,FOUNDSJJ,0,1
1779177328715,254,HTTP Request,200,,Thread Group 1-32,text,true,,365,437,13,13,http://localhost.com:7010/api/bbs/user/updateLikeState?articleId=26,,254,UTF-8,1,0,FOUNDSJJ,0,0
1779177328765,239,HTTP Request,200,,Thread Group 1-27,text,true,,365,437,14,14,http://localhost.com:7010/api/bbs/user/updateLikeState?articleId=26,,238,UTF-8,1,0,FOUNDSJJ,0,0
1779177328765,239,HTTP Request,200,,Thread Group 1-37,text,true,,365,437,14,14,http://localhost.com:7010/api/bbs/user/updateLikeState?articleId=26,,238,UTF-8,1,0,FOUNDSJJ,0,0
1779177328765,239,HTTP Request,200,,Thread Group 1-30,text,true,,365,437,14,14,http://localhost.com:7010/api/bbs/user/updateLikeState?articleId=26,,239,UTF-8,1,0,FOUNDSJJ,0,0
1779177328802,235,HTTP Request,200,,Thread Group 1-35,text,true,,365,437,13,13,http://localhost.com:7010/api/bbs/user/updateLikeState?articleId=26,,235,UTF-8,1,0,FOUNDSJJ,0,0
1779177328984,60,HTTP Request,200,,Thread Group 1-40,text,true,,819,270,13,13,http://localhost.com:7010/api/bbs/sso/login,,60,UTF-8,1,0,FOUNDSJJ,0,0
1779177328837,244,HTTP Request,200,,Thread Group 1-28,text,true,,365,437,13,13,http://localhost.com:7010/api/bbs/user/updateLikeState?articleId=26,,244,UTF-8,1,0,FOUNDSJJ,0,0
1779177328837,248,HTTP Request,200,,Thread Group 1-38,text,true,,365,437,13,13,http://localhost.com:7010/api/bbs/user/updateLikeState?articleId=26,,247,UTF-8,1,0,FOUNDSJJ,0,0
1779177328846,239,HTTP Request,200,,Thread Group 1-31,text,true,,365,437,13,13,http://localhost.com:7010/api/bbs/user/updateLikeState?articleId=26,,239,UTF-8,1,0,FOUNDSJJ,0,0
1779177328840,245,HTTP Request,200,,Thread Group 1-33,text,true,,365,437,13,13,http://localhost.com:7010/api/bbs/user/updateLikeState?articleId=26,,245,UTF-8,1,0,FOUNDSJJ,0,0
1779177329084,55,HTTP Request,200,,Thread Group 1-41,text,true,,819,270,13,13,http://localhost.com:7010/api/bbs/sso/login,,54,UTF-8,1,0,FOUNDSJJ,0,1
1779177328899,240,HTTP Request,200,,Thread Group 1-36,text,true,,365,437,13,13,http://localhost.com:7010/api/bbs/user/updateLikeState?articleId=26,,240,UTF-8,1,0,FOUNDSJJ,0,0
1779177328940,219,HTTP Request,200,,Thread Group 1-34,text,true,,365,437,13,13,http://localhost.com:7010/api/bbs/user/updateLikeState?articleId=26,,219,UTF-8,1,0,FOUNDSJJ,0,0
1779177328940,234,HTTP Request,200,,Thread Group 1-29,text,true,,365,437,13,13,http://localhost.com:7010/api/bbs/user/updateLikeState?articleId=26,,234,UTF-8,1,0,FOUNDSJJ,0,0
1779177328969,217,HTTP Request,200,,Thread Group 1-32,text,true,,365,437,13,13,http://localhost.com:7010/api/bbs/user/updateLikeState?articleId=26,,217,UTF-8,1,0,FOUNDSJJ,0,0
1779177328954,232,HTTP Request,200,,Thread Group 1-39,text,true,,365,437,13,13,http://localhost.com:7010/api/bbs/user/updateLikeState?articleId=26,,232,UTF-8,1,0,FOUNDSJJ,0,0
1779177329185,49,HTTP Request,200,,Thread Group 1-42,text,true,,819,270,13,13,http://localhost.com:7010/api/bbs/sso/login,,48,UTF-8,1,0,FOUNDSJJ,0,1
1779177329005,238,HTTP Request,200,,Thread Group 1-37,text,true,,365,437,13,13,http://localhost.com:7010/api/bbs/user/updateLikeState?articleId=26,,238,UTF-8,1,0,FOUNDSJJ,0,0
1779177329005,238,HTTP Request,200,,Thread Group 1-30,text,true,,365,437,13,13,http://localhost.com:7010/api/bbs/user/updateLikeState?articleId=26,,238,UTF-8,1,0,FOUNDSJJ,0,0
1779177329037,240,HTTP Request,200,,Thread Group 1-35,text,true,,365,437,12,12,http://localhost.com:7010/api/bbs/user/updateLikeState?articleId=26,,240,UTF-8,1,0,FOUNDSJJ,0,0
1779177329045,232,HTTP Request,200,,Thread Group 1-40,text,true,,365,437,12,12,http://localhost.com:7010/api/bbs/user/updateLikeState?articleId=26,,231,UTF-8,1,0,FOUNDSJJ,0,0
1779177329085,243,HTTP Request,200,,Thread Group 1-31,text,true,,365,437,13,13,http://localhost.com:7010/api/bbs/user/updateLikeState?articleId=26,,243,UTF-8,1,0,FOUNDSJJ,0,0
1779177329085,244,HTTP Request,200,,Thread Group 1-38,text,true,,365,437,12,12,http://localhost.com:7010/api/bbs/user/updateLikeState?articleId=26,,244,UTF-8,1,0,FOUNDSJJ,0,0
1779177329085,245,HTTP Request,200,,Thread Group 1-33,text,true,,365,437,12,12,http://localhost.com:7010/api/bbs/user/updateLikeState?articleId=26,,245,UTF-8,1,0,FOUNDSJJ,0,0
1779177329284,53,HTTP Request,200,,Thread Group 1-43,text,true,,819,270,12,12,http://localhost.com:7010/api/bbs/sso/login,,53,UTF-8,1,0,FOUNDSJJ,0,1
1779177329160,223,HTTP Request,200,,Thread Group 1-34,text,true,,365,437,12,12,http://localhost.com:7010/api/bbs/user/updateLikeState?articleId=26,,223,UTF-8,1,0,FOUNDSJJ,0,0
1779177329139,244,HTTP Request,200,,Thread Group 1-41,text,true,,365,437,12,12,http://localhost.com:7010/api/bbs/user/updateLikeState?articleId=26,,244,UTF-8,1,0,FOUNDSJJ,0,0
1779177329140,249,HTTP Request,200,,Thread Group 1-36,text,true,,365,437,13,13,http://localhost.com:7010/api/bbs/user/updateLikeState?articleId=26,,249,UTF-8,1,0,FOUNDSJJ,0,0
1779177329187,220,HTTP Request,200,,Thread Group 1-39,text,true,,365,437,13,13,http://localhost.com:7010/api/bbs/user/updateLikeState?articleId=26,,220,UTF-8,1,0,FOUNDSJJ,0,0
1779177329187,229,HTTP Request,200,,Thread Group 1-32,text,true,,365,437,13,13,http://localhost.com:7010/api/bbs/user/updateLikeState?articleId=26,,228,UTF-8,1,0,FOUNDSJJ,0,0
1779177329385,55,HTTP Request,200,,Thread Group 1-44,text,true,,819,270,12,12,http://localhost.com:7010/api/bbs/sso/login,,55,UTF-8,1,0,FOUNDSJJ,0,0
1779177329243,229,HTTP Request,200,,Thread Group 1-37,text,true,,365,437,12,12,http://localhost.com:7010/api/bbs/user/updateLikeState?articleId=26,,229,UTF-8,1,0,FOUNDSJJ,0,0
1779177329235,238,HTTP Request,200,,Thread Group 1-42,text,true,,365,437,12,12,http://localhost.com:7010/api/bbs/user/updateLikeState?articleId=26,,238,UTF-8,1,0,FOUNDSJJ,0,0
1779177329487,58,HTTP Request,200,,Thread Group 1-45,text,true,,819,270,13,13,http://localhost.com:7010/api/bbs/sso/login,,57,UTF-8,1,0,FOUNDSJJ,0,1
1779177329277,268,HTTP Request,200,,Thread Group 1-35,text,true,,365,437,13,13,http://localhost.com:7010/api/bbs/user/updateLikeState?articleId=26,,268,UTF-8,1,0,FOUNDSJJ,0,0
1779177329277,269,HTTP Request,200,,Thread Group 1-40,text,true,,365,437,13,13,http://localhost.com:7010/api/bbs/user/updateLikeState?articleId=26,,269,UTF-8,1,0,FOUNDSJJ,0,0
1779177329330,244,HTTP Request,200,,Thread Group 1-33,text,true,,365,437,13,13,http://localhost.com:7010/api/bbs/user/updateLikeState?articleId=26,,244,UTF-8,1,0,FOUNDSJJ,0,0
1779177329330,251,HTTP Request,200,,Thread Group 1-38,text,true,,365,437,12,12,http://localhost.com:7010/api/bbs/user/updateLikeState?articleId=26,,251,UTF-8,1,0,FOUNDSJJ,0,0
1779177329338,243,HTTP Request,200,,Thread Group 1-43,text,true,,365,437,12,12,http://localhost.com:7010/api/bbs/user/updateLikeState?articleId=26,,243,UTF-8,1,0,FOUNDSJJ,0,0
1779177329587,73,HTTP Request,200,,Thread Group 1-46,text,true,,819,270,13,13,http://localhost.com:7010/api/bbs/sso/login,,72,UTF-8,1,0,FOUNDSJJ,0,1
1779177329384,305,HTTP Request,200,,Thread Group 1-34,text,true,,365,437,14,14,http://localhost.com:7010/api/bbs/user/updateLikeState?articleId=26,,305,UTF-8,1,0,FOUNDSJJ,0,0
1779177329384,306,HTTP Request,200,,Thread Group 1-41,text,true,,365,437,14,14,http://localhost.com:7010/api/bbs/user/updateLikeState?articleId=26,,306,UTF-8,1,0,FOUNDSJJ,0,0
1779177329389,302,HTTP Request,200,,Thread Group 1-36,text,true,,365,437,13,13,http://localhost.com:7010/api/bbs/user/updateLikeState?articleId=26,,302,UTF-8,1,0,FOUNDSJJ,0,0
1779177329408,318,HTTP Request,200,,Thread Group 1-39,text,true,,365,437,13,13,http://localhost.com:7010/api/bbs/user/updateLikeState?articleId=26,,317,UTF-8,1,0,FOUNDSJJ,0,0
1779177329684,53,HTTP Request,200,,Thread Group 1-47,text,true,,819,270,13,13,http://localhost.com:7010/api/bbs/sso/login,,52,UTF-8,1,0,FOUNDSJJ,0,1
1779177329474,285,HTTP Request,200,,Thread Group 1-42,text,true,,365,437,13,13,http://localhost.com:7010/api/bbs/user/updateLikeState?articleId=26,,285,UTF-8,1,0,FOUNDSJJ,0,0
1779177329441,319,HTTP Request,200,,Thread Group 1-44,text,true,,365,437,13,13,http://localhost.com:7010/api/bbs/user/updateLikeState?articleId=26,,318,UTF-8,1,0,FOUNDSJJ,0,0
1779177329473,287,HTTP Request,200,,Thread Group 1-37,text,true,,365,437,13,13,http://localhost.com:7010/api/bbs/user/updateLikeState?articleId=26,,287,UTF-8,1,0,FOUNDSJJ,0,0
1779177329547,298,HTTP Request,200,,Thread Group 1-40,text,true,,365,437,14,14,http://localhost.com:7010/api/bbs/user/updateLikeState?articleId=26,,298,UTF-8,1,0,FOUNDSJJ,0,0
1779177329785,60,HTTP Request,200,,Thread Group 1-48,text,true,,819,270,14,14,http://localhost.com:7010/api/bbs/sso/login,,59,UTF-8,1,0,FOUNDSJJ,0,1
1779177329546,300,HTTP Request,200,,Thread Group 1-45,text,true,,365,437,14,14,http://localhost.com:7010/api/bbs/user/updateLikeState?articleId=26,,299,UTF-8,1,0,FOUNDSJJ,0,0
1779177329582,297,HTTP Request,200,,Thread Group 1-43,text,true,,365,437,14,14,http://localhost.com:7010/api/bbs/user/updateLikeState?articleId=26,,296,UTF-8,1,0,FOUNDSJJ,0,0
1779177329546,333,HTTP Request,200,,Thread Group 1-35,text,true,,365,437,14,14,http://localhost.com:7010/api/bbs/user/updateLikeState?articleId=26,,333,UTF-8,1,0,FOUNDSJJ,0,0
1779177329581,299,HTTP Request,200,,Thread Group 1-38,text,true,,365,437,14,14,http://localhost.com:7010/api/bbs/user/updateLikeState?articleId=26,,299,UTF-8,1,0,FOUNDSJJ,0,0
1779177329660,255,HTTP Request,200,,Thread Group 1-46,text,true,,365,437,14,14,http://localhost.com:7010/api/bbs/user/updateLikeState?articleId=26,,255,UTF-8,1,0,FOUNDSJJ,0,0
1779177329885,58,HTTP Request,200,,Thread Group 1-49,text,true,,819,270,14,14,http://localhost.com:7010/api/bbs/sso/login,,56,UTF-8,1,0,FOUNDSJJ,0,0
1779177329691,252,HTTP Request,200,,Thread Group 1-36,text,true,,365,437,14,14,http://localhost.com:7010/api/bbs/user/updateLikeState?articleId=26,,252,UTF-8,1,0,FOUNDSJJ,0,0
1779177329690,260,HTTP Request,200,,Thread Group 1-41,text,true,,365,437,13,13,http://localhost.com:7010/api/bbs/user/updateLikeState?articleId=26,,259,UTF-8,1,0,FOUNDSJJ,0,0
1779177329726,251,HTTP Request,200,,Thread Group 1-39,text,true,,365,437,13,13,http://localhost.com:7010/api/bbs/user/updateLikeState?articleId=26,,251,UTF-8,1,0,FOUNDSJJ,0,0
1779177329738,262,HTTP Request,200,,Thread Group 1-47,text,true,,365,437,14,14,http://localhost.com:7010/api/bbs/user/updateLikeState?articleId=26,,262,UTF-8,1,0,FOUNDSJJ,0,0
1779177329761,270,HTTP Request,200,,Thread Group 1-44,text,true,,365,437,14,14,http://localhost.com:7010/api/bbs/user/updateLikeState?articleId=26,,270,UTF-8,1,0,FOUNDSJJ,0,0
1779177329760,272,HTTP Request,200,,Thread Group 1-42,text,true,,365,437,14,14,http://localhost.com:7010/api/bbs/user/updateLikeState?articleId=26,,271,UTF-8,1,0,FOUNDSJJ,0,0
1779177329761,271,HTTP Request,200,,Thread Group 1-37,text,true,,365,437,14,14,http://localhost.com:7010/api/bbs/user/updateLikeState?articleId=26,,271,UTF-8,1,0,FOUNDSJJ,0,0
1779177329985,53,HTTP Request,200,,Thread Group 1-50,text,true,,819,270,13,13,http://localhost.com:7010/api/bbs/sso/login,,52,UTF-8,1,0,FOUNDSJJ,0,1
1779177329845,246,HTTP Request,200,,Thread Group 1-40,text,true,,365,437,14,14,http://localhost.com:7010/api/bbs/user/updateLikeState?articleId=26,,246,UTF-8,1,0,FOUNDSJJ,0,0
1779177329845,247,HTTP Request,200,,Thread Group 1-48,text,true,,365,437,14,14,http://localhost.com:7010/api/bbs/user/updateLikeState?articleId=26,,246,UTF-8,1,0,FOUNDSJJ,0,0
1779177329846,246,HTTP Request,200,,Thread Group 1-45,text,true,,365,437,14,14,http://localhost.com:7010/api/bbs/user/updateLikeState?articleId=26,,246,UTF-8,1,0,FOUNDSJJ,0,0
1779177329880,224,HTTP Request,200,,Thread Group 1-38,text,true,,365,437,14,14,http://localhost.com:7010/api/bbs/user/updateLikeState?articleId=26,,224,UTF-8,1,0,FOUNDSJJ,0,0
1779177329879,232,HTTP Request,200,,Thread Group 1-43,text,true,,365,437,13,13,http://localhost.com:7010/api/bbs/user/updateLikeState?articleId=26,,232,UTF-8,1,0,FOUNDSJJ,0,0
1779177329916,224,HTTP Request,200,,Thread Group 1-46,text,true,,365,437,13,13,http://localhost.com:7010/api/bbs/user/updateLikeState?articleId=26,,224,UTF-8,1,0,FOUNDSJJ,0,0
1779177330085,87,HTTP Request,200,,Thread Group 1-51,text,true,,819,270,13,13,http://localhost.com:7010/api/bbs/sso/login,,86,UTF-8,1,0,FOUNDSJJ,0,0
1779177329956,216,HTTP Request,200,,Thread Group 1-41,text,true,,365,437,13,13,http://localhost.com:7010/api/bbs/user/updateLikeState?articleId=26,,216,UTF-8,1,0,FOUNDSJJ,0,0
1779177329943,229,HTTP Request,200,,Thread Group 1-49,text,true,,365,437,13,13,http://localhost.com:7010/api/bbs/user/updateLikeState?articleId=26,,229,UTF-8,1,0,FOUNDSJJ,0,0
1779177329977,243,HTTP Request,200,,Thread Group 1-39,text,true,,365,437,14,14,http://localhost.com:7010/api/bbs/user/updateLikeState?articleId=26,,243,UTF-8,1,0,FOUNDSJJ,0,0
1779177330001,232,HTTP Request,200,,Thread Group 1-47,text,true,,365,437,13,13,http://localhost.com:7010/api/bbs/user/updateLikeState?articleId=26,,232,UTF-8,1,0,FOUNDSJJ,0,0
1779177330186,49,HTTP Request,200,,Thread Group 1-52,text,true,,819,270,13,13,http://localhost.com:7010/api/bbs/sso/login,,48,UTF-8,1,0,FOUNDSJJ,0,0
1779177330032,246,HTTP Request,200,,Thread Group 1-44,text,true,,365,437,13,13,http://localhost.com:7010/api/bbs/user/updateLikeState?articleId=26,,245,UTF-8,1,0,FOUNDSJJ,0,0
1779177330038,242,HTTP Request,200,,Thread Group 1-50,text,true,,365,437,13,13,http://localhost.com:7010/api/bbs/user/updateLikeState?articleId=26,,242,UTF-8,1,0,FOUNDSJJ,0,0
1779177330032,260,HTTP Request,200,,Thread Group 1-42,text,true,,365,437,14,14,http://localhost.com:7010/api/bbs/user/updateLikeState?articleId=26,,260,UTF-8,1,0,FOUNDSJJ,0,0
1779177330092,232,HTTP Request,200,,Thread Group 1-48,text,true,,365,437,14,14,http://localhost.com:7010/api/bbs/user/updateLikeState?articleId=26,,232,UTF-8,1,0,FOUNDSJJ,0,0
1779177330092,241,HTTP Request,200,,Thread Group 1-40,text,true,,365,437,14,14,http://localhost.com:7010/api/bbs/user/updateLikeState?articleId=26,,241,UTF-8,1,0,FOUNDSJJ,0,0
1779177330093,241,HTTP Request,200,,Thread Group 1-45,text,true,,365,437,14,14,http://localhost.com:7010/api/bbs/user/updateLikeState?articleId=26,,241,UTF-8,1,0,FOUNDSJJ,0,0
1779177330111,223,HTTP Request,200,,Thread Group 1-43,text,true,,365,437,14,14,http://localhost.com:7010/api/bbs/user/updateLikeState?articleId=26,,223,UTF-8,1,0,FOUNDSJJ,0,0
1779177330286,66,HTTP Request,200,,Thread Group 1-53,text,true,,819,270,13,13,http://localhost.com:7010/api/bbs/sso/login,,64,UTF-8,1,0,FOUNDSJJ,0,1
1779177330141,224,HTTP Request,200,,Thread Group 1-46,text,true,,365,437,13,13,http://localhost.com:7010/api/bbs/user/updateLikeState?articleId=26,,223,UTF-8,1,0,FOUNDSJJ,0,0
1779177330173,240,HTTP Request,200,,Thread Group 1-49,text,true,,365,437,14,14,http://localhost.com:7010/api/bbs/user/updateLikeState?articleId=26,,239,UTF-8,1,0,FOUNDSJJ,0,0
1779177330172,241,HTTP Request,200,,Thread Group 1-51,text,true,,365,437,14,14,http://localhost.com:7010/api/bbs/user/updateLikeState?articleId=26,,241,UTF-8,1,0,FOUNDSJJ,0,0
1779177330172,241,HTTP Request,200,,Thread Group 1-41,text,true,,365,437,14,14,http://localhost.com:7010/api/bbs/user/updateLikeState?articleId=26,,241,UTF-8,1,0,FOUNDSJJ,0,0
1779177330385,59,HTTP Request,200,,Thread Group 1-54,text,true,,819,270,13,13,http://localhost.com:7010/api/bbs/sso/login,,58,UTF-8,1,0,FOUNDSJJ,0,0
1779177330234,239,HTTP Request,200,,Thread Group 1-47,text,true,,365,437,13,13,http://localhost.com:7010/api/bbs/user/updateLikeState?articleId=26,,239,UTF-8,1,0,FOUNDSJJ,0,0
1779177330235,238,HTTP Request,200,,Thread Group 1-52,text,true,,365,437,13,13,http://localhost.com:7010/api/bbs/user/updateLikeState?articleId=26,,238,UTF-8,1,0,FOUNDSJJ,0,0
1779177330281,235,HTTP Request,200,,Thread Group 1-50,text,true,,365,437,14,14,http://localhost.com:7010/api/bbs/user/updateLikeState?articleId=26,,235,UTF-8,1,0,FOUNDSJJ,0,0
1779177330292,230,HTTP Request,200,,Thread Group 1-42,text,true,,365,437,14,14,http://localhost.com:7010/api/bbs/user/updateLikeState?articleId=26,,230,UTF-8,1,0,FOUNDSJJ,0,0
1779177330278,245,HTTP Request,200,,Thread Group 1-44,text,true,,365,437,14,14,http://localhost.com:7010/api/bbs/user/updateLikeState?articleId=26,,245,UTF-8,1,0,FOUNDSJJ,0,0
1779177330485,50,HTTP Request,200,,Thread Group 1-55,text,true,,819,270,13,13,http://localhost.com:7010/api/bbs/sso/login,,49,UTF-8,1,0,FOUNDSJJ,0,1
1779177330335,232,HTTP Request,200,,Thread Group 1-45,text,true,,365,437,13,13,http://localhost.com:7010/api/bbs/user/updateLikeState?articleId=26,,231,UTF-8,1,0,FOUNDSJJ,0,0
1779177330325,247,HTTP Request,200,,Thread Group 1-48,text,true,,365,437,13,13,http://localhost.com:7010/api/bbs/user/updateLikeState?articleId=26,,247,UTF-8,1,0,FOUNDSJJ,0,0
1779177330352,220,HTTP Request,200,,Thread Group 1-53,text,true,,365,437,13,13,http://localhost.com:7010/api/bbs/user/updateLikeState?articleId=26,,220,UTF-8,1,0,FOUNDSJJ,0,0
1779177330335,237,HTTP Request,200,,Thread Group 1-43,text,true,,365,437,13,13,http://localhost.com:7010/api/bbs/user/updateLikeState?articleId=26,,237,UTF-8,1,0,FOUNDSJJ,0,0
1779177330365,237,HTTP Request,200,,Thread Group 1-46,text,true,,365,437,13,13,http://localhost.com:7010/api/bbs/user/updateLikeState?articleId=26,,236,UTF-8,1,0,FOUNDSJJ,0,0
1779177330585,69,HTTP Request,200,,Thread Group 1-56,text,true,,819,270,13,13,http://localhost.com:7010/api/bbs/sso/login,,69,UTF-8,1,0,FOUNDSJJ,0,1
1779177330414,258,HTTP Request,200,,Thread Group 1-49,text,true,,365,437,13,13,http://localhost.com:7010/api/bbs/user/updateLikeState?articleId=26,,258,UTF-8,1,0,FOUNDSJJ,0,0
1779177330414,258,HTTP Request,200,,Thread Group 1-51,text,true,,365,437,13,13,http://localhost.com:7010/api/bbs/user/updateLikeState?articleId=26,,258,UTF-8,1,0,FOUNDSJJ,0,0
1779177330474,236,HTTP Request,200,,Thread Group 1-52,text,true,,365,437,14,14,http://localhost.com:7010/api/bbs/user/updateLikeState?articleId=26,,236,UTF-8,1,0,FOUNDSJJ,0,0
1779177330444,266,HTTP Request,200,,Thread Group 1-54,text,true,,365,437,14,14,http://localhost.com:7010/api/bbs/user/updateLikeState?articleId=26,,266,UTF-8,1,0,FOUNDSJJ,0,0
1779177330473,237,HTTP Request,200,,Thread Group 1-47,text,true,,365,437,14,14,http://localhost.com:7010/api/bbs/user/updateLikeState?articleId=26,,237,UTF-8,1,0,FOUNDSJJ,0,0
1779177330685,58,HTTP Request,200,,Thread Group 1-57,text,true,,819,270,14,14,http://localhost.com:7010/api/bbs/sso/login,,57,UTF-8,1,0,FOUNDSJJ,0,1
1779177330536,275,HTTP Request,200,,Thread Group 1-55,text,true,,365,437,15,15,http://localhost.com:7010/api/bbs/user/updateLikeState?articleId=26,,274,UTF-8,1,0,FOUNDSJJ,0,0
1779177330516,295,HTTP Request,200,,Thread Group 1-50,text,true,,365,437,15,15,http://localhost.com:7010/api/bbs/user/updateLikeState?articleId=26,,295,UTF-8,1,0,FOUNDSJJ,0,0
1779177330567,244,HTTP Request,200,,Thread Group 1-45,text,true,,365,437,15,15,http://localhost.com:7010/api/bbs/user/updateLikeState?articleId=26,,244,UTF-8,1,0,FOUNDSJJ,0,0
1779177330523,288,HTTP Request,200,,Thread Group 1-44,text,true,,365,437,15,15,http://localhost.com:7010/api/bbs/user/updateLikeState?articleId=26,,288,UTF-8,1,0,FOUNDSJJ,0,0
1779177330572,259,HTTP Request,200,,Thread Group 1-53,text,true,,365,437,13,13,http://localhost.com:7010/api/bbs/user/updateLikeState?articleId=26,,258,UTF-8,1,0,FOUNDSJJ,0,0
1779177330785,55,HTTP Request,200,,Thread Group 1-58,text,true,,819,270,13,13,http://localhost.com:7010/api/bbs/sso/login,,54,UTF-8,1,0,FOUNDSJJ,0,1
1779177330602,241,HTTP Request,200,,Thread Group 1-46,text,true,,365,437,13,13,http://localhost.com:7010/api/bbs/user/updateLikeState?articleId=26,,241,UTF-8,1,0,FOUNDSJJ,0,0
1779177330572,300,HTTP Request,200,,Thread Group 1-48,text,true,,365,437,12,12,http://localhost.com:7010/api/bbs/user/updateLikeState?articleId=26,,300,UTF-8,1,0,FOUNDSJJ,0,0
1779177330673,241,HTTP Request,200,,Thread Group 1-51,text,true,,365,437,13,13,http://localhost.com:7010/api/bbs/user/updateLikeState?articleId=26,,241,UTF-8,1,0,FOUNDSJJ,0,0
1779177330655,259,HTTP Request,200,,Thread Group 1-56,text,true,,365,437,13,13,http://localhost.com:7010/api/bbs/user/updateLikeState?articleId=26,,259,UTF-8,1,0,FOUNDSJJ,0,0
1779177330672,259,HTTP Request,200,,Thread Group 1-49,text,true,,365,437,13,13,http://localhost.com:7010/api/bbs/user/updateLikeState?articleId=26,,259,UTF-8,1,0,FOUNDSJJ,0,0
1779177330885,59,HTTP Request,200,,Thread Group 1-59,text,true,,819,270,13,13,http://localhost.com:7010/api/bbs/sso/login,,58,UTF-8,1,0,FOUNDSJJ,0,1
1779177330710,249,HTTP Request,200,,Thread Group 1-52,text,true,,365,437,13,13,http://localhost.com:7010/api/bbs/user/updateLikeState?articleId=26,,249,UTF-8,1,0,FOUNDSJJ,0,0
1779177330711,255,HTTP Request,200,,Thread Group 1-54,text,true,,365,437,13,13,http://localhost.com:7010/api/bbs/user/updateLikeState?articleId=26,,255,UTF-8,1,0,FOUNDSJJ,0,0
1779177330711,255,HTTP Request,200,,Thread Group 1-47,text,true,,365,437,13,13,http://localhost.com:7010/api/bbs/user/updateLikeState?articleId=26,,255,UTF-8,1,0,FOUNDSJJ,0,0
1779177330744,248,HTTP Request,200,,Thread Group 1-57,text,true,,365,437,13,13,http://localhost.com:7010/api/bbs/user/updateLikeState?articleId=26,,248,UTF-8,1,0,FOUNDSJJ,0,0
1779177330811,234,HTTP Request,200,,Thread Group 1-55,text,true,,365,437,13,13,http://localhost.com:7010/api/bbs/user/updateLikeState?articleId=26,,234,UTF-8,1,0,FOUNDSJJ,0,0
1779177330812,235,HTTP Request,200,,Thread Group 1-50,text,true,,365,437,13,13,http://localhost.com:7010/api/bbs/user/updateLikeState?articleId=26,,234,UTF-8,1,0,FOUNDSJJ,0,0
1779177330984,72,HTTP Request,200,,Thread Group 1-60,text,true,,819,270,13,13,http://localhost.com:7010/api/bbs/sso/login,,71,UTF-8,1,0,FOUNDSJJ,0,1
1779177330840,222,HTTP Request,200,,Thread Group 1-58,text,true,,365,437,13,13,http://localhost.com:7010/api/bbs/user/updateLikeState?articleId=26,,222,UTF-8,1,0,FOUNDSJJ,0,0
1779177330831,246,HTTP Request,200,,Thread Group 1-53,text,true,,365,437,13,13,http://localhost.com:7010/api/bbs/user/updateLikeState?articleId=26,,245,UTF-8,1,0,FOUNDSJJ,0,0
1779177330873,218,HTTP Request,200,,Thread Group 1-48,text,true,,365,437,14,14,http://localhost.com:7010/api/bbs/user/updateLikeState?articleId=26,,218,UTF-8,1,0,FOUNDSJJ,0,0
1779177331085,55,HTTP Request,200,,Thread Group 1-61,text,true,,819,270,13,13,http://localhost.com:7010/api/bbs/sso/login,,54,UTF-8,1,0,FOUNDSJJ,0,1
1779177330932,233,HTTP Request,200,,Thread Group 1-49,text,true,,365,437,13,13,http://localhost.com:7010/api/bbs/user/updateLikeState?articleId=26,,232,UTF-8,1,0,FOUNDSJJ,0,0
1779177330914,251,HTTP Request,200,,Thread Group 1-51,text,true,,365,437,12,12,http://localhost.com:7010/api/bbs/user/updateLikeState?articleId=26,,251,UTF-8,1,0,FOUNDSJJ,0,0
1779177330915,251,HTTP Request,200,,Thread Group 1-56,text,true,,365,437,12,12,http://localhost.com:7010/api/bbs/user/updateLikeState?articleId=26,,251,UTF-8,1,0,FOUNDSJJ,0,0
1779177330944,246,HTTP Request,200,,Thread Group 1-59,text,true,,365,437,13,13,http://localhost.com:7010/api/bbs/user/updateLikeState?articleId=26,,246,UTF-8,1,0,FOUNDSJJ,0,0
1779177330959,263,HTTP Request,200,,Thread Group 1-52,text,true,,365,437,13,13,http://localhost.com:7010/api/bbs/user/updateLikeState?articleId=26,,263,UTF-8,1,0,FOUNDSJJ,0,0
1779177330966,256,HTTP Request,200,,Thread Group 1-54,text,true,,365,437,13,13,http://localhost.com:7010/api/bbs/user/updateLikeState?articleId=26,,256,UTF-8,1,0,FOUNDSJJ,0,0
1779177330992,238,HTTP Request,200,,Thread Group 1-57,text,true,,365,437,13,13,http://localhost.com:7010/api/bbs/user/updateLikeState?articleId=26,,238,UTF-8,1,0,FOUNDSJJ,0,0
1779177331186,52,HTTP Request,200,,Thread Group 1-62,text,true,,819,270,13,13,http://localhost.com:7010/api/bbs/sso/login,,51,UTF-8,1,0,FOUNDSJJ,0,1
1779177331046,240,HTTP Request,200,,Thread Group 1-55,text,true,,365,437,14,14,http://localhost.com:7010/api/bbs/user/updateLikeState?articleId=26,,240,UTF-8,1,0,FOUNDSJJ,0,0
1779177331047,245,HTTP Request,200,,Thread Group 1-50,text,true,,365,437,14,14,http://localhost.com:7010/api/bbs/user/updateLikeState?articleId=26,,245,UTF-8,1,0,FOUNDSJJ,0,0
1779177331063,251,HTTP Request,200,,Thread Group 1-58,text,true,,365,437,13,13,http://localhost.com:7010/api/bbs/user/updateLikeState?articleId=26,,251,UTF-8,1,0,FOUNDSJJ,0,0
1779177331077,238,HTTP Request,200,,Thread Group 1-53,text,true,,365,437,13,13,http://localhost.com:7010/api/bbs/user/updateLikeState?articleId=26,,237,UTF-8,1,0,FOUNDSJJ,0,0
1779177331057,257,HTTP Request,200,,Thread Group 1-60,text,true,,365,437,13,13,http://localhost.com:7010/api/bbs/user/updateLikeState?articleId=26,,257,UTF-8,1,0,FOUNDSJJ,0,0
1779177331286,59,HTTP Request,200,,Thread Group 1-63,text,true,,819,270,13,13,http://localhost.com:7010/api/bbs/sso/login,,58,UTF-8,1,0,FOUNDSJJ,0,1
1779177331166,231,HTTP Request,200,,Thread Group 1-51,text,true,,365,437,14,14,http://localhost.com:7010/api/bbs/user/updateLikeState?articleId=26,,231,UTF-8,1,0,FOUNDSJJ,0,0
1779177331140,266,HTTP Request,200,,Thread Group 1-61,text,true,,365,437,13,13,http://localhost.com:7010/api/bbs/user/updateLikeState?articleId=26,,266,UTF-8,1,0,FOUNDSJJ,0,0
1779177331166,240,HTTP Request,200,,Thread Group 1-56,text,true,,365,437,13,13,http://localhost.com:7010/api/bbs/user/updateLikeState?articleId=26,,240,UTF-8,1,0,FOUNDSJJ,0,0
1779177331191,230,HTTP Request,200,,Thread Group 1-59,text,true,,365,437,13,13,http://localhost.com:7010/api/bbs/user/updateLikeState?articleId=26,,230,UTF-8,1,0,FOUNDSJJ,0,0
1779177331386,50,HTTP Request,200,,Thread Group 1-64,text,true,,819,270,13,13,http://localhost.com:7010/api/bbs/sso/login,,50,UTF-8,1,0,FOUNDSJJ,0,2
1779177331223,231,HTTP Request,200,,Thread Group 1-54,text,true,,365,437,13,13,http://localhost.com:7010/api/bbs/user/updateLikeState?articleId=26,,231,UTF-8,1,0,FOUNDSJJ,0,0
1779177331238,228,HTTP Request,200,,Thread Group 1-62,text,true,,365,437,13,13,http://localhost.com:7010/api/bbs/user/updateLikeState?articleId=26,,228,UTF-8,1,0,FOUNDSJJ,0,0
1779177331222,253,HTTP Request,200,,Thread Group 1-52,text,true,,365,437,13,13,http://localhost.com:7010/api/bbs/user/updateLikeState?articleId=26,,253,UTF-8,1,0,FOUNDSJJ,0,0
1779177331230,245,HTTP Request,200,,Thread Group 1-57,text,true,,365,437,12,12,http://localhost.com:7010/api/bbs/user/updateLikeState?articleId=26,,245,UTF-8,1,0,FOUNDSJJ,0,0
1779177331287,219,HTTP Request,200,,Thread Group 1-55,text,true,,365,437,13,13,http://localhost.com:7010/api/bbs/user/updateLikeState?articleId=26,,219,UTF-8,1,0,FOUNDSJJ,0,0
1779177331315,214,HTTP Request,200,,Thread Group 1-53,text,true,,365,437,13,13,http://localhost.com:7010/api/bbs/user/updateLikeState?articleId=26,,214,UTF-8,1,0,FOUNDSJJ,0,0
1779177331315,220,HTTP Request,200,,Thread Group 1-58,text,true,,365,437,12,12,http://localhost.com:7010/api/bbs/user/updateLikeState?articleId=26,,220,UTF-8,1,0,FOUNDSJJ,0,0
1779177331315,227,HTTP Request,200,,Thread Group 1-60,text,true,,365,437,12,12,http://localhost.com:7010/api/bbs/user/updateLikeState?articleId=26,,227,UTF-8,1,0,FOUNDSJJ,0,0
1779177331487,58,HTTP Request,200,,Thread Group 1-65,text,true,,819,270,12,12,http://localhost.com:7010/api/bbs/sso/login,,58,UTF-8,1,0,FOUNDSJJ,0,1
1779177331346,230,HTTP Request,200,,Thread Group 1-63,text,true,,365,437,12,12,http://localhost.com:7010/api/bbs/user/updateLikeState?articleId=26,,230,UTF-8,1,0,FOUNDSJJ,0,0
1779177331407,210,HTTP Request,200,,Thread Group 1-61,text,true,,365,437,13,13,http://localhost.com:7010/api/bbs/user/updateLikeState?articleId=26,,210,UTF-8,1,0,FOUNDSJJ,0,0
1779177331407,211,HTTP Request,200,,Thread Group 1-56,text,true,,365,437,13,13,http://localhost.com:7010/api/bbs/user/updateLikeState?articleId=26,,211,UTF-8,1,0,FOUNDSJJ,0,0
1779177331421,214,HTTP Request,200,,Thread Group 1-59,text,true,,365,437,13,13,http://localhost.com:7010/api/bbs/user/updateLikeState?articleId=26,,214,UTF-8,1,0,FOUNDSJJ,0,0
1779177331584,52,HTTP Request,200,,Thread Group 1-66,text,true,,819,270,13,13,http://localhost.com:7010/api/bbs/sso/login,,51,UTF-8,1,0,FOUNDSJJ,0,1
1779177331437,232,HTTP Request,200,,Thread Group 1-64,text,true,,365,437,13,13,http://localhost.com:7010/api/bbs/user/updateLikeState?articleId=26,,232,UTF-8,1,0,FOUNDSJJ,0,0
1779177331455,220,HTTP Request,200,,Thread Group 1-54,text,true,,365,437,13,13,http://localhost.com:7010/api/bbs/user/updateLikeState?articleId=26,,220,UTF-8,1,0,FOUNDSJJ,0,0
1779177331476,221,HTTP Request,200,,Thread Group 1-57,text,true,,365,437,13,13,http://localhost.com:7010/api/bbs/user/updateLikeState?articleId=26,,220,UTF-8,1,0,FOUNDSJJ,0,0
1779177331466,231,HTTP Request,200,,Thread Group 1-62,text,true,,365,437,13,13,http://localhost.com:7010/api/bbs/user/updateLikeState?articleId=26,,231,UTF-8,1,0,FOUNDSJJ,0,0
1779177331684,64,HTTP Request,200,,Thread Group 1-67,text,true,,819,270,13,13,http://localhost.com:7010/api/bbs/sso/login,,63,UTF-8,1,0,FOUNDSJJ,0,1
1779177331507,249,HTTP Request,200,,Thread Group 1-55,text,true,,365,437,13,13,http://localhost.com:7010/api/bbs/user/updateLikeState?articleId=26,,249,UTF-8,1,0,FOUNDSJJ,0,0
1779177331542,241,HTTP Request,200,,Thread Group 1-60,text,true,,365,437,12,12,http://localhost.com:7010/api/bbs/user/updateLikeState?articleId=26,,241,UTF-8,1,0,FOUNDSJJ,0,0
1779177331535,265,HTTP Request,200,,Thread Group 1-58,text,true,,365,437,13,13,http://localhost.com:7010/api/bbs/user/updateLikeState?articleId=26,,264,UTF-8,1,0,FOUNDSJJ,0,0
1779177331546,254,HTTP Request,200,,Thread Group 1-65,text,true,,365,437,13,13,http://localhost.com:7010/api/bbs/user/updateLikeState?articleId=26,,254,UTF-8,1,0,FOUNDSJJ,0,0
1779177331576,245,HTTP Request,200,,Thread Group 1-63,text,true,,365,437,13,13,http://localhost.com:7010/api/bbs/user/updateLikeState?articleId=26,,244,UTF-8,1,0,FOUNDSJJ,0,0
1779177331618,217,HTTP Request,200,,Thread Group 1-56,text,true,,365,437,13,13,http://localhost.com:7010/api/bbs/user/updateLikeState?articleId=26,,217,UTF-8,1,0,FOUNDSJJ,0,0
1779177331784,59,HTTP Request,200,,Thread Group 1-68,text,true,,819,270,12,12,http://localhost.com:7010/api/bbs/sso/login,,58,UTF-8,1,0,FOUNDSJJ,0,1
1779177331618,240,HTTP Request,200,,Thread Group 1-61,text,true,,365,437,12,12,http://localhost.com:7010/api/bbs/user/updateLikeState?articleId=26,,240,UTF-8,1,0,FOUNDSJJ,0,0
1779177331636,229,HTTP Request,200,,Thread Group 1-59,text,true,,365,437,12,12,http://localhost.com:7010/api/bbs/user/updateLikeState?articleId=26,,229,UTF-8,1,0,FOUNDSJJ,0,0
1779177331636,230,HTTP Request,200,,Thread Group 1-66,text,true,,365,437,12,12,http://localhost.com:7010/api/bbs/user/updateLikeState?articleId=26,,230,UTF-8,1,0,FOUNDSJJ,0,0
1779177331669,244,HTTP Request,200,,Thread Group 1-64,text,true,,365,437,13,13,http://localhost.com:7010/api/bbs/user/updateLikeState?articleId=26,,244,UTF-8,1,0,FOUNDSJJ,0,0
1779177331697,243,HTTP Request,200,,Thread Group 1-57,text,true,,365,437,13,13,http://localhost.com:7010/api/bbs/user/updateLikeState?articleId=26,,243,UTF-8,1,0,FOUNDSJJ,0,0
1779177331698,243,HTTP Request,200,,Thread Group 1-62,text,true,,365,437,13,13,http://localhost.com:7010/api/bbs/user/updateLikeState?articleId=26,,243,UTF-8,1,0,FOUNDSJJ,0,0
1779177331886,58,HTTP Request,200,,Thread Group 1-69,text,true,,819,270,12,12,http://localhost.com:7010/api/bbs/sso/login,,57,UTF-8,1,0,FOUNDSJJ,0,1
1779177331749,269,HTTP Request,200,,Thread Group 1-67,text,true,,365,437,13,13,http://localhost.com:7010/api/bbs/user/updateLikeState?articleId=26,,269,UTF-8,1,0,FOUNDSJJ,0,0
1779177331984,59,HTTP Request,200,,Thread Group 1-70,text,true,,819,270,13,13,http://localhost.com:7010/api/bbs/sso/login,,58,UTF-8,1,0,FOUNDSJJ,0,1
1779177331783,265,HTTP Request,200,,Thread Group 1-60,text,true,,365,437,13,13,http://localhost.com:7010/api/bbs/user/updateLikeState?articleId=26,,265,UTF-8,1,0,FOUNDSJJ,0,0
1779177331801,248,HTTP Request,200,,Thread Group 1-65,text,true,,365,437,13,13,http://localhost.com:7010/api/bbs/user/updateLikeState?articleId=26,,247,UTF-8,1,0,FOUNDSJJ,0,0
1779177331800,253,HTTP Request,200,,Thread Group 1-58,text,true,,365,437,13,13,http://localhost.com:7010/api/bbs/user/updateLikeState?articleId=26,,252,UTF-8,1,0,FOUNDSJJ,0,0
1779177331821,258,HTTP Request,200,,Thread Group 1-63,text,true,,365,437,12,12,http://localhost.com:7010/api/bbs/user/updateLikeState?articleId=26,,257,UTF-8,1,0,FOUNDSJJ,0,0
1779177331843,264,HTTP Request,200,,Thread Group 1-68,text,true,,365,437,13,13,http://localhost.com:7010/api/bbs/user/updateLikeState?articleId=26,,264,UTF-8,1,0,FOUNDSJJ,0,0
1779177331858,252,HTTP Request,200,,Thread Group 1-61,text,true,,365,437,13,13,http://localhost.com:7010/api/bbs/user/updateLikeState?articleId=26,,251,UTF-8,1,0,FOUNDSJJ,0,0
1779177331866,255,HTTP Request,200,,Thread Group 1-59,text,true,,365,437,13,13,http://localhost.com:7010/api/bbs/user/updateLikeState?articleId=26,,254,UTF-8,1,0,FOUNDSJJ,0,0
1779177331866,258,HTTP Request,200,,Thread Group 1-66,text,true,,365,437,12,12,http://localhost.com:7010/api/bbs/user/updateLikeState?articleId=26,,258,UTF-8,1,0,FOUNDSJJ,0,0
1779177332084,51,HTTP Request,200,,Thread Group 1-71,text,true,,819,270,12,12,http://localhost.com:7010/api/bbs/sso/login,,51,UTF-8,1,0,FOUNDSJJ,0,1
1779177331913,238,HTTP Request,200,,Thread Group 1-64,text,true,,365,437,12,12,http://localhost.com:7010/api/bbs/user/updateLikeState?articleId=26,,238,UTF-8,1,0,FOUNDSJJ,0,0
1779177331941,242,HTTP Request,200,,Thread Group 1-62,text,true,,365,437,12,12,http://localhost.com:7010/api/bbs/user/updateLikeState?articleId=26,,242,UTF-8,1,0,FOUNDSJJ,0,0
1779177331945,242,HTTP Request,200,,Thread Group 1-69,text,true,,365,437,13,13,http://localhost.com:7010/api/bbs/user/updateLikeState?articleId=26,,242,UTF-8,1,0,FOUNDSJJ,0,0
1779177332185,64,HTTP Request,200,,Thread Group 1-72,text,true,,819,270,13,13,http://localhost.com:7010/api/bbs/sso/login,,63,UTF-8,1,0,FOUNDSJJ,0,1
1779177332019,239,HTTP Request,200,,Thread Group 1-67,text,true,,365,437,13,13,http://localhost.com:7010/api/bbs/user/updateLikeState?articleId=26,,239,UTF-8,1,0,FOUNDSJJ,0,0
1779177332044,228,HTTP Request,200,,Thread Group 1-70,text,true,,365,437,13,13,http://localhost.com:7010/api/bbs/user/updateLikeState?articleId=26,,227,UTF-8,1,0,FOUNDSJJ,0,0
1779177332049,237,HTTP Request,200,,Thread Group 1-65,text,true,,365,437,14,14,http://localhost.com:7010/api/bbs/user/updateLikeState?articleId=26,,237,UTF-8,1,0,FOUNDSJJ,0,0
1779177332049,246,HTTP Request,200,,Thread Group 1-60,text,true,,365,437,14,14,http://localhost.com:7010/api/bbs/user/updateLikeState?articleId=26,,246,UTF-8,1,0,FOUNDSJJ,0,0
1779177332080,243,HTTP Request,200,,Thread Group 1-63,text,true,,365,437,13,13,http://localhost.com:7010/api/bbs/user/updateLikeState?articleId=26,,243,UTF-8,1,0,FOUNDSJJ,0,0
1779177332108,225,HTTP Request,200,,Thread Group 1-68,text,true,,365,437,13,13,http://localhost.com:7010/api/bbs/user/updateLikeState?articleId=26,,225,UTF-8,1,0,FOUNDSJJ,0,0
1779177332110,230,HTTP Request,200,,Thread Group 1-61,text,true,,365,437,13,13,http://localhost.com:7010/api/bbs/user/updateLikeState?articleId=26,,230,UTF-8,1,0,FOUNDSJJ,0,0
1779177332287,57,HTTP Request,200,,Thread Group 1-73,text,true,,819,270,12,12,http://localhost.com:7010/api/bbs/sso/login,,56,UTF-8,1,0,FOUNDSJJ,0,0
1779177332124,249,HTTP Request,200,,Thread Group 1-66,text,true,,365,437,12,12,http://localhost.com:7010/api/bbs/user/updateLikeState?articleId=26,,249,UTF-8,1,0,FOUNDSJJ,0,0
1779177332136,263,HTTP Request,200,,Thread Group 1-71,text,true,,365,437,13,13,http://localhost.com:7010/api/bbs/user/updateLikeState?articleId=26,,263,UTF-8,1,0,FOUNDSJJ,0,0
1779177332152,270,HTTP Request,200,,Thread Group 1-64,text,true,,365,437,13,13,http://localhost.com:7010/api/bbs/user/updateLikeState?articleId=26,,270,UTF-8,1,0,FOUNDSJJ,0,0
1779177332188,260,HTTP Request,200,,Thread Group 1-69,text,true,,365,437,13,13,http://localhost.com:7010/api/bbs/user/updateLikeState?articleId=26,,260,UTF-8,1,0,FOUNDSJJ,0,0
1779177332184,266,HTTP Request,200,,Thread Group 1-62,text,true,,365,437,13,13,http://localhost.com:7010/api/bbs/user/updateLikeState?articleId=26,,266,UTF-8,1,0,FOUNDSJJ,0,0
1779177332386,64,HTTP Request,200,,Thread Group 1-74,text,true,,819,270,13,13,http://localhost.com:7010/api/bbs/sso/login,,62,UTF-8,1,0,FOUNDSJJ,0,0
1779177332259,256,HTTP Request,200,,Thread Group 1-67,text,true,,365,437,13,13,http://localhost.com:7010/api/bbs/user/updateLikeState?articleId=26,,256,UTF-8,1,0,FOUNDSJJ,0,0
1779177332250,267,HTTP Request,200,,Thread Group 1-72,text,true,,365,437,13,13,http://localhost.com:7010/api/bbs/user/updateLikeState?articleId=26,,266,UTF-8,1,0,FOUNDSJJ,0,0
1779177332485,45,HTTP Request,200,,Thread Group 1-75,text,true,,819,270,13,13,http://localhost.com:7010/api/bbs/sso/login,,44,UTF-8,1,0,FOUNDSJJ,0,1
1779177332272,270,HTTP Request,200,,Thread Group 1-70,text,true,,365,437,13,13,http://localhost.com:7010/api/bbs/user/updateLikeState?articleId=26,,270,UTF-8,1,0,FOUNDSJJ,0,0
1779177332287,256,HTTP Request,200,,Thread Group 1-65,text,true,,365,437,13,13,http://localhost.com:7010/api/bbs/user/updateLikeState?articleId=26,,255,UTF-8,1,0,FOUNDSJJ,0,0
1779177332324,249,HTTP Request,200,,Thread Group 1-63,text,true,,365,437,13,13,http://localhost.com:7010/api/bbs/user/updateLikeState?articleId=26,,249,UTF-8,1,0,FOUNDSJJ,0,0
1779177332333,241,HTTP Request,200,,Thread Group 1-68,text,true,,365,437,13,13,http://localhost.com:7010/api/bbs/user/updateLikeState?articleId=26,,241,UTF-8,1,0,FOUNDSJJ,0,0
1779177332344,236,HTTP Request,200,,Thread Group 1-73,text,true,,365,437,12,12,http://localhost.com:7010/api/bbs/user/updateLikeState?articleId=26,,236,UTF-8,1,0,FOUNDSJJ,0,0
1779177332374,255,HTTP Request,200,,Thread Group 1-66,text,true,,365,437,13,13,http://localhost.com:7010/api/bbs/user/updateLikeState?articleId=26,,255,UTF-8,1,0,FOUNDSJJ,0,0
1779177332400,233,HTTP Request,200,,Thread Group 1-71,text,true,,365,437,13,13,http://localhost.com:7010/api/bbs/user/updateLikeState?articleId=26,,233,UTF-8,1,0,FOUNDSJJ,0,0
1779177332585,60,HTTP Request,200,,Thread Group 1-76,text,true,,819,270,13,13,http://localhost.com:7010/api/bbs/sso/login,,59,UTF-8,1,0,FOUNDSJJ,0,0
1779177332423,248,HTTP Request,200,,Thread Group 1-64,text,true,,365,437,13,13,http://localhost.com:7010/api/bbs/user/updateLikeState?articleId=26,,248,UTF-8,1,0,FOUNDSJJ,0,0
1779177332457,258,HTTP Request,200,,Thread Group 1-74,text,true,,365,437,13,13,http://localhost.com:7010/api/bbs/user/updateLikeState?articleId=26,,258,UTF-8,1,0,FOUNDSJJ,0,0
1779177332449,266,HTTP Request,200,,Thread Group 1-69,text,true,,365,437,13,13,http://localhost.com:7010/api/bbs/user/updateLikeState?articleId=26,,266,UTF-8,1,0,FOUNDSJJ,0,0
1779177332684,60,HTTP Request,200,,Thread Group 1-77,text,true,,819,270,13,13,http://localhost.com:7010/api/bbs/sso/login,,59,UTF-8,1,0,FOUNDSJJ,0,0
1779177332516,228,HTTP Request,200,,Thread Group 1-67,text,true,,365,437,13,13,http://localhost.com:7010/api/bbs/user/updateLikeState?articleId=26,,228,UTF-8,1,0,FOUNDSJJ,0,0
1779177332517,238,HTTP Request,200,,Thread Group 1-72,text,true,,365,437,13,13,http://localhost.com:7010/api/bbs/user/updateLikeState?articleId=26,,238,UTF-8,1,0,FOUNDSJJ,0,0
1779177332531,245,HTTP Request,200,,Thread Group 1-75,text,true,,365,437,13,13,http://localhost.com:7010/api/bbs/user/updateLikeState?articleId=26,,245,UTF-8,1,0,FOUNDSJJ,0,0
1779177332543,234,HTTP Request,200,,Thread Group 1-70,text,true,,365,437,13,13,http://localhost.com:7010/api/bbs/user/updateLikeState?articleId=26,,234,UTF-8,1,0,FOUNDSJJ,0,0
1779177332543,246,HTTP Request,200,,Thread Group 1-65,text,true,,365,437,14,14,http://localhost.com:7010/api/bbs/user/updateLikeState?articleId=26,,245,UTF-8,1,0,FOUNDSJJ,0,0
1779177332574,232,HTTP Request,200,,Thread Group 1-68,text,true,,365,437,13,13,http://localhost.com:7010/api/bbs/user/updateLikeState?articleId=26,,232,UTF-8,1,0,FOUNDSJJ,0,0
1779177332581,233,HTTP Request,200,,Thread Group 1-73,text,true,,365,437,13,13,http://localhost.com:7010/api/bbs/user/updateLikeState?articleId=26,,233,UTF-8,1,0,FOUNDSJJ,0,0
1779177332784,65,HTTP Request,200,,Thread Group 1-78,text,true,,819,270,13,13,http://localhost.com:7010/api/bbs/sso/login,,63,UTF-8,1,0,FOUNDSJJ,0,0
1779177332629,284,HTTP Request,200,,Thread Group 1-66,text,true,,365,437,14,14,http://localhost.com:7010/api/bbs/user/updateLikeState?articleId=26,,284,UTF-8,1,0,FOUNDSJJ,0,0
1779177332646,267,HTTP Request,200,,Thread Group 1-76,text,true,,365,437,14,14,http://localhost.com:7010/api/bbs/user/updateLikeState?articleId=26,,267,UTF-8,1,0,FOUNDSJJ,0,0
1779177332634,279,HTTP Request,200,,Thread Group 1-71,text,true,,365,437,14,14,http://localhost.com:7010/api/bbs/user/updateLikeState?articleId=26,,279,UTF-8,1,0,FOUNDSJJ,0,0
1779177332884,58,HTTP Request,200,,Thread Group 1-79,text,true,,819,270,13,13,http://localhost.com:7010/api/bbs/sso/login,,58,UTF-8,1,0,FOUNDSJJ,0,1
1779177332716,228,HTTP Request,200,,Thread Group 1-69,text,true,,365,437,13,13,http://localhost.com:7010/api/bbs/user/updateLikeState?articleId=26,,227,UTF-8,1,0,FOUNDSJJ,0,0
1779177332716,228,HTTP Request,200,,Thread Group 1-74,text,true,,365,437,13,13,http://localhost.com:7010/api/bbs/user/updateLikeState?articleId=26,,228,UTF-8,1,0,FOUNDSJJ,0,0
1779177332745,298,HTTP Request,200,,Thread Group 1-67,text,true,,365,437,14,14,http://localhost.com:7010/api/bbs/user/updateLikeState?articleId=26,,297,UTF-8,1,0,FOUNDSJJ,0,0
1779177332745,298,HTTP Request,200,,Thread Group 1-77,text,true,,365,437,14,14,http://localhost.com:7010/api/bbs/user/updateLikeState?articleId=26,,297,UTF-8,1,0,FOUNDSJJ,0,0
1779177332756,287,HTTP Request,200,,Thread Group 1-72,text,true,,365,437,14,14,http://localhost.com:7010/api/bbs/user/updateLikeState?articleId=26,,287,UTF-8,1,0,FOUNDSJJ,0,0
1779177332777,267,HTTP Request,200,,Thread Group 1-75,text,true,,365,437,13,13,http://localhost.com:7010/api/bbs/user/updateLikeState?articleId=26,,267,UTF-8,1,0,FOUNDSJJ,0,0
1779177332778,266,HTTP Request,200,,Thread Group 1-70,text,true,,365,437,13,13,http://localhost.com:7010/api/bbs/user/updateLikeState?articleId=26,,266,UTF-8,1,0,FOUNDSJJ,0,0
1779177332986,58,HTTP Request,200,,Thread Group 1-80,text,true,,819,270,13,13,http://localhost.com:7010/api/bbs/sso/login,,55,UTF-8,1,0,FOUNDSJJ,0,1
1779177332814,269,HTTP Request,200,,Thread Group 1-73,text,true,,365,437,13,13,http://localhost.com:7010/api/bbs/user/updateLikeState?articleId=26,,269,UTF-8,1,0,FOUNDSJJ,0,0
1779177332850,268,HTTP Request,200,,Thread Group 1-78,text,true,,365,437,14,14,http://localhost.com:7010/api/bbs/user/updateLikeState?articleId=26,,268,UTF-8,1,0,FOUNDSJJ,0,0
1779177332807,311,HTTP Request,200,,Thread Group 1-68,text,true,,365,437,14,14,http://localhost.com:7010/api/bbs/user/updateLikeState?articleId=26,,311,UTF-8,1,0,FOUNDSJJ,0,0
1779177333084,52,HTTP Request,200,,Thread Group 1-81,text,true,,819,270,13,13,http://localhost.com:7010/api/bbs/sso/login,,51,UTF-8,1,0,FOUNDSJJ,0,1
1779177332914,276,HTTP Request,200,,Thread Group 1-76,text,true,,365,437,14,14,http://localhost.com:7010/api/bbs/user/updateLikeState?articleId=26,,276,UTF-8,1,0,FOUNDSJJ,0,0
1779177332915,276,HTTP Request,200,,Thread Group 1-71,text,true,,365,437,14,14,http://localhost.com:7010/api/bbs/user/updateLikeState?articleId=26,,275,UTF-8,1,0,FOUNDSJJ,0,0
1779177332942,284,HTTP Request,200,,Thread Group 1-79,text,true,,365,437,14,14,http://localhost.com:7010/api/bbs/user/updateLikeState?articleId=26,,284,UTF-8,1,0,FOUNDSJJ,0,0
1779177332944,284,HTTP Request,200,,Thread Group 1-69,text,true,,365,437,14,14,http://localhost.com:7010/api/bbs/user/updateLikeState?articleId=26,,284,UTF-8,1,0,FOUNDSJJ,0,0
1779177332944,290,HTTP Request,200,,Thread Group 1-74,text,true,,365,437,13,13,http://localhost.com:7010/api/bbs/user/updateLikeState?articleId=26,,290,UTF-8,1,0,FOUNDSJJ,0,0
1779177333185,58,HTTP Request,200,,Thread Group 1-82,text,true,,819,270,13,13,http://localhost.com:7010/api/bbs/sso/login,,57,UTF-8,1,0,FOUNDSJJ,0,2
1779177333045,278,HTTP Request,200,,Thread Group 1-75,text,true,,365,437,14,14,http://localhost.com:7010/api/bbs/user/updateLikeState?articleId=26,,278,UTF-8,1,0,FOUNDSJJ,0,0
1779177333045,278,HTTP Request,200,,Thread Group 1-70,text,true,,365,437,14,14,http://localhost.com:7010/api/bbs/user/updateLikeState?articleId=26,,278,UTF-8,1,0,FOUNDSJJ,0,0
1779177333044,280,HTTP Request,200,,Thread Group 1-77,text,true,,365,437,13,13,http://localhost.com:7010/api/bbs/user/updateLikeState?articleId=26,,279,UTF-8,1,0,FOUNDSJJ,0,0
1779177333044,280,HTTP Request,200,,Thread Group 1-72,text,true,,365,437,13,13,http://localhost.com:7010/api/bbs/user/updateLikeState?articleId=26,,280,UTF-8,1,0,FOUNDSJJ,0,0
1779177333045,279,HTTP Request,200,,Thread Group 1-80,text,true,,365,437,13,13,http://localhost.com:7010/api/bbs/user/updateLikeState?articleId=26,,279,UTF-8,1,0,FOUNDSJJ,0,0
1779177333084,240,HTTP Request,200,,Thread Group 1-73,text,true,,365,437,13,13,http://localhost.com:7010/api/bbs/user/updateLikeState?articleId=26,,240,UTF-8,1,0,FOUNDSJJ,0,0
1779177333286,72,HTTP Request,200,,Thread Group 1-83,text,true,,819,270,13,13,http://localhost.com:7010/api/bbs/sso/login,,71,UTF-8,1,0,FOUNDSJJ,0,1
1779177333119,248,HTTP Request,200,,Thread Group 1-78,text,true,,365,437,13,13,http://localhost.com:7010/api/bbs/user/updateLikeState?articleId=26,,248,UTF-8,1,0,FOUNDSJJ,0,0
1779177333137,248,HTTP Request,200,,Thread Group 1-81,text,true,,365,437,14,14,http://localhost.com:7010/api/bbs/user/updateLikeState?articleId=26,,248,UTF-8,1,0,FOUNDSJJ,0,0
1779177333191,236,HTTP Request,200,,Thread Group 1-71,text,true,,365,437,14,14,http://localhost.com:7010/api/bbs/user/updateLikeState?articleId=26,,236,UTF-8,1,0,FOUNDSJJ,0,0
1779177333191,237,HTTP Request,200,,Thread Group 1-76,text,true,,365,437,14,14,http://localhost.com:7010/api/bbs/user/updateLikeState?articleId=26,,236,UTF-8,1,0,FOUNDSJJ,0,0
1779177333385,78,HTTP Request,200,,Thread Group 1-84,text,true,,819,270,13,13,http://localhost.com:7010/api/bbs/sso/login,,77,UTF-8,1,0,FOUNDSJJ,0,0
1779177333227,278,HTTP Request,200,,Thread Group 1-79,text,true,,365,437,14,14,http://localhost.com:7010/api/bbs/user/updateLikeState?articleId=26,,278,UTF-8,1,0,FOUNDSJJ,0,0
1779177333244,261,HTTP Request,200,,Thread Group 1-82,text,true,,365,437,14,14,http://localhost.com:7010/api/bbs/user/updateLikeState?articleId=26,,261,UTF-8,1,0,FOUNDSJJ,0,0
1779177333235,271,HTTP Request,200,,Thread Group 1-74,text,true,,365,437,14,14,http://localhost.com:7010/api/bbs/user/updateLikeState?articleId=26,,271,UTF-8,1,0,FOUNDSJJ,0,0
1779177333485,52,HTTP Request,200,,Thread Group 1-85,text,true,,819,270,14,14,http://localhost.com:7010/api/bbs/sso/login,,51,UTF-8,1,0,FOUNDSJJ,0,1
1779177333325,244,HTTP Request,200,,Thread Group 1-77,text,true,,365,437,14,14,http://localhost.com:7010/api/bbs/user/updateLikeState?articleId=26,,244,UTF-8,1,0,FOUNDSJJ,0,0
1779177333325,245,HTTP Request,200,,Thread Group 1-80,text,true,,365,437,14,14,http://localhost.com:7010/api/bbs/user/updateLikeState?articleId=26,,244,UTF-8,1,0,FOUNDSJJ,0,0
1779177333325,265,HTTP Request,200,,Thread Group 1-72,text,true,,365,437,15,15,http://localhost.com:7010/api/bbs/user/updateLikeState?articleId=26,,265,UTF-8,1,0,FOUNDSJJ,0,0
1779177333323,268,HTTP Request,200,,Thread Group 1-75,text,true,,365,437,14,14,http://localhost.com:7010/api/bbs/user/updateLikeState?articleId=26,,267,UTF-8,1,0,FOUNDSJJ,0,0
1779177333359,261,HTTP Request,200,,Thread Group 1-83,text,true,,365,437,14,14,http://localhost.com:7010/api/bbs/user/updateLikeState?articleId=26,,261,UTF-8,1,0,FOUNDSJJ,0,0
1779177333325,296,HTTP Request,200,,Thread Group 1-73,text,true,,365,437,14,14,http://localhost.com:7010/api/bbs/user/updateLikeState?articleId=26,,296,UTF-8,1,0,FOUNDSJJ,0,0
1779177333367,255,HTTP Request,200,,Thread Group 1-78,text,true,,365,437,13,13,http://localhost.com:7010/api/bbs/user/updateLikeState?articleId=26,,254,UTF-8,1,0,FOUNDSJJ,0,0
1779177333386,243,HTTP Request,200,,Thread Group 1-81,text,true,,365,437,13,13,http://localhost.com:7010/api/bbs/user/updateLikeState?articleId=26,,243,UTF-8,1,0,FOUNDSJJ,0,0
1779177333585,52,HTTP Request,200,,Thread Group 1-86,text,true,,819,270,13,13,http://localhost.com:7010/api/bbs/sso/login,,51,UTF-8,1,0,FOUNDSJJ,0,0
1779177333428,254,HTTP Request,200,,Thread Group 1-76,text,true,,365,437,13,13,http://localhost.com:7010/api/bbs/user/updateLikeState?articleId=26,,254,UTF-8,1,0,FOUNDSJJ,0,0
1779177333463,252,HTTP Request,200,,Thread Group 1-84,text,true,,365,437,14,14,http://localhost.com:7010/api/bbs/user/updateLikeState?articleId=26,,251,UTF-8,1,0,FOUNDSJJ,0,0
1779177333506,229,HTTP Request,200,,Thread Group 1-74,text,true,,365,437,14,14,http://localhost.com:7010/api/bbs/user/updateLikeState?articleId=26,,229,UTF-8,1,0,FOUNDSJJ,0,0
1779177333506,229,HTTP Request,200,,Thread Group 1-79,text,true,,365,437,14,14,http://localhost.com:7010/api/bbs/user/updateLikeState?articleId=26,,229,UTF-8,1,0,FOUNDSJJ,0,0
1779177333506,249,HTTP Request,200,,Thread Group 1-82,text,true,,365,437,13,13,http://localhost.com:7010/api/bbs/user/updateLikeState?articleId=26,,249,UTF-8,1,0,FOUNDSJJ,0,0
1779177333689,67,HTTP Request,200,,Thread Group 1-87,text,true,,819,270,13,13,http://localhost.com:7010/api/bbs/sso/login,,66,UTF-8,1,0,FOUNDSJJ,0,1
1779177333537,230,HTTP Request,200,,Thread Group 1-85,text,true,,365,437,13,13,http://localhost.com:7010/api/bbs/user/updateLikeState?articleId=26,,229,UTF-8,1,0,FOUNDSJJ,0,0
1779177333570,233,HTTP Request,200,,Thread Group 1-77,text,true,,365,437,14,14,http://localhost.com:7010/api/bbs/user/updateLikeState?articleId=26,,233,UTF-8,1,0,FOUNDSJJ,0,0
1779177333571,233,HTTP Request,200,,Thread Group 1-80,text,true,,365,437,14,14,http://localhost.com:7010/api/bbs/user/updateLikeState?articleId=26,,232,UTF-8,1,0,FOUNDSJJ,0,0
1779177333591,243,HTTP Request,200,,Thread Group 1-75,text,true,,365,437,14,14,http://localhost.com:7010/api/bbs/user/updateLikeState?articleId=26,,242,UTF-8,1,0,FOUNDSJJ,0,0
1779177333787,55,HTTP Request,200,,Thread Group 1-88,text,true,,819,270,13,13,http://localhost.com:7010/api/bbs/sso/login,,54,UTF-8,1,0,FOUNDSJJ,0,1
1779177333621,246,HTTP Request,200,,Thread Group 1-83,text,true,,365,437,13,13,http://localhost.com:7010/api/bbs/user/updateLikeState?articleId=26,,246,UTF-8,1,0,FOUNDSJJ,0,0
1779177333622,246,HTTP Request,200,,Thread Group 1-78,text,true,,365,437,13,13,http://localhost.com:7010/api/bbs/user/updateLikeState?articleId=26,,246,UTF-8,1,0,FOUNDSJJ,0,0
1779177333630,267,HTTP Request,200,,Thread Group 1-81,text,true,,365,437,14,14,http://localhost.com:7010/api/bbs/user/updateLikeState?articleId=26,,267,UTF-8,1,0,FOUNDSJJ,0,0
1779177333637,260,HTTP Request,200,,Thread Group 1-86,text,true,,365,437,14,14,http://localhost.com:7010/api/bbs/user/updateLikeState?articleId=26,,260,UTF-8,1,0,FOUNDSJJ,0,0
1779177333683,247,HTTP Request,200,,Thread Group 1-76,text,true,,365,437,14,14,http://localhost.com:7010/api/bbs/user/updateLikeState?articleId=26,,247,UTF-8,1,0,FOUNDSJJ,0,0
1779177333885,50,HTTP Request,200,,Thread Group 1-89,text,true,,819,270,13,13,http://localhost.com:7010/api/bbs/sso/login,,49,UTF-8,1,0,FOUNDSJJ,0,1
1779177333715,223,HTTP Request,200,,Thread Group 1-84,text,true,,365,437,13,13,http://localhost.com:7010/api/bbs/user/updateLikeState?articleId=26,,223,UTF-8,1,0,FOUNDSJJ,0,0
1779177333736,233,HTTP Request,200,,Thread Group 1-79,text,true,,365,437,13,13,http://localhost.com:7010/api/bbs/user/updateLikeState?articleId=26,,232,UTF-8,1,0,FOUNDSJJ,0,0
1779177333767,230,HTTP Request,200,,Thread Group 1-85,text,true,,365,437,14,14,http://localhost.com:7010/api/bbs/user/updateLikeState?articleId=26,,229,UTF-8,1,0,FOUNDSJJ,0,0
1779177333756,243,HTTP Request,200,,Thread Group 1-82,text,true,,365,437,14,14,http://localhost.com:7010/api/bbs/user/updateLikeState?articleId=26,,243,UTF-8,1,0,FOUNDSJJ,0,0
1779177333756,243,HTTP Request,200,,Thread Group 1-87,text,true,,365,437,14,14,http://localhost.com:7010/api/bbs/user/updateLikeState?articleId=26,,243,UTF-8,1,0,FOUNDSJJ,0,0
1779177333804,226,HTTP Request,200,,Thread Group 1-77,text,true,,365,437,14,14,http://localhost.com:7010/api/bbs/user/updateLikeState?articleId=26,,226,UTF-8,1,0,FOUNDSJJ,0,0
1779177333804,232,HTTP Request,200,,Thread Group 1-80,text,true,,365,437,13,13,http://localhost.com:7010/api/bbs/user/updateLikeState?articleId=26,,231,UTF-8,1,0,FOUNDSJJ,0,0
1779177333986,59,HTTP Request,200,,Thread Group 1-90,text,true,,819,270,13,13,http://localhost.com:7010/api/bbs/sso/login,,58,UTF-8,1,0,FOUNDSJJ,0,1
1779177333842,231,HTTP Request,200,,Thread Group 1-88,text,true,,365,437,13,13,http://localhost.com:7010/api/bbs/user/updateLikeState?articleId=26,,231,UTF-8,1,0,FOUNDSJJ,0,0
1779177333869,225,HTTP Request,200,,Thread Group 1-78,text,true,,365,437,14,14,http://localhost.com:7010/api/bbs/user/updateLikeState?articleId=26,,224,UTF-8,1,0,FOUNDSJJ,0,0
1779177333868,226,HTTP Request,200,,Thread Group 1-83,text,true,,365,437,14,14,http://localhost.com:7010/api/bbs/user/updateLikeState?articleId=26,,226,UTF-8,1,0,FOUNDSJJ,0,0
1779177333898,218,HTTP Request,200,,Thread Group 1-86,text,true,,365,437,13,13,http://localhost.com:7010/api/bbs/user/updateLikeState?articleId=26,,218,UTF-8,1,0,FOUNDSJJ,0,0
1779177333898,218,HTTP Request,200,,Thread Group 1-81,text,true,,365,437,13,13,http://localhost.com:7010/api/bbs/user/updateLikeState?articleId=26,,218,UTF-8,1,0,FOUNDSJJ,0,0
1779177334085,120,HTTP Request,200,,Thread Group 1-91,text,true,,819,270,14,14,http://localhost.com:7010/api/bbs/sso/login,,119,UTF-8,1,0,FOUNDSJJ,0,1
1779177333936,269,HTTP Request,200,,Thread Group 1-89,text,true,,365,437,14,14,http://localhost.com:7010/api/bbs/user/updateLikeState?articleId=26,,268,UTF-8,1,0,FOUNDSJJ,0,0
1779177333938,268,HTTP Request,200,,Thread Group 1-84,text,true,,365,437,14,14,http://localhost.com:7010/api/bbs/user/updateLikeState?articleId=26,,268,UTF-8,1,0,FOUNDSJJ,0,0
1779177334186,61,HTTP Request,200,,Thread Group 1-92,text,true,,819,270,14,14,http://localhost.com:7010/api/bbs/sso/login,,59,UTF-8,1,0,FOUNDSJJ,0,2
1779177333969,309,HTTP Request,200,,Thread Group 1-79,text,true,,365,437,14,14,http://localhost.com:7010/api/bbs/user/updateLikeState?articleId=26,,309,UTF-8,1,0,FOUNDSJJ,0,0
1779177333997,282,HTTP Request,200,,Thread Group 1-85,text,true,,365,437,13,13,http://localhost.com:7010/api/bbs/user/updateLikeState?articleId=26,,282,UTF-8,1,0,FOUNDSJJ,0,0
1779177333999,281,HTTP Request,200,,Thread Group 1-82,text,true,,365,437,13,13,http://localhost.com:7010/api/bbs/user/updateLikeState?articleId=26,,281,UTF-8,1,0,FOUNDSJJ,0,0
1779177334000,318,HTTP Request,200,,Thread Group 1-87,text,true,,365,437,14,14,http://localhost.com:7010/api/bbs/user/updateLikeState?articleId=26,,317,UTF-8,1,0,FOUNDSJJ,0,0
1779177334286,65,HTTP Request,200,,Thread Group 1-93,text,true,,819,270,14,14,http://localhost.com:7010/api/bbs/sso/login,,63,UTF-8,1,0,FOUNDSJJ,0,0
1779177334074,277,HTTP Request,200,,Thread Group 1-88,text,true,,365,437,14,14,http://localhost.com:7010/api/bbs/user/updateLikeState?articleId=26,,277,UTF-8,1,0,FOUNDSJJ,0,0
1779177334036,315,HTTP Request,200,,Thread Group 1-80,text,true,,365,437,14,14,http://localhost.com:7010/api/bbs/user/updateLikeState?articleId=26,,315,UTF-8,1,0,FOUNDSJJ,0,0
1779177334045,307,HTTP Request,200,,Thread Group 1-90,text,true,,365,437,14,14,http://localhost.com:7010/api/bbs/user/updateLikeState?articleId=26,,306,UTF-8,1,0,FOUNDSJJ,0,0
1779177334095,289,HTTP Request,200,,Thread Group 1-83,text,true,,365,437,13,13,http://localhost.com:7010/api/bbs/user/updateLikeState?articleId=26,,289,UTF-8,1,0,FOUNDSJJ,0,0
1779177334118,294,HTTP Request,200,,Thread Group 1-81,text,true,,365,437,14,14,http://localhost.com:7010/api/bbs/user/updateLikeState?articleId=26,,294,UTF-8,1,0,FOUNDSJJ,0,0
1779177334118,295,HTTP Request,200,,Thread Group 1-86,text,true,,365,437,13,13,http://localhost.com:7010/api/bbs/user/updateLikeState?articleId=26,,295,UTF-8,1,0,FOUNDSJJ,0,0
1779177334208,254,HTTP Request,200,,Thread Group 1-84,text,true,,365,437,13,13,http://localhost.com:7010/api/bbs/user/updateLikeState?articleId=26,,254,UTF-8,1,0,FOUNDSJJ,0,0
1779177334206,254,HTTP Request,200,,Thread Group 1-91,text,true,,365,437,13,13,http://localhost.com:7010/api/bbs/user/updateLikeState?articleId=26,,254,UTF-8,1,0,FOUNDSJJ,0,0
1779177334206,256,HTTP Request,200,,Thread Group 1-89,text,true,,365,437,13,13,http://localhost.com:7010/api/bbs/user/updateLikeState?articleId=26,,255,UTF-8,1,0,FOUNDSJJ,0,0
1779177334397,65,HTTP Request,200,,Thread Group 1-94,text,true,,819,270,13,13,http://localhost.com:7010/api/bbs/sso/login,,63,UTF-8,1,0,FOUNDSJJ,0,1
1779177334247,225,HTTP Request,200,,Thread Group 1-92,text,true,,365,437,13,13,http://localhost.com:7010/api/bbs/user/updateLikeState?articleId=26,,225,UTF-8,1,0,FOUNDSJJ,0,0
1779177334281,247,HTTP Request,200,,Thread Group 1-85,text,true,,365,437,14,14,http://localhost.com:7010/api/bbs/user/updateLikeState?articleId=26,,247,UTF-8,1,0,FOUNDSJJ,0,0
1779177334282,246,HTTP Request,200,,Thread Group 1-82,text,true,,365,437,14,14,http://localhost.com:7010/api/bbs/user/updateLikeState?articleId=26,,246,UTF-8,1,0,FOUNDSJJ,0,0
1779177334488,73,HTTP Request,200,,Thread Group 1-95,text,true,,819,270,13,13,http://localhost.com:7010/api/bbs/sso/login,,72,UTF-8,1,0,FOUNDSJJ,0,0
1779177334320,242,HTTP Request,200,,Thread Group 1-87,text,true,,365,437,13,13,http://localhost.com:7010/api/bbs/user/updateLikeState?articleId=26,,241,UTF-8,1,0,FOUNDSJJ,0,0
1779177334353,237,HTTP Request,200,,Thread Group 1-90,text,true,,365,437,14,14,http://localhost.com:7010/api/bbs/user/updateLikeState?articleId=26,,236,UTF-8,1,0,FOUNDSJJ,0,0
1779177334352,238,HTTP Request,200,,Thread Group 1-88,text,true,,365,437,14,14,http://localhost.com:7010/api/bbs/user/updateLikeState?articleId=26,,238,UTF-8,1,0,FOUNDSJJ,0,0
1779177334352,239,HTTP Request,200,,Thread Group 1-93,text,true,,365,437,14,14,http://localhost.com:7010/api/bbs/user/updateLikeState?articleId=26,,238,UTF-8,1,0,FOUNDSJJ,0,0
1779177334384,237,HTTP Request,200,,Thread Group 1-83,text,true,,365,437,14,14,http://localhost.com:7010/api/bbs/user/updateLikeState?articleId=26,,237,UTF-8,1,0,FOUNDSJJ,0,0
1779177334585,54,HTTP Request,200,,Thread Group 1-96,text,true,,819,270,13,13,http://localhost.com:7010/api/bbs/sso/login,,53,UTF-8,1,0,FOUNDSJJ,0,1
1779177334413,261,HTTP Request,200,,Thread Group 1-86,text,true,,365,437,13,13,http://localhost.com:7010/api/bbs/user/updateLikeState?articleId=26,,260,UTF-8,1,0,FOUNDSJJ,0,0
1779177334466,263,HTTP Request,200,,Thread Group 1-91,text,true,,365,437,14,14,http://localhost.com:7010/api/bbs/user/updateLikeState?articleId=26,,262,UTF-8,1,0,FOUNDSJJ,0,0
1779177334466,267,HTTP Request,200,,Thread Group 1-94,text,true,,365,437,14,14,http://localhost.com:7010/api/bbs/user/updateLikeState?articleId=26,,267,UTF-8,1,0,FOUNDSJJ,0,0
1779177334473,260,HTTP Request,200,,Thread Group 1-92,text,true,,365,437,14,14,http://localhost.com:7010/api/bbs/user/updateLikeState?articleId=26,,260,UTF-8,1,0,FOUNDSJJ,0,0
1779177334466,268,HTTP Request,200,,Thread Group 1-89,text,true,,365,437,14,14,http://localhost.com:7010/api/bbs/user/updateLikeState?articleId=26,,268,UTF-8,1,0,FOUNDSJJ,0,0
1779177334466,268,HTTP Request,200,,Thread Group 1-84,text,true,,365,437,14,14,http://localhost.com:7010/api/bbs/user/updateLikeState?articleId=26,,268,UTF-8,1,0,FOUNDSJJ,0,0
1779177334686,55,HTTP Request,200,,Thread Group 1-97,text,true,,819,270,13,13,http://localhost.com:7010/api/bbs/sso/login,,55,UTF-8,1,0,FOUNDSJJ,0,0
1779177334528,242,HTTP Request,200,,Thread Group 1-85,text,true,,365,437,13,13,http://localhost.com:7010/api/bbs/user/updateLikeState?articleId=26,,242,UTF-8,1,0,FOUNDSJJ,0,0
1779177334561,242,HTTP Request,200,,Thread Group 1-95,text,true,,365,437,13,13,http://localhost.com:7010/api/bbs/user/updateLikeState?articleId=26,,241,UTF-8,1,0,FOUNDSJJ,0,0
1779177334562,241,HTTP Request,200,,Thread Group 1-87,text,true,,365,437,13,13,http://localhost.com:7010/api/bbs/user/updateLikeState?articleId=26,,241,UTF-8,1,0,FOUNDSJJ,0,0
1779177334590,297,HTTP Request,200,,Thread Group 1-90,text,true,,365,437,14,14,http://localhost.com:7010/api/bbs/user/updateLikeState?articleId=26,,297,UTF-8,1,0,FOUNDSJJ,0,0
1779177334590,298,HTTP Request,200,,Thread Group 1-88,text,true,,365,437,14,14,http://localhost.com:7010/api/bbs/user/updateLikeState?articleId=26,,297,UTF-8,1,0,FOUNDSJJ,0,0
1779177334786,102,HTTP Request,200,,Thread Group 1-98,text,true,,819,270,14,14,http://localhost.com:7010/api/bbs/sso/login,,100,UTF-8,1,0,FOUNDSJJ,0,0
1779177334591,297,HTTP Request,200,,Thread Group 1-93,text,true,,365,437,14,14,http://localhost.com:7010/api/bbs/user/updateLikeState?articleId=26,,297,UTF-8,1,0,FOUNDSJJ,0,0
1779177334640,276,HTTP Request,200,,Thread Group 1-96,text,true,,365,437,14,14,http://localhost.com:7010/api/bbs/user/updateLikeState?articleId=26,,276,UTF-8,1,0,FOUNDSJJ,0,0
1779177334886,58,HTTP Request,200,,Thread Group 1-99,text,true,,819,270,14,14,http://localhost.com:7010/api/bbs/sso/login,,57,UTF-8,1,0,FOUNDSJJ,0,1
1779177334674,279,HTTP Request,200,,Thread Group 1-86,text,true,,365,437,14,14,http://localhost.com:7010/api/bbs/user/updateLikeState?articleId=26,,279,UTF-8,1,0,FOUNDSJJ,0,0
1779177334729,261,HTTP Request,200,,Thread Group 1-91,text,true,,365,437,14,14,http://localhost.com:7010/api/bbs/user/updateLikeState?articleId=26,,261,UTF-8,1,0,FOUNDSJJ,0,0
1779177334735,285,HTTP Request,200,,Thread Group 1-89,text,true,,365,437,14,14,http://localhost.com:7010/api/bbs/user/updateLikeState?articleId=26,,285,UTF-8,1,0,FOUNDSJJ,0,0
1779177334734,301,HTTP Request,200,,Thread Group 1-94,text,true,,365,437,14,14,http://localhost.com:7010/api/bbs/user/updateLikeState?articleId=26,,300,UTF-8,1,0,FOUNDSJJ,0,0
1779177334734,301,HTTP Request,200,,Thread Group 1-92,text,true,,365,437,14,14,http://localhost.com:7010/api/bbs/user/updateLikeState?articleId=26,,301,UTF-8,1,0,FOUNDSJJ,0,0
1779177334986,56,HTTP Request,200,,Thread Group 1-100,text,true,,819,270,14,14,http://localhost.com:7010/api/bbs/sso/login,,55,UTF-8,1,0,FOUNDSJJ,0,1
1779177334742,302,HTTP Request,200,,Thread Group 1-97,text,true,,365,437,14,14,http://localhost.com:7010/api/bbs/user/updateLikeState?articleId=26,,301,UTF-8,1,0,FOUNDSJJ,0,0
1779177334803,272,HTTP Request,200,,Thread Group 1-87,text,true,,365,437,14,14,http://localhost.com:7010/api/bbs/user/updateLikeState?articleId=26,,272,UTF-8,1,0,FOUNDSJJ,0,0
1779177334803,272,HTTP Request,200,,Thread Group 1-95,text,true,,365,437,14,14,http://localhost.com:7010/api/bbs/user/updateLikeState?articleId=26,,272,UTF-8,1,0,FOUNDSJJ,0,0
1779177334889,257,HTTP Request,200,,Thread Group 1-93,text,true,,365,437,14,14,http://localhost.com:7010/api/bbs/user/updateLikeState?articleId=26,,257,UTF-8,1,0,FOUNDSJJ,0,0
1779177334888,284,HTTP Request,200,,Thread Group 1-90,text,true,,365,437,14,14,http://localhost.com:7010/api/bbs/user/updateLikeState?articleId=26,,284,UTF-8,1,0,FOUNDSJJ,0,0
1779177334888,285,HTTP Request,200,,Thread Group 1-98,text,true,,365,437,14,14,http://localhost.com:7010/api/bbs/user/updateLikeState?articleId=26,,284,UTF-8,1,0,FOUNDSJJ,0,0
1779177334888,286,HTTP Request,200,,Thread Group 1-88,text,true,,365,437,14,14,http://localhost.com:7010/api/bbs/user/updateLikeState?articleId=26,,285,UTF-8,1,0,FOUNDSJJ,0,0
1779177335088,87,HTTP Request,200,,Thread Group 1-101,text,true,,819,270,13,13,http://localhost.com:7010/api/bbs/sso/login,,86,UTF-8,1,0,FOUNDSJJ,0,0
1779177334917,272,HTTP Request,200,,Thread Group 1-96,text,true,,365,437,13,13,http://localhost.com:7010/api/bbs/user/updateLikeState?articleId=26,,272,UTF-8,1,0,FOUNDSJJ,0,0
1779177334946,244,HTTP Request,200,,Thread Group 1-99,text,true,,365,437,13,13,http://localhost.com:7010/api/bbs/user/updateLikeState?articleId=26,,244,UTF-8,1,0,FOUNDSJJ,0,0
1779177334991,245,HTTP Request,200,,Thread Group 1-91,text,true,,365,437,14,14,http://localhost.com:7010/api/bbs/user/updateLikeState?articleId=26,,245,UTF-8,1,0,FOUNDSJJ,0,0
1779177335200,53,HTTP Request,200,,Thread Group 1-102,text,true,,819,270,14,14,http://localhost.com:7010/api/bbs/sso/login,,53,UTF-8,1,0,FOUNDSJJ,0,1
1779177335021,245,HTTP Request,200,,Thread Group 1-89,text,true,,365,437,14,14,http://localhost.com:7010/api/bbs/user/updateLikeState?articleId=26,,245,UTF-8,1,0,FOUNDSJJ,0,0
1779177335044,254,HTTP Request,200,,Thread Group 1-97,text,true,,365,437,14,14,http://localhost.com:7010/api/bbs/user/updateLikeState?articleId=26,,254,UTF-8,1,0,FOUNDSJJ,0,0
1779177335036,263,HTTP Request,200,,Thread Group 1-92,text,true,,365,437,14,14,http://localhost.com:7010/api/bbs/user/updateLikeState?articleId=26,,262,UTF-8,1,0,FOUNDSJJ,0,0
1779177335043,256,HTTP Request,200,,Thread Group 1-100,text,true,,365,437,14,14,http://localhost.com:7010/api/bbs/user/updateLikeState?articleId=26,,256,UTF-8,1,0,FOUNDSJJ,0,0
1779177335035,264,HTTP Request,200,,Thread Group 1-94,text,true,,365,437,14,14,http://localhost.com:7010/api/bbs/user/updateLikeState?articleId=26,,264,UTF-8,1,0,FOUNDSJJ,0,0
1779177335287,54,HTTP Request,200,,Thread Group 1-103,text,true,,819,270,14,14,http://localhost.com:7010/api/bbs/sso/login,,52,UTF-8,1,0,FOUNDSJJ,0,1
1779177335076,265,HTTP Request,200,,Thread Group 1-95,text,true,,365,437,14,14,http://localhost.com:7010/api/bbs/user/updateLikeState?articleId=26,,265,UTF-8,1,0,FOUNDSJJ,0,0
1779177335146,233,HTTP Request,200,,Thread Group 1-93,text,true,,365,437,14,14,http://localhost.com:7010/api/bbs/user/updateLikeState?articleId=26,,232,UTF-8,1,0,FOUNDSJJ,0,0
1779177335173,231,HTTP Request,200,,Thread Group 1-90,text,true,,365,437,15,15,http://localhost.com:7010/api/bbs/user/updateLikeState?articleId=26,,231,UTF-8,1,0,FOUNDSJJ,0,0
1779177335175,230,HTTP Request,200,,Thread Group 1-101,text,true,,365,437,15,15,http://localhost.com:7010/api/bbs/user/updateLikeState?articleId=26,,229,UTF-8,1,0,FOUNDSJJ,0,0
1779177335173,232,HTTP Request,200,,Thread Group 1-98,text,true,,365,437,14,14,http://localhost.com:7010/api/bbs/user/updateLikeState?articleId=26,,232,UTF-8,1,0,FOUNDSJJ,0,0
1779177335190,223,HTTP Request,200,,Thread Group 1-99,text,true,,365,437,14,14,http://localhost.com:7010/api/bbs/user/updateLikeState?articleId=26,,223,UTF-8,1,0,FOUNDSJJ,0,0
1779177335190,223,HTTP Request,200,,Thread Group 1-96,text,true,,365,437,14,14,http://localhost.com:7010/api/bbs/user/updateLikeState?articleId=26,,223,UTF-8,1,0,FOUNDSJJ,0,0
1779177335386,68,HTTP Request,200,,Thread Group 1-104,text,true,,819,270,14,14,http://localhost.com:7010/api/bbs/sso/login,,67,UTF-8,1,0,FOUNDSJJ,0,1
1779177335237,227,HTTP Request,200,,Thread Group 1-91,text,true,,365,437,14,14,http://localhost.com:7010/api/bbs/user/updateLikeState?articleId=26,,227,UTF-8,1,0,FOUNDSJJ,0,0
1779177335254,250,HTTP Request,200,,Thread Group 1-102,text,true,,365,437,14,14,http://localhost.com:7010/api/bbs/user/updateLikeState?articleId=26,,249,UTF-8,1,0,FOUNDSJJ,0,0
1779177335299,231,HTTP Request,200,,Thread Group 1-100,text,true,,365,437,14,14,http://localhost.com:7010/api/bbs/user/updateLikeState?articleId=26,,231,UTF-8,1,0,FOUNDSJJ,0,0
1779177335299,231,HTTP Request,200,,Thread Group 1-92,text,true,,365,437,14,14,http://localhost.com:7010/api/bbs/user/updateLikeState?articleId=26,,231,UTF-8,1,0,FOUNDSJJ,0,0
1779177335298,232,HTTP Request,200,,Thread Group 1-97,text,true,,365,437,13,13,http://localhost.com:7010/api/bbs/user/updateLikeState?articleId=26,,232,UTF-8,1,0,FOUNDSJJ,0,0
1779177335486,53,HTTP Request,200,,Thread Group 1-105,text,true,,819,270,13,13,http://localhost.com:7010/api/bbs/sso/login,,53,UTF-8,1,0,FOUNDSJJ,0,0
1779177335300,240,HTTP Request,200,,Thread Group 1-94,text,true,,365,437,13,13,http://localhost.com:7010/api/bbs/user/updateLikeState?articleId=26,,240,UTF-8,1,0,FOUNDSJJ,0,0
1779177335341,243,HTTP Request,200,,Thread Group 1-95,text,true,,365,437,13,13,http://localhost.com:7010/api/bbs/user/updateLikeState?articleId=26,,243,UTF-8,1,0,FOUNDSJJ,0,0
1779177335341,244,HTTP Request,200,,Thread Group 1-103,text,true,,365,437,13,13,http://localhost.com:7010/api/bbs/user/updateLikeState?articleId=26,,244,UTF-8,1,0,FOUNDSJJ,0,0
1779177335379,234,HTTP Request,200,,Thread Group 1-93,text,true,,365,437,14,14,http://localhost.com:7010/api/bbs/user/updateLikeState?articleId=26,,234,UTF-8,1,0,FOUNDSJJ,0,0
1779177335413,229,HTTP Request,200,,Thread Group 1-99,text,true,,365,437,13,13,http://localhost.com:7010/api/bbs/user/updateLikeState?articleId=26,,229,UTF-8,1,0,FOUNDSJJ,0,0
1779177335413,230,HTTP Request,200,,Thread Group 1-96,text,true,,365,437,13,13,http://localhost.com:7010/api/bbs/user/updateLikeState?articleId=26,,229,UTF-8,1,0,FOUNDSJJ,0,0
1779177335405,237,HTTP Request,200,,Thread Group 1-98,text,true,,365,437,13,13,http://localhost.com:7010/api/bbs/user/updateLikeState?articleId=26,,237,UTF-8,1,0,FOUNDSJJ,0,0
1779177335405,243,HTTP Request,200,,Thread Group 1-101,text,true,,365,437,13,13,http://localhost.com:7010/api/bbs/user/updateLikeState?articleId=26,,243,UTF-8,1,0,FOUNDSJJ,0,0
1779177335586,62,HTTP Request,200,,Thread Group 1-106,text,true,,819,270,13,13,http://localhost.com:7010/api/bbs/sso/login,,61,UTF-8,1,0,FOUNDSJJ,0,0
1779177335454,260,HTTP Request,200,,Thread Group 1-104,text,true,,365,437,14,14,http://localhost.com:7010/api/bbs/user/updateLikeState?articleId=26,,260,UTF-8,1,0,FOUNDSJJ,0,0
1779177335504,250,HTTP Request,200,,Thread Group 1-102,text,true,,365,437,14,14,http://localhost.com:7010/api/bbs/user/updateLikeState?articleId=26,,250,UTF-8,1,0,FOUNDSJJ,0,0
1779177335687,71,HTTP Request,200,,Thread Group 1-107,text,true,,819,270,14,14,http://localhost.com:7010/api/bbs/sso/login,,71,UTF-8,1,0,FOUNDSJJ,0,1
1779177335541,267,HTTP Request,200,,Thread Group 1-94,text,true,,365,437,15,15,http://localhost.com:7010/api/bbs/user/updateLikeState?articleId=26,,267,UTF-8,1,0,FOUNDSJJ,0,0
1779177335531,277,HTTP Request,200,,Thread Group 1-97,text,true,,365,437,15,15,http://localhost.com:7010/api/bbs/user/updateLikeState?articleId=26,,277,UTF-8,1,0,FOUNDSJJ,0,0
1779177335530,278,HTTP Request,200,,Thread Group 1-100,text,true,,365,437,15,15,http://localhost.com:7010/api/bbs/user/updateLikeState?articleId=26,,278,UTF-8,1,0,FOUNDSJJ,0,0
1779177335540,268,HTTP Request,200,,Thread Group 1-105,text,true,,365,437,15,15,http://localhost.com:7010/api/bbs/user/updateLikeState?articleId=26,,268,UTF-8,1,0,FOUNDSJJ,0,0
1779177335585,252,HTTP Request,200,,Thread Group 1-95,text,true,,365,437,14,14,http://localhost.com:7010/api/bbs/user/updateLikeState?articleId=26,,252,UTF-8,1,0,FOUNDSJJ,0,0
1779177335585,253,HTTP Request,200,,Thread Group 1-103,text,true,,365,437,13,13,http://localhost.com:7010/api/bbs/user/updateLikeState?articleId=26,,253,UTF-8,1,0,FOUNDSJJ,0,0
1779177335788,56,HTTP Request,200,,Thread Group 1-108,text,true,,819,270,13,13,http://localhost.com:7010/api/bbs/sso/login,,55,UTF-8,1,0,FOUNDSJJ,0,1
1779177335648,245,HTTP Request,200,,Thread Group 1-101,text,true,,365,437,14,14,http://localhost.com:7010/api/bbs/user/updateLikeState?articleId=26,,245,UTF-8,1,0,FOUNDSJJ,0,0
1779177335643,251,HTTP Request,200,,Thread Group 1-96,text,true,,365,437,14,14,http://localhost.com:7010/api/bbs/user/updateLikeState?articleId=26,,251,UTF-8,1,0,FOUNDSJJ,0,0
1779177335644,258,HTTP Request,200,,Thread Group 1-98,text,true,,365,437,13,13,http://localhost.com:7010/api/bbs/user/updateLikeState?articleId=26,,258,UTF-8,1,0,FOUNDSJJ,0,0
1779177335648,254,HTTP Request,200,,Thread Group 1-106,text,true,,365,437,13,13,http://localhost.com:7010/api/bbs/user/updateLikeState?articleId=26,,254,UTF-8,1,0,FOUNDSJJ,0,0
1779177335643,259,HTTP Request,200,,Thread Group 1-99,text,true,,365,437,13,13,http://localhost.com:7010/api/bbs/user/updateLikeState?articleId=26,,259,UTF-8,1,0,FOUNDSJJ,0,0
1779177335887,56,HTTP Request,200,,Thread Group 1-109,text,true,,819,270,13,13,http://localhost.com:7010/api/bbs/sso/login,,55,UTF-8,1,0,FOUNDSJJ,0,1
1779177335715,286,HTTP Request,200,,Thread Group 1-104,text,true,,365,437,14,14,http://localhost.com:7010/api/bbs/user/updateLikeState?articleId=26,,286,UTF-8,1,0,FOUNDSJJ,0,0
1779177335755,259,HTTP Request,200,,Thread Group 1-102,text,true,,365,437,14,14,http://localhost.com:7010/api/bbs/user/updateLikeState?articleId=26,,258,UTF-8,1,0,FOUNDSJJ,0,0
1779177335758,256,HTTP Request,200,,Thread Group 1-107,text,true,,365,437,14,14,http://localhost.com:7010/api/bbs/user/updateLikeState?articleId=26,,256,UTF-8,1,0,FOUNDSJJ,0,0
1779177335808,234,HTTP Request,200,,Thread Group 1-100,text,true,,365,437,14,14,http://localhost.com:7010/api/bbs/user/updateLikeState?articleId=26,,234,UTF-8,1,0,FOUNDSJJ,0,0
1779177335986,58,HTTP Request,200,,Thread Group 1-110,text,true,,819,270,14,14,http://localhost.com:7010/api/bbs/sso/login,,57,UTF-8,1,0,FOUNDSJJ,0,1
1779177335808,236,HTTP Request,200,,Thread Group 1-97,text,true,,365,437,14,14,http://localhost.com:7010/api/bbs/user/updateLikeState?articleId=26,,236,UTF-8,1,0,FOUNDSJJ,0,0
1779177335809,251,HTTP Request,200,,Thread Group 1-105,text,true,,365,437,13,13,http://localhost.com:7010/api/bbs/user/updateLikeState?articleId=26,,250,UTF-8,1,0,FOUNDSJJ,0,0
1779177335838,232,HTTP Request,200,,Thread Group 1-103,text,true,,365,437,13,13,http://localhost.com:7010/api/bbs/user/updateLikeState?articleId=26,,232,UTF-8,1,0,FOUNDSJJ,0,0
1779177335845,245,HTTP Request,200,,Thread Group 1-108,text,true,,365,437,14,14,http://localhost.com:7010/api/bbs/user/updateLikeState?articleId=26,,245,UTF-8,1,0,FOUNDSJJ,0,0
1779177336086,56,HTTP Request,200,,Thread Group 1-111,text,true,,819,270,14,14,http://localhost.com:7010/api/bbs/sso/login,,55,UTF-8,1,0,FOUNDSJJ,0,1
1779177335903,239,HTTP Request,200,,Thread Group 1-106,text,true,,365,437,14,14,http://localhost.com:7010/api/bbs/user/updateLikeState?articleId=26,,239,UTF-8,1,0,FOUNDSJJ,0,0
1779177335894,248,HTTP Request,200,,Thread Group 1-101,text,true,,365,437,14,14,http://localhost.com:7010/api/bbs/user/updateLikeState?articleId=26,,248,UTF-8,1,0,FOUNDSJJ,0,0
1779177335903,240,HTTP Request,200,,Thread Group 1-99,text,true,,365,437,14,14,http://localhost.com:7010/api/bbs/user/updateLikeState?articleId=26,,239,UTF-8,1,0,FOUNDSJJ,0,0
1779177335903,240,HTTP Request,200,,Thread Group 1-98,text,true,,365,437,14,14,http://localhost.com:7010/api/bbs/user/updateLikeState?articleId=26,,240,UTF-8,1,0,FOUNDSJJ,0,0
1779177335943,242,HTTP Request,200,,Thread Group 1-109,text,true,,365,437,13,13,http://localhost.com:7010/api/bbs/user/updateLikeState?articleId=26,,242,UTF-8,1,0,FOUNDSJJ,0,0
1779177336185,48,HTTP Request,200,,Thread Group 1-112,text,true,,819,270,13,13,http://localhost.com:7010/api/bbs/sso/login,,47,UTF-8,1,0,FOUNDSJJ,0,1
1779177336002,243,HTTP Request,200,,Thread Group 1-104,text,true,,365,437,13,13,http://localhost.com:7010/api/bbs/user/updateLikeState?articleId=26,,242,UTF-8,1,0,FOUNDSJJ,0,0
1779177336015,233,HTTP Request,200,,Thread Group 1-107,text,true,,365,437,13,13,http://localhost.com:7010/api/bbs/user/updateLikeState?articleId=26,,233,UTF-8,1,0,FOUNDSJJ,0,0
1779177336014,250,HTTP Request,200,,Thread Group 1-102,text,true,,365,437,13,13,http://localhost.com:7010/api/bbs/user/updateLikeState?articleId=26,,250,UTF-8,1,0,FOUNDSJJ,0,0
1779177336045,226,HTTP Request,200,,Thread Group 1-110,text,true,,365,437,13,13,http://localhost.com:7010/api/bbs/user/updateLikeState?articleId=26,,226,UTF-8,1,0,FOUNDSJJ,0,0
1779177336043,228,HTTP Request,200,,Thread Group 1-100,text,true,,365,437,13,13,http://localhost.com:7010/api/bbs/user/updateLikeState?articleId=26,,228,UTF-8,1,0,FOUNDSJJ,0,0
1779177336060,232,HTTP Request,200,,Thread Group 1-105,text,true,,365,437,13,13,http://localhost.com:7010/api/bbs/user/updateLikeState?articleId=26,,232,UTF-8,1,0,FOUNDSJJ,0,0
1779177336070,237,HTTP Request,200,,Thread Group 1-103,text,true,,365,437,13,13,http://localhost.com:7010/api/bbs/user/updateLikeState?articleId=26,,237,UTF-8,1,0,FOUNDSJJ,0,0
1779177336286,57,HTTP Request,200,,Thread Group 1-113,text,true,,819,270,13,13,http://localhost.com:7010/api/bbs/sso/login,,57,UTF-8,1,0,FOUNDSJJ,0,1
1779177336091,253,HTTP Request,200,,Thread Group 1-108,text,true,,365,437,13,13,http://localhost.com:7010/api/bbs/user/updateLikeState?articleId=26,,253,UTF-8,1,0,FOUNDSJJ,0,0
1779177336143,240,HTTP Request,200,,Thread Group 1-101,text,true,,365,437,13,13,http://localhost.com:7010/api/bbs/user/updateLikeState?articleId=26,,240,UTF-8,1,0,FOUNDSJJ,0,0
1779177336142,241,HTTP Request,200,,Thread Group 1-106,text,true,,365,437,13,13,http://localhost.com:7010/api/bbs/user/updateLikeState?articleId=26,,241,UTF-8,1,0,FOUNDSJJ,0,0
1779177336142,243,HTTP Request,200,,Thread Group 1-111,text,true,,365,437,12,12,http://localhost.com:7010/api/bbs/user/updateLikeState?articleId=26,,243,UTF-8,1,0,FOUNDSJJ,0,0
1779177336186,215,HTTP Request,200,,Thread Group 1-109,text,true,,365,437,13,13,http://localhost.com:7010/api/bbs/user/updateLikeState?articleId=26,,215,UTF-8,1,0,FOUNDSJJ,0,0
1779177336386,57,HTTP Request,200,,Thread Group 1-114,text,true,,819,270,13,13,http://localhost.com:7010/api/bbs/sso/login,,56,UTF-8,1,0,FOUNDSJJ,0,1
1779177336234,216,HTTP Request,200,,Thread Group 1-112,text,true,,365,437,13,13,http://localhost.com:7010/api/bbs/user/updateLikeState?articleId=26,,216,UTF-8,1,0,FOUNDSJJ,0,0
1779177336245,229,HTTP Request,200,,Thread Group 1-104,text,true,,365,437,13,13,http://localhost.com:7010/api/bbs/user/updateLikeState?articleId=26,,229,UTF-8,1,0,FOUNDSJJ,0,0
1779177336249,226,HTTP Request,200,,Thread Group 1-107,text,true,,365,437,13,13,http://localhost.com:7010/api/bbs/user/updateLikeState?articleId=26,,225,UTF-8,1,0,FOUNDSJJ,0,0
1779177336271,207,HTTP Request,200,,Thread Group 1-110,text,true,,365,437,13,13,http://localhost.com:7010/api/bbs/user/updateLikeState?articleId=26,,207,UTF-8,1,0,FOUNDSJJ,0,0
1779177336264,215,HTTP Request,200,,Thread Group 1-102,text,true,,365,437,13,13,http://localhost.com:7010/api/bbs/user/updateLikeState?articleId=26,,214,UTF-8,1,0,FOUNDSJJ,0,0
1779177336293,219,HTTP Request,200,,Thread Group 1-105,text,true,,365,437,13,13,http://localhost.com:7010/api/bbs/user/updateLikeState?articleId=26,,219,UTF-8,1,0,FOUNDSJJ,0,0
1779177336485,53,HTTP Request,200,,Thread Group 1-115,text,true,,819,270,13,13,http://localhost.com:7010/api/bbs/sso/login,,52,UTF-8,1,0,FOUNDSJJ,0,1
1779177336308,236,HTTP Request,200,,Thread Group 1-103,text,true,,365,437,13,13,http://localhost.com:7010/api/bbs/user/updateLikeState?articleId=26,,236,UTF-8,1,0,FOUNDSJJ,0,0
1779177336345,226,HTTP Request,200,,Thread Group 1-108,text,true,,365,437,12,12,http://localhost.com:7010/api/bbs/user/updateLikeState?articleId=26,,226,UTF-8,1,0,FOUNDSJJ,0,0
1779177336344,235,HTTP Request,200,,Thread Group 1-113,text,true,,365,437,12,12,http://localhost.com:7010/api/bbs/user/updateLikeState?articleId=26,,234,UTF-8,1,0,FOUNDSJJ,0,0
1779177336386,225,HTTP Request,200,,Thread Group 1-111,text,true,,365,437,13,13,http://localhost.com:7010/api/bbs/user/updateLikeState?articleId=26,,225,UTF-8,1,0,FOUNDSJJ,0,0
1779177336384,236,HTTP Request,200,,Thread Group 1-106,text,true,,365,437,13,13,http://localhost.com:7010/api/bbs/user/updateLikeState?articleId=26,,236,UTF-8,1,0,FOUNDSJJ,0,0
1779177336585,51,HTTP Request,200,,Thread Group 1-116,text,true,,819,270,13,13,http://localhost.com:7010/api/bbs/sso/login,,50,UTF-8,1,0,FOUNDSJJ,0,1
1779177336402,235,HTTP Request,200,,Thread Group 1-109,text,true,,365,437,13,13,http://localhost.com:7010/api/bbs/user/updateLikeState?articleId=26,,234,UTF-8,1,0,FOUNDSJJ,0,0
1779177336443,224,HTTP Request,200,,Thread Group 1-114,text,true,,365,437,13,13,http://localhost.com:7010/api/bbs/user/updateLikeState?articleId=26,,224,UTF-8,1,0,FOUNDSJJ,0,0
1779177336451,239,HTTP Request,200,,Thread Group 1-112,text,true,,365,437,14,14,http://localhost.com:7010/api/bbs/user/updateLikeState?articleId=26,,239,UTF-8,1,0,FOUNDSJJ,0,0
1779177336475,233,HTTP Request,200,,Thread Group 1-107,text,true,,365,437,14,14,http://localhost.com:7010/api/bbs/user/updateLikeState?articleId=26,,233,UTF-8,1,0,FOUNDSJJ,0,0
1779177336475,243,HTTP Request,200,,Thread Group 1-104,text,true,,365,437,14,14,http://localhost.com:7010/api/bbs/user/updateLikeState?articleId=26,,243,UTF-8,1,0,FOUNDSJJ,0,0
1779177336479,239,HTTP Request,200,,Thread Group 1-110,text,true,,365,437,14,14,http://localhost.com:7010/api/bbs/user/updateLikeState?articleId=26,,239,UTF-8,1,0,FOUNDSJJ,0,0
1779177336512,224,HTTP Request,200,,Thread Group 1-105,text,true,,365,437,13,13,http://localhost.com:7010/api/bbs/user/updateLikeState?articleId=26,,224,UTF-8,1,0,FOUNDSJJ,0,0
1779177336685,57,HTTP Request,200,,Thread Group 1-117,text,true,,819,270,12,12,http://localhost.com:7010/api/bbs/sso/login,,56,UTF-8,1,0,FOUNDSJJ,0,1
1779177336539,223,HTTP Request,200,,Thread Group 1-115,text,true,,365,437,12,12,http://localhost.com:7010/api/bbs/user/updateLikeState?articleId=26,,223,UTF-8,1,0,FOUNDSJJ,0,0
1779177336580,214,HTTP Request,200,,Thread Group 1-113,text,true,,365,437,13,13,http://localhost.com:7010/api/bbs/user/updateLikeState?articleId=26,,214,UTF-8,1,0,FOUNDSJJ,0,0
1779177336571,223,HTTP Request,200,,Thread Group 1-108,text,true,,365,437,13,13,http://localhost.com:7010/api/bbs/user/updateLikeState?articleId=26,,223,UTF-8,1,0,FOUNDSJJ,0,0
1779177336785,53,HTTP Request,200,,Thread Group 1-118,text,true,,819,270,13,13,http://localhost.com:7010/api/bbs/sso/login,,52,UTF-8,1,0,FOUNDSJJ,0,1
1779177336621,217,HTTP Request,200,,Thread Group 1-106,text,true,,365,437,13,13,http://localhost.com:7010/api/bbs/user/updateLikeState?articleId=26,,217,UTF-8,1,0,FOUNDSJJ,0,0
1779177336612,227,HTTP Request,200,,Thread Group 1-111,text,true,,365,437,13,13,http://localhost.com:7010/api/bbs/user/updateLikeState?articleId=26,,227,UTF-8,1,0,FOUNDSJJ,0,0
1779177336637,229,HTTP Request,200,,Thread Group 1-116,text,true,,365,437,12,12,http://localhost.com:7010/api/bbs/user/updateLikeState?articleId=26,,229,UTF-8,1,0,FOUNDSJJ,0,0
1779177336637,229,HTTP Request,200,,Thread Group 1-109,text,true,,365,437,12,12,http://localhost.com:7010/api/bbs/user/updateLikeState?articleId=26,,229,UTF-8,1,0,FOUNDSJJ,0,0
1779177336668,231,HTTP Request,200,,Thread Group 1-114,text,true,,365,437,13,13,http://localhost.com:7010/api/bbs/user/updateLikeState?articleId=26,,231,UTF-8,1,0,FOUNDSJJ,0,0
1779177336690,243,HTTP Request,200,,Thread Group 1-112,text,true,,365,437,13,13,http://localhost.com:7010/api/bbs/user/updateLikeState?articleId=26,,242,UTF-8,1,0,FOUNDSJJ,0,0
1779177336709,227,HTTP Request,200,,Thread Group 1-107,text,true,,365,437,13,13,http://localhost.com:7010/api/bbs/user/updateLikeState?articleId=26,,226,UTF-8,1,0,FOUNDSJJ,0,0
1779177336886,59,HTTP Request,200,,Thread Group 1-119,text,true,,819,270,12,12,http://localhost.com:7010/api/bbs/sso/login,,59,UTF-8,1,0,FOUNDSJJ,0,1
1779177336719,251,HTTP Request,200,,Thread Group 1-110,text,true,,365,437,12,12,http://localhost.com:7010/api/bbs/user/updateLikeState?articleId=26,,250,UTF-8,1,0,FOUNDSJJ,0,0
1779177336742,256,HTTP Request,200,,Thread Group 1-117,text,true,,365,437,13,13,http://localhost.com:7010/api/bbs/user/updateLikeState?articleId=26,,255,UTF-8,1,0,FOUNDSJJ,0,0
1779177336763,235,HTTP Request,200,,Thread Group 1-115,text,true,,365,437,13,13,http://localhost.com:7010/api/bbs/user/updateLikeState?articleId=26,,234,UTF-8,1,0,FOUNDSJJ,0,0
1779177336795,240,HTTP Request,200,,Thread Group 1-113,text,true,,365,437,13,13,http://localhost.com:7010/api/bbs/user/updateLikeState?articleId=26,,240,UTF-8,1,0,FOUNDSJJ,0,0
1779177336795,241,HTTP Request,200,,Thread Group 1-108,text,true,,365,437,13,13,http://localhost.com:7010/api/bbs/user/updateLikeState?articleId=26,,241,UTF-8,1,0,FOUNDSJJ,0,0
1779177336986,54,HTTP Request,200,,Thread Group 1-120,text,true,,819,270,12,12,http://localhost.com:7010/api/bbs/sso/login,,53,UTF-8,1,0,FOUNDSJJ,0,1
1779177336839,255,HTTP Request,200,,Thread Group 1-118,text,true,,365,437,13,13,http://localhost.com:7010/api/bbs/user/updateLikeState?articleId=26,,255,UTF-8,1,0,FOUNDSJJ,0,0
1779177336840,254,HTTP Request,200,,Thread Group 1-111,text,true,,365,437,13,13,http://localhost.com:7010/api/bbs/user/updateLikeState?articleId=26,,254,UTF-8,1,0,FOUNDSJJ,0,0
1779177336867,240,HTTP Request,200,,Thread Group 1-109,text,true,,365,437,13,13,http://localhost.com:7010/api/bbs/user/updateLikeState?articleId=26,,240,UTF-8,1,0,FOUNDSJJ,0,0
1779177336867,241,HTTP Request,200,,Thread Group 1-116,text,true,,365,437,12,12,http://localhost.com:7010/api/bbs/user/updateLikeState?articleId=26,,241,UTF-8,1,0,FOUNDSJJ,0,0
1779177336901,237,HTTP Request,200,,Thread Group 1-114,text,true,,365,437,12,12,http://localhost.com:7010/api/bbs/user/updateLikeState?articleId=26,,237,UTF-8,1,0,FOUNDSJJ,0,0
1779177337085,54,HTTP Request,200,,Thread Group 1-121,text,true,,819,270,12,12,http://localhost.com:7010/api/bbs/sso/login,,53,UTF-8,1,0,FOUNDSJJ,0,1
1779177336946,235,HTTP Request,200,,Thread Group 1-119,text,true,,365,437,12,12,http://localhost.com:7010/api/bbs/user/updateLikeState?articleId=26,,235,UTF-8,1,0,FOUNDSJJ,0,0
1779177336933,249,HTTP Request,200,,Thread Group 1-112,text,true,,365,437,12,12,http://localhost.com:7010/api/bbs/user/updateLikeState?articleId=26,,249,UTF-8,1,0,FOUNDSJJ,0,0
1779177336971,241,HTTP Request,200,,Thread Group 1-110,text,true,,365,437,13,13,http://localhost.com:7010/api/bbs/user/updateLikeState?articleId=26,,240,UTF-8,1,0,FOUNDSJJ,0,0
1779177337186,51,HTTP Request,200,,Thread Group 1-122,text,true,,819,270,12,12,http://localhost.com:7010/api/bbs/sso/login,,50,UTF-8,1,0,FOUNDSJJ,0,1
1779177336998,243,HTTP Request,200,,Thread Group 1-115,text,true,,365,437,12,12,http://localhost.com:7010/api/bbs/user/updateLikeState?articleId=26,,243,UTF-8,1,0,FOUNDSJJ,0,0
1779177336998,245,HTTP Request,200,,Thread Group 1-117,text,true,,365,437,12,12,http://localhost.com:7010/api/bbs/user/updateLikeState?articleId=26,,245,UTF-8,1,0,FOUNDSJJ,0,0
1779177337041,230,HTTP Request,200,,Thread Group 1-120,text,true,,365,437,12,12,http://localhost.com:7010/api/bbs/user/updateLikeState?articleId=26,,230,UTF-8,1,0,FOUNDSJJ,0,0
1779177337036,236,HTTP Request,200,,Thread Group 1-113,text,true,,365,437,12,12,http://localhost.com:7010/api/bbs/user/updateLikeState?articleId=26,,235,UTF-8,1,0,FOUNDSJJ,0,0
1779177337095,220,HTTP Request,200,,Thread Group 1-118,text,true,,365,437,13,13,http://localhost.com:7010/api/bbs/user/updateLikeState?articleId=26,,220,UTF-8,1,0,FOUNDSJJ,0,0
1779177337095,222,HTTP Request,200,,Thread Group 1-111,text,true,,365,437,13,13,http://localhost.com:7010/api/bbs/user/updateLikeState?articleId=26,,221,UTF-8,1,0,FOUNDSJJ,0,0
1779177337109,239,HTTP Request,200,,Thread Group 1-116,text,true,,365,437,12,12,http://localhost.com:7010/api/bbs/user/updateLikeState?articleId=26,,238,UTF-8,1,0,FOUNDSJJ,0,0
1779177337286,65,HTTP Request,200,,Thread Group 1-123,text,true,,819,270,12,12,http://localhost.com:7010/api/bbs/sso/login,,64,UTF-8,1,0,FOUNDSJJ,0,0
1779177337139,238,HTTP Request,200,,Thread Group 1-121,text,true,,365,437,12,12,http://localhost.com:7010/api/bbs/user/updateLikeState?articleId=26,,238,UTF-8,1,0,FOUNDSJJ,0,0
1779177337139,239,HTTP Request,200,,Thread Group 1-114,text,true,,365,437,12,12,http://localhost.com:7010/api/bbs/user/updateLikeState?articleId=26,,239,UTF-8,1,0,FOUNDSJJ,0,0
1779177337182,227,HTTP Request,200,,Thread Group 1-112,text,true,,365,437,13,13,http://localhost.com:7010/api/bbs/user/updateLikeState?articleId=26,,227,UTF-8,1,0,FOUNDSJJ,0,0
1779177337182,227,HTTP Request,200,,Thread Group 1-119,text,true,,365,437,13,13,http://localhost.com:7010/api/bbs/user/updateLikeState?articleId=26,,227,UTF-8,1,0,FOUNDSJJ,0,0
1779177337386,46,HTTP Request,200,,Thread Group 1-124,text,true,,819,270,12,12,http://localhost.com:7010/api/bbs/sso/login,,46,UTF-8,1,0,FOUNDSJJ,0,1
1779177337237,236,HTTP Request,200,,Thread Group 1-122,text,true,,365,437,12,12,http://localhost.com:7010/api/bbs/user/updateLikeState?articleId=26,,236,UTF-8,1,0,FOUNDSJJ,0,0
1779177337241,236,HTTP Request,200,,Thread Group 1-115,text,true,,365,437,12,12,http://localhost.com:7010/api/bbs/user/updateLikeState?articleId=26,,236,UTF-8,1,0,FOUNDSJJ,0,0
1779177337244,233,HTTP Request,200,,Thread Group 1-117,text,true,,365,437,12,12,http://localhost.com:7010/api/bbs/user/updateLikeState?articleId=26,,233,UTF-8,1,0,FOUNDSJJ,0,0
1779177337273,245,HTTP Request,200,,Thread Group 1-113,text,true,,365,437,13,13,http://localhost.com:7010/api/bbs/user/updateLikeState?articleId=26,,245,UTF-8,1,0,FOUNDSJJ,0,0
1779177337273,245,HTTP Request,200,,Thread Group 1-120,text,true,,365,437,13,13,http://localhost.com:7010/api/bbs/user/updateLikeState?articleId=26,,245,UTF-8,1,0,FOUNDSJJ,0,0
1779177337486,56,HTTP Request,200,,Thread Group 1-125,text,true,,819,270,12,12,http://localhost.com:7010/api/bbs/sso/login,,55,UTF-8,1,0,FOUNDSJJ,0,0
1779177337316,240,HTTP Request,200,,Thread Group 1-118,text,true,,365,437,12,12,http://localhost.com:7010/api/bbs/user/updateLikeState?articleId=26,,240,UTF-8,1,0,FOUNDSJJ,0,0
1779177337351,227,HTTP Request,200,,Thread Group 1-123,text,true,,365,437,12,12,http://localhost.com:7010/api/bbs/user/updateLikeState?articleId=26,,227,UTF-8,1,0,FOUNDSJJ,0,0
1779177337348,231,HTTP Request,200,,Thread Group 1-116,text,true,,365,437,12,12,http://localhost.com:7010/api/bbs/user/updateLikeState?articleId=26,,231,UTF-8,1,0,FOUNDSJJ,0,0
1779177337378,239,HTTP Request,200,,Thread Group 1-121,text,true,,365,437,13,13,http://localhost.com:7010/api/bbs/user/updateLikeState?articleId=26,,239,UTF-8,1,0,FOUNDSJJ,0,0
1779177337379,239,HTTP Request,200,,Thread Group 1-114,text,true,,365,437,13,13,http://localhost.com:7010/api/bbs/user/updateLikeState?articleId=26,,239,UTF-8,1,0,FOUNDSJJ,0,0
1779177337410,221,HTTP Request,200,,Thread Group 1-119,text,true,,365,437,12,12,http://localhost.com:7010/api/bbs/user/updateLikeState?articleId=26,,221,UTF-8,1,0,FOUNDSJJ,0,0
1779177337586,52,HTTP Request,200,,Thread Group 1-126,text,true,,819,270,12,12,http://localhost.com:7010/api/bbs/sso/login,,52,UTF-8,1,0,FOUNDSJJ,0,1
1779177337433,247,HTTP Request,200,,Thread Group 1-124,text,true,,365,437,12,12,http://localhost.com:7010/api/bbs/user/updateLikeState?articleId=26,,247,UTF-8,1,0,FOUNDSJJ,0,0
1779177337478,229,HTTP Request,200,,Thread Group 1-117,text,true,,365,437,13,13,http://localhost.com:7010/api/bbs/user/updateLikeState?articleId=26,,229,UTF-8,1,0,FOUNDSJJ,0,0
1779177337475,233,HTTP Request,200,,Thread Group 1-122,text,true,,365,437,13,13,http://localhost.com:7010/api/bbs/user/updateLikeState?articleId=26,,233,UTF-8,1,0,FOUNDSJJ,0,0
1779177337477,231,HTTP Request,200,,Thread Group 1-115,text,true,,365,437,13,13,http://localhost.com:7010/api/bbs/user/updateLikeState?articleId=26,,231,UTF-8,1,0,FOUNDSJJ,0,0
1779177337686,63,HTTP Request,200,,Thread Group 1-127,text,true,,819,270,12,12,http://localhost.com:7010/api/bbs/sso/login,,63,UTF-8,1,0,FOUNDSJJ,0,1
1779177337518,242,HTTP Request,200,,Thread Group 1-120,text,true,,365,437,12,12,http://localhost.com:7010/api/bbs/user/updateLikeState?articleId=26,,242,UTF-8,1,0,FOUNDSJJ,0,0
1779177337543,227,HTTP Request,200,,Thread Group 1-125,text,true,,365,437,12,12,http://localhost.com:7010/api/bbs/user/updateLikeState?articleId=26,,227,UTF-8,1,0,FOUNDSJJ,0,0
1779177337557,237,HTTP Request,200,,Thread Group 1-118,text,true,,365,437,13,13,http://localhost.com:7010/api/bbs/user/updateLikeState?articleId=26,,237,UTF-8,1,0,FOUNDSJJ,0,0
1779177337579,231,HTTP Request,200,,Thread Group 1-116,text,true,,365,437,13,13,http://localhost.com:7010/api/bbs/user/updateLikeState?articleId=26,,231,UTF-8,1,0,FOUNDSJJ,0,0
1779177337579,232,HTTP Request,200,,Thread Group 1-123,text,true,,365,437,13,13,http://localhost.com:7010/api/bbs/user/updateLikeState?articleId=26,,232,UTF-8,1,0,FOUNDSJJ,0,0
1779177337786,50,HTTP Request,200,,Thread Group 1-128,text,true,,819,270,12,12,http://localhost.com:7010/api/bbs/sso/login,,49,UTF-8,1,0,FOUNDSJJ,0,1
1779177337631,223,HTTP Request,200,,Thread Group 1-119,text,true,,365,437,12,12,http://localhost.com:7010/api/bbs/user/updateLikeState?articleId=26,,223,UTF-8,1,0,FOUNDSJJ,0,0
1779177337618,248,HTTP Request,200,,Thread Group 1-121,text,true,,365,437,12,12,http://localhost.com:7010/api/bbs/user/updateLikeState?articleId=26,,248,UTF-8,1,0,FOUNDSJJ,0,0
1779177337639,234,HTTP Request,200,,Thread Group 1-126,text,true,,365,437,12,12,http://localhost.com:7010/api/bbs/user/updateLikeState?articleId=26,,234,UTF-8,1,0,FOUNDSJJ,0,0
1779177337680,231,HTTP Request,200,,Thread Group 1-124,text,true,,365,437,13,13,http://localhost.com:7010/api/bbs/user/updateLikeState?articleId=26,,231,UTF-8,1,0,FOUNDSJJ,0,0
1779177337708,228,HTTP Request,200,,Thread Group 1-122,text,true,,365,437,13,13,http://localhost.com:7010/api/bbs/user/updateLikeState?articleId=26,,228,UTF-8,1,0,FOUNDSJJ,0,0
1779177337708,229,HTTP Request,200,,Thread Group 1-117,text,true,,365,437,13,13,http://localhost.com:7010/api/bbs/user/updateLikeState?articleId=26,,228,UTF-8,1,0,FOUNDSJJ,0,0
1779177337888,63,HTTP Request,200,,Thread Group 1-129,text,true,,819,270,12,12,http://localhost.com:7010/api/bbs/sso/login,,62,UTF-8,1,0,FOUNDSJJ,0,1
1779177337750,214,HTTP Request,200,,Thread Group 1-127,text,true,,365,437,12,12,http://localhost.com:7010/api/bbs/user/updateLikeState?articleId=26,,214,UTF-8,1,0,FOUNDSJJ,0,0
1779177337761,226,HTTP Request,200,,Thread Group 1-120,text,true,,365,437,12,12,http://localhost.com:7010/api/bbs/user/updateLikeState?articleId=26,,226,UTF-8,1,0,FOUNDSJJ,0,0
1779177337794,214,HTTP Request,200,,Thread Group 1-118,text,true,,365,437,13,13,http://localhost.com:7010/api/bbs/user/updateLikeState?articleId=26,,214,UTF-8,1,0,FOUNDSJJ,0,0
1779177337770,239,HTTP Request,200,,Thread Group 1-125,text,true,,365,437,12,12,http://localhost.com:7010/api/bbs/user/updateLikeState?articleId=26,,239,UTF-8,1,0,FOUNDSJJ,0,0
1779177337988,60,HTTP Request,200,,Thread Group 1-130,text,true,,819,270,12,12,http://localhost.com:7010/api/bbs/sso/login,,58,UTF-8,1,0,FOUNDSJJ,0,1
1779177337811,237,HTTP Request,200,,Thread Group 1-123,text,true,,365,437,12,12,http://localhost.com:7010/api/bbs/user/updateLikeState?articleId=26,,237,UTF-8,1,0,FOUNDSJJ,0,0
1779177337836,242,HTTP Request,200,,Thread Group 1-128,text,true,,365,437,12,12,http://localhost.com:7010/api/bbs/user/updateLikeState?articleId=26,,242,UTF-8,1,0,FOUNDSJJ,0,0
1779177337855,227,HTTP Request,200,,Thread Group 1-119,text,true,,365,437,12,12,http://localhost.com:7010/api/bbs/user/updateLikeState?articleId=26,,227,UTF-8,1,0,FOUNDSJJ,0,0
1779177337873,229,HTTP Request,200,,Thread Group 1-126,text,true,,365,437,12,12,http://localhost.com:7010/api/bbs/user/updateLikeState?articleId=26,,229,UTF-8,1,0,FOUNDSJJ,0,0
1779177337867,254,HTTP Request,200,,Thread Group 1-121,text,true,,365,437,12,12,http://localhost.com:7010/api/bbs/user/updateLikeState?articleId=26,,254,UTF-8,1,0,FOUNDSJJ,0,0
1779177338088,57,HTTP Request,200,,Thread Group 1-131,text,true,,819,270,12,12,http://localhost.com:7010/api/bbs/sso/login,,56,UTF-8,1,0,FOUNDSJJ,0,0
1779177337912,238,HTTP Request,200,,Thread Group 1-124,text,true,,365,437,12,12,http://localhost.com:7010/api/bbs/user/updateLikeState?articleId=26,,238,UTF-8,1,0,FOUNDSJJ,0,0
1779177337937,232,HTTP Request,200,,Thread Group 1-122,text,true,,365,437,12,12,http://localhost.com:7010/api/bbs/user/updateLikeState?articleId=26,,232,UTF-8,1,0,FOUNDSJJ,0,0
1779177337951,236,HTTP Request,200,,Thread Group 1-129,text,true,,365,437,13,13,http://localhost.com:7010/api/bbs/user/updateLikeState?articleId=26,,236,UTF-8,1,0,FOUNDSJJ,0,0
1779177337988,232,HTTP Request,200,,Thread Group 1-120,text,true,,365,437,13,13,http://localhost.com:7010/api/bbs/user/updateLikeState?articleId=26,,232,UTF-8,1,0,FOUNDSJJ,0,0
1779177337972,249,HTTP Request,200,,Thread Group 1-127,text,true,,365,437,13,13,http://localhost.com:7010/api/bbs/user/updateLikeState?articleId=26,,249,UTF-8,1,0,FOUNDSJJ,0,0
1779177338185,54,HTTP Request,200,,Thread Group 1-132,text,true,,819,270,12,12,http://localhost.com:7010/api/bbs/sso/login,,53,UTF-8,1,0,FOUNDSJJ,0,1
1779177338009,254,HTTP Request,200,,Thread Group 1-125,text,true,,365,437,12,12,http://localhost.com:7010/api/bbs/user/updateLikeState?articleId=26,,254,UTF-8,1,0,FOUNDSJJ,0,0
1779177338048,227,HTTP Request,200,,Thread Group 1-123,text,true,,365,437,12,12,http://localhost.com:7010/api/bbs/user/updateLikeState?articleId=26,,226,UTF-8,1,0,FOUNDSJJ,0,0
1779177338048,255,HTTP Request,200,,Thread Group 1-130,text,true,,365,437,13,13,http://localhost.com:7010/api/bbs/user/updateLikeState?articleId=26,,255,UTF-8,1,0,FOUNDSJJ,0,0
1779177338079,250,HTTP Request,200,,Thread Group 1-128,text,true,,365,437,13,13,http://localhost.com:7010/api/bbs/user/updateLikeState?articleId=26,,250,UTF-8,1,0,FOUNDSJJ,0,0
1779177338285,68,HTTP Request,200,,Thread Group 1-133,text,true,,819,270,13,13,http://localhost.com:7010/api/bbs/sso/login,,68,UTF-8,1,0,FOUNDSJJ,0,1
1779177338103,250,HTTP Request,200,,Thread Group 1-126,text,true,,365,437,13,13,http://localhost.com:7010/api/bbs/user/updateLikeState?articleId=26,,250,UTF-8,1,0,FOUNDSJJ,0,0
1779177338121,265,HTTP Request,200,,Thread Group 1-121,text,true,,365,437,14,14,http://localhost.com:7010/api/bbs/user/updateLikeState?articleId=26,,265,UTF-8,1,0,FOUNDSJJ,0,0
1779177338146,245,HTTP Request,200,,Thread Group 1-131,text,true,,365,437,13,13,http://localhost.com:7010/api/bbs/user/updateLikeState?articleId=26,,245,UTF-8,1,0,FOUNDSJJ,0,0
1779177338150,241,HTTP Request,200,,Thread Group 1-124,text,true,,365,437,13,13,http://localhost.com:7010/api/bbs/user/updateLikeState?articleId=26,,241,UTF-8,1,0,FOUNDSJJ,0,0
1779177338169,251,HTTP Request,200,,Thread Group 1-122,text,true,,365,437,13,13,http://localhost.com:7010/api/bbs/user/updateLikeState?articleId=26,,251,UTF-8,1,0,FOUNDSJJ,0,0
1779177338386,52,HTTP Request,200,,Thread Group 1-134,text,true,,819,270,12,12,http://localhost.com:7010/api/bbs/sso/login,,51,UTF-8,1,0,FOUNDSJJ,0,1
1779177338187,268,HTTP Request,200,,Thread Group 1-129,text,true,,365,437,12,12,http://localhost.com:7010/api/bbs/user/updateLikeState?articleId=26,,268,UTF-8,1,0,FOUNDSJJ,0,0
1779177338221,255,HTTP Request,200,,Thread Group 1-127,text,true,,365,437,12,12,http://localhost.com:7010/api/bbs/user/updateLikeState?articleId=26,,255,UTF-8,1,0,FOUNDSJJ,0,0
1779177338240,244,HTTP Request,200,,Thread Group 1-132,text,true,,365,437,12,12,http://localhost.com:7010/api/bbs/user/updateLikeState?articleId=26,,243,UTF-8,1,0,FOUNDSJJ,0,0
1779177338264,238,HTTP Request,200,,Thread Group 1-125,text,true,,365,437,13,13,http://localhost.com:7010/api/bbs/user/updateLikeState?articleId=26,,238,UTF-8,1,0,FOUNDSJJ,0,0
1779177338275,244,HTTP Request,200,,Thread Group 1-123,text,true,,365,437,13,13,http://localhost.com:7010/api/bbs/user/updateLikeState?articleId=26,,244,UTF-8,1,0,FOUNDSJJ,0,0
1779177338485,50,HTTP Request,200,,Thread Group 1-135,text,true,,819,270,12,12,http://localhost.com:7010/api/bbs/sso/login,,49,UTF-8,1,0,FOUNDSJJ,0,1
1779177338330,236,HTTP Request,200,,Thread Group 1-128,text,true,,365,437,12,12,http://localhost.com:7010/api/bbs/user/updateLikeState?articleId=26,,235,UTF-8,1,0,FOUNDSJJ,0,0
1779177338304,263,HTTP Request,200,,Thread Group 1-130,text,true,,365,437,12,12,http://localhost.com:7010/api/bbs/user/updateLikeState?articleId=26,,262,UTF-8,1,0,FOUNDSJJ,0,0
1779177338354,226,HTTP Request,200,,Thread Group 1-133,text,true,,365,437,12,12,http://localhost.com:7010/api/bbs/user/updateLikeState?articleId=26,,226,UTF-8,1,0,FOUNDSJJ,0,0
1779177338354,241,HTTP Request,200,,Thread Group 1-126,text,true,,365,437,13,13,http://localhost.com:7010/api/bbs/user/updateLikeState?articleId=26,,241,UTF-8,1,0,FOUNDSJJ,0,0
1779177338392,235,HTTP Request,200,,Thread Group 1-131,text,true,,365,437,13,13,http://localhost.com:7010/api/bbs/user/updateLikeState?articleId=26,,235,UTF-8,1,0,FOUNDSJJ,0,0
1779177338392,236,HTTP Request,200,,Thread Group 1-124,text,true,,365,437,13,13,http://localhost.com:7010/api/bbs/user/updateLikeState?articleId=26,,235,UTF-8,1,0,FOUNDSJJ,0,0
1779177338587,54,HTTP Request,200,,Thread Group 1-136,text,true,,819,270,12,12,http://localhost.com:7010/api/bbs/sso/login,,53,UTF-8,1,0,FOUNDSJJ,0,1
1779177338439,232,HTTP Request,200,,Thread Group 1-134,text,true,,365,437,12,12,http://localhost.com:7010/api/bbs/user/updateLikeState?articleId=26,,231,UTF-8,1,0,FOUNDSJJ,0,0
1779177338456,250,HTTP Request,200,,Thread Group 1-129,text,true,,365,437,13,13,http://localhost.com:7010/api/bbs/user/updateLikeState?articleId=26,,250,UTF-8,1,0,FOUNDSJJ,0,0
1779177338477,229,HTTP Request,200,,Thread Group 1-127,text,true,,365,437,13,13,http://localhost.com:7010/api/bbs/user/updateLikeState?articleId=26,,229,UTF-8,1,0,FOUNDSJJ,0,0
1779177338484,228,HTTP Request,200,,Thread Group 1-132,text,true,,365,437,13,13,http://localhost.com:7010/api/bbs/user/updateLikeState?articleId=26,,228,UTF-8,1,0,FOUNDSJJ,0,0
1779177338687,52,HTTP Request,200,,Thread Group 1-137,text,true,,819,270,13,13,http://localhost.com:7010/api/bbs/sso/login,,52,UTF-8,1,0,FOUNDSJJ,0,0
1779177338503,238,HTTP Request,200,,Thread Group 1-125,text,true,,365,437,13,13,http://localhost.com:7010/api/bbs/user/updateLikeState?articleId=26,,238,UTF-8,1,0,FOUNDSJJ,0,0
1779177338536,234,HTTP Request,200,,Thread Group 1-135,text,true,,365,437,12,12,http://localhost.com:7010/api/bbs/user/updateLikeState?articleId=26,,234,UTF-8,1,0,FOUNDSJJ,0,0
1779177338567,232,HTTP Request,200,,Thread Group 1-130,text,true,,365,437,13,13,http://localhost.com:7010/api/bbs/user/updateLikeState?articleId=26,,232,UTF-8,1,0,FOUNDSJJ,0,0
1779177338581,221,HTTP Request,200,,Thread Group 1-133,text,true,,365,437,13,13,http://localhost.com:7010/api/bbs/user/updateLikeState?articleId=26,,221,UTF-8,1,0,FOUNDSJJ,0,0
1779177338566,237,HTTP Request,200,,Thread Group 1-128,text,true,,365,437,13,13,http://localhost.com:7010/api/bbs/user/updateLikeState?articleId=26,,236,UTF-8,1,0,FOUNDSJJ,0,0
1779177338595,238,HTTP Request,200,,Thread Group 1-126,text,true,,365,437,13,13,http://localhost.com:7010/api/bbs/user/updateLikeState?articleId=26,,238,UTF-8,1,0,FOUNDSJJ,0,0
1779177338786,58,HTTP Request,200,,Thread Group 1-138,text,true,,819,270,12,12,http://localhost.com:7010/api/bbs/sso/login,,57,UTF-8,1,0,FOUNDSJJ,0,0
1779177338628,244,HTTP Request,200,,Thread Group 1-131,text,true,,365,437,12,12,http://localhost.com:7010/api/bbs/user/updateLikeState?articleId=26,,244,UTF-8,1,0,FOUNDSJJ,0,0
1779177338642,234,HTTP Request,200,,Thread Group 1-136,text,true,,365,437,12,12,http://localhost.com:7010/api/bbs/user/updateLikeState?articleId=26,,234,UTF-8,1,0,FOUNDSJJ,0,0
1779177338671,238,HTTP Request,200,,Thread Group 1-134,text,true,,365,437,13,13,http://localhost.com:7010/api/bbs/user/updateLikeState?articleId=26,,237,UTF-8,1,0,FOUNDSJJ,0,0
1779177338886,51,HTTP Request,200,,Thread Group 1-139,text,true,,819,270,13,13,http://localhost.com:7010/api/bbs/sso/login,,50,UTF-8,1,0,FOUNDSJJ,0,0
1779177338707,230,HTTP Request,200,,Thread Group 1-127,text,true,,365,437,13,13,http://localhost.com:7010/api/bbs/user/updateLikeState?articleId=26,,230,UTF-8,1,0,FOUNDSJJ,0,0
1779177338712,249,HTTP Request,200,,Thread Group 1-132,text,true,,365,437,12,12,http://localhost.com:7010/api/bbs/user/updateLikeState?articleId=26,,249,UTF-8,1,0,FOUNDSJJ,0,0
1779177338707,255,HTTP Request,200,,Thread Group 1-129,text,true,,365,437,12,12,http://localhost.com:7010/api/bbs/user/updateLikeState?articleId=26,,254,UTF-8,1,0,FOUNDSJJ,0,0
1779177338741,226,HTTP Request,200,,Thread Group 1-137,text,true,,365,437,12,12,http://localhost.com:7010/api/bbs/user/updateLikeState?articleId=26,,225,UTF-8,1,0,FOUNDSJJ,0,0
1779177338771,231,HTTP Request,200,,Thread Group 1-135,text,true,,365,437,13,13,http://localhost.com:7010/api/bbs/user/updateLikeState?articleId=26,,231,UTF-8,1,0,FOUNDSJJ,0,0
1779177338985,63,HTTP Request,200,,Thread Group 1-140,text,true,,819,270,13,13,http://localhost.com:7010/api/bbs/sso/login,,62,UTF-8,1,0,FOUNDSJJ,0,1
1779177338800,262,HTTP Request,200,,Thread Group 1-130,text,true,,365,437,13,13,http://localhost.com:7010/api/bbs/user/updateLikeState?articleId=26,,262,UTF-8,1,0,FOUNDSJJ,0,0
1779177338802,260,HTTP Request,200,,Thread Group 1-133,text,true,,365,437,13,13,http://localhost.com:7010/api/bbs/user/updateLikeState?articleId=26,,260,UTF-8,1,0,FOUNDSJJ,0,0
1779177338803,260,HTTP Request,200,,Thread Group 1-128,text,true,,365,437,13,13,http://localhost.com:7010/api/bbs/user/updateLikeState?articleId=26,,260,UTF-8,1,0,FOUNDSJJ,0,0
1779177338845,245,HTTP Request,200,,Thread Group 1-138,text,true,,365,437,13,13,http://localhost.com:7010/api/bbs/user/updateLikeState?articleId=26,,244,UTF-8,1,0,FOUNDSJJ,0,0
1779177338873,234,HTTP Request,200,,Thread Group 1-131,text,true,,365,437,13,13,http://localhost.com:7010/api/bbs/user/updateLikeState?articleId=26,,234,UTF-8,1,0,FOUNDSJJ,0,0
1779177338877,244,HTTP Request,200,,Thread Group 1-136,text,true,,365,437,13,13,http://localhost.com:7010/api/bbs/user/updateLikeState?articleId=26,,244,UTF-8,1,0,FOUNDSJJ,0,0
1779177339084,52,HTTP Request,200,,Thread Group 1-141,text,true,,819,270,13,13,http://localhost.com:7010/api/bbs/sso/login,,51,UTF-8,1,0,FOUNDSJJ,0,1
1779177338909,245,HTTP Request,200,,Thread Group 1-134,text,true,,365,437,13,13,http://localhost.com:7010/api/bbs/user/updateLikeState?articleId=26,,245,UTF-8,1,0,FOUNDSJJ,0,0
1779177338937,229,HTTP Request,200,,Thread Group 1-139,text,true,,365,437,13,13,http://localhost.com:7010/api/bbs/user/updateLikeState?articleId=26,,228,UTF-8,1,0,FOUNDSJJ,0,0
1779177338962,236,HTTP Request,200,,Thread Group 1-129,text,true,,365,437,14,14,http://localhost.com:7010/api/bbs/user/updateLikeState?articleId=26,,236,UTF-8,1,0,FOUNDSJJ,0,0
1779177338962,236,HTTP Request,200,,Thread Group 1-132,text,true,,365,437,14,14,http://localhost.com:7010/api/bbs/user/updateLikeState?articleId=26,,236,UTF-8,1,0,FOUNDSJJ,0,0
1779177338975,241,HTTP Request,200,,Thread Group 1-137,text,true,,365,437,13,13,http://localhost.com:7010/api/bbs/user/updateLikeState?articleId=26,,241,UTF-8,1,0,FOUNDSJJ,0,0
1779177339185,53,HTTP Request,200,,Thread Group 1-142,text,true,,819,270,13,13,http://localhost.com:7010/api/bbs/sso/login,,52,UTF-8,1,0,FOUNDSJJ,0,0
1779177339003,242,HTTP Request,200,,Thread Group 1-135,text,true,,365,437,13,13,http://localhost.com:7010/api/bbs/user/updateLikeState?articleId=26,,241,UTF-8,1,0,FOUNDSJJ,0,0
1779177339062,217,HTTP Request,200,,Thread Group 1-130,text,true,,365,437,13,13,http://localhost.com:7010/api/bbs/user/updateLikeState?articleId=26,,216,UTF-8,1,0,FOUNDSJJ,0,0
1779177339049,230,HTTP Request,200,,Thread Group 1-140,text,true,,365,437,13,13,http://localhost.com:7010/api/bbs/user/updateLikeState?articleId=26,,230,UTF-8,1,0,FOUNDSJJ,0,0
1779177339063,237,HTTP Request,200,,Thread Group 1-133,text,true,,365,437,13,13,http://localhost.com:7010/api/bbs/user/updateLikeState?articleId=26,,236,UTF-8,1,0,FOUNDSJJ,0,0
1779177339089,230,HTTP Request,200,,Thread Group 1-138,text,true,,365,437,13,13,http://localhost.com:7010/api/bbs/user/updateLikeState?articleId=26,,229,UTF-8,1,0,FOUNDSJJ,0,0
1779177339107,220,HTTP Request,200,,Thread Group 1-131,text,true,,365,437,13,13,http://localhost.com:7010/api/bbs/user/updateLikeState?articleId=26,,220,UTF-8,1,0,FOUNDSJJ,0,0
1779177339285,51,HTTP Request,200,,Thread Group 1-143,text,true,,819,270,12,12,http://localhost.com:7010/api/bbs/sso/login,,50,UTF-8,1,0,FOUNDSJJ,0,1
1779177339120,233,HTTP Request,200,,Thread Group 1-136,text,true,,365,437,12,12,http://localhost.com:7010/api/bbs/user/updateLikeState?articleId=26,,233,UTF-8,1,0,FOUNDSJJ,0,0
1779177339136,234,HTTP Request,200,,Thread Group 1-141,text,true,,365,437,12,12,http://localhost.com:7010/api/bbs/user/updateLikeState?articleId=26,,234,UTF-8,1,0,FOUNDSJJ,0,0
1779177339153,236,HTTP Request,200,,Thread Group 1-134,text,true,,365,437,13,13,http://localhost.com:7010/api/bbs/user/updateLikeState?articleId=26,,236,UTF-8,1,0,FOUNDSJJ,0,0
1779177339165,232,HTTP Request,200,,Thread Group 1-139,text,true,,365,437,13,13,http://localhost.com:7010/api/bbs/user/updateLikeState?articleId=26,,232,UTF-8,1,0,FOUNDSJJ,0,0
1779177339198,219,HTTP Request,200,,Thread Group 1-132,text,true,,365,437,13,13,http://localhost.com:7010/api/bbs/user/updateLikeState?articleId=26,,219,UTF-8,1,0,FOUNDSJJ,0,0
1779177339386,81,HTTP Request,200,,Thread Group 1-144,text,true,,819,270,12,12,http://localhost.com:7010/api/bbs/sso/login,,80,UTF-8,1,0,FOUNDSJJ,0,0
1779177339215,252,HTTP Request,200,,Thread Group 1-137,text,true,,365,437,12,12,http://localhost.com:7010/api/bbs/user/updateLikeState?articleId=26,,251,UTF-8,1,0,FOUNDSJJ,0,0
1779177339244,257,HTTP Request,200,,Thread Group 1-135,text,true,,365,437,13,13,http://localhost.com:7010/api/bbs/user/updateLikeState?articleId=26,,256,UTF-8,1,0,FOUNDSJJ,0,0
1779177339239,262,HTTP Request,200,,Thread Group 1-142,text,true,,365,437,13,13,http://localhost.com:7010/api/bbs/user/updateLikeState?articleId=26,,262,UTF-8,1,0,FOUNDSJJ,0,0
1779177339278,256,HTTP Request,200,,Thread Group 1-140,text,true,,365,437,13,13,http://localhost.com:7010/api/bbs/user/updateLikeState?articleId=26,,256,UTF-8,1,0,FOUNDSJJ,0,0
1779177339485,49,HTTP Request,200,,Thread Group 1-145,text,true,,819,270,13,13,http://localhost.com:7010/api/bbs/sso/login,,48,UTF-8,1,0,FOUNDSJJ,0,1
1779177339299,246,HTTP Request,200,,Thread Group 1-133,text,true,,365,437,13,13,http://localhost.com:7010/api/bbs/user/updateLikeState?articleId=26,,246,UTF-8,1,0,FOUNDSJJ,0,0
1779177339319,248,HTTP Request,200,,Thread Group 1-138,text,true,,365,437,12,12,http://localhost.com:7010/api/bbs/user/updateLikeState?articleId=26,,248,UTF-8,1,0,FOUNDSJJ,0,0
1779177339336,259,HTTP Request,200,,Thread Group 1-143,text,true,,365,437,13,13,http://localhost.com:7010/api/bbs/user/updateLikeState?articleId=26,,259,UTF-8,1,0,FOUNDSJJ,0,0
1779177339353,243,HTTP Request,200,,Thread Group 1-136,text,true,,365,437,13,13,http://localhost.com:7010/api/bbs/user/updateLikeState?articleId=26,,243,UTF-8,1,0,FOUNDSJJ,0,0
1779177339371,228,HTTP Request,200,,Thread Group 1-141,text,true,,365,437,13,13,http://localhost.com:7010/api/bbs/user/updateLikeState?articleId=26,,228,UTF-8,1,0,FOUNDSJJ,0,0
1779177339390,253,HTTP Request,200,,Thread Group 1-134,text,true,,365,437,13,13,http://localhost.com:7010/api/bbs/user/updateLikeState?articleId=26,,253,UTF-8,1,0,FOUNDSJJ,0,0
1779177339398,245,HTTP Request,200,,Thread Group 1-139,text,true,,365,437,13,13,http://localhost.com:7010/api/bbs/user/updateLikeState?articleId=26,,245,UTF-8,1,0,FOUNDSJJ,0,0
1779177339585,66,HTTP Request,200,,Thread Group 1-146,text,true,,819,270,12,12,http://localhost.com:7010/api/bbs/sso/login,,65,UTF-8,1,0,FOUNDSJJ,0,1
1779177339475,229,HTTP Request,200,,Thread Group 1-144,text,true,,365,437,13,13,http://localhost.com:7010/api/bbs/user/updateLikeState?articleId=26,,229,UTF-8,1,0,FOUNDSJJ,0,0
1779177339475,233,HTTP Request,200,,Thread Group 1-137,text,true,,365,437,13,13,http://localhost.com:7010/api/bbs/user/updateLikeState?articleId=26,,232,UTF-8,1,0,FOUNDSJJ,0,0
1779177339501,233,HTTP Request,200,,Thread Group 1-135,text,true,,365,437,13,13,http://localhost.com:7010/api/bbs/user/updateLikeState?articleId=26,,232,UTF-8,1,0,FOUNDSJJ,0,0
1779177339502,232,HTTP Request,200,,Thread Group 1-142,text,true,,365,437,13,13,http://localhost.com:7010/api/bbs/user/updateLikeState?articleId=26,,232,UTF-8,1,0,FOUNDSJJ,0,0
1779177339685,53,HTTP Request,200,,Thread Group 1-147,text,true,,819,270,12,12,http://localhost.com:7010/api/bbs/sso/login,,53,UTF-8,1,0,FOUNDSJJ,0,1
1779177339535,227,HTTP Request,200,,Thread Group 1-145,text,true,,365,437,12,12,http://localhost.com:7010/api/bbs/user/updateLikeState?articleId=26,,227,UTF-8,1,0,FOUNDSJJ,0,0
1779177339535,227,HTTP Request,200,,Thread Group 1-140,text,true,,365,437,12,12,http://localhost.com:7010/api/bbs/user/updateLikeState?articleId=26,,227,UTF-8,1,0,FOUNDSJJ,0,0
1779177339568,230,HTTP Request,200,,Thread Group 1-138,text,true,,365,437,13,13,http://localhost.com:7010/api/bbs/user/updateLikeState?articleId=26,,230,UTF-8,1,0,FOUNDSJJ,0,0
1779177339596,227,HTTP Request,200,,Thread Group 1-143,text,true,,365,437,13,13,http://localhost.com:7010/api/bbs/user/updateLikeState?articleId=26,,227,UTF-8,1,0,FOUNDSJJ,0,0
1779177339596,227,HTTP Request,200,,Thread Group 1-136,text,true,,365,437,13,13,http://localhost.com:7010/api/bbs/user/updateLikeState?articleId=26,,227,UTF-8,1,0,FOUNDSJJ,0,0
1779177339600,230,HTTP Request,200,,Thread Group 1-141,text,true,,365,437,12,12,http://localhost.com:7010/api/bbs/user/updateLikeState?articleId=26,,230,UTF-8,1,0,FOUNDSJJ,0,0
1779177339786,62,HTTP Request,200,,Thread Group 1-148,text,true,,819,270,12,12,http://localhost.com:7010/api/bbs/sso/login,,61,UTF-8,1,0,FOUNDSJJ,0,0
1779177339644,232,HTTP Request,200,,Thread Group 1-139,text,true,,365,437,12,12,http://localhost.com:7010/api/bbs/user/updateLikeState?articleId=26,,232,UTF-8,1,0,FOUNDSJJ,0,0
1779177339652,225,HTTP Request,200,,Thread Group 1-146,text,true,,365,437,12,12,http://localhost.com:7010/api/bbs/user/updateLikeState?articleId=26,,225,UTF-8,1,0,FOUNDSJJ,0,0
1779177339708,228,HTTP Request,200,,Thread Group 1-137,text,true,,365,437,13,13,http://localhost.com:7010/api/bbs/user/updateLikeState?articleId=26,,228,UTF-8,1,0,FOUNDSJJ,0,0
1779177339704,233,HTTP Request,200,,Thread Group 1-144,text,true,,365,437,13,13,http://localhost.com:7010/api/bbs/user/updateLikeState?articleId=26,,233,UTF-8,1,0,FOUNDSJJ,0,0
1779177339885,57,HTTP Request,200,,Thread Group 1-149,text,true,,819,270,12,12,http://localhost.com:7010/api/bbs/sso/login,,56,UTF-8,1,0,FOUNDSJJ,0,1
1779177339735,229,HTTP Request,200,,Thread Group 1-142,text,true,,365,437,12,12,http://localhost.com:7010/api/bbs/user/updateLikeState?articleId=26,,228,UTF-8,1,0,FOUNDSJJ,0,0
1779177339739,225,HTTP Request,200,,Thread Group 1-147,text,true,,365,437,12,12,http://localhost.com:7010/api/bbs/user/updateLikeState?articleId=26,,225,UTF-8,1,0,FOUNDSJJ,0,0
1779177339763,228,HTTP Request,200,,Thread Group 1-145,text,true,,365,437,13,13,http://localhost.com:7010/api/bbs/user/updateLikeState?articleId=26,,228,UTF-8,1,0,FOUNDSJJ,0,0
1779177339763,228,HTTP Request,200,,Thread Group 1-140,text,true,,365,437,13,13,http://localhost.com:7010/api/bbs/user/updateLikeState?articleId=26,,228,UTF-8,1,0,FOUNDSJJ,0,0
1779177339798,222,HTTP Request,200,,Thread Group 1-138,text,true,,365,437,13,13,http://localhost.com:7010/api/bbs/user/updateLikeState?articleId=26,,221,UTF-8,1,0,FOUNDSJJ,0,0
1779177339985,50,HTTP Request,200,,Thread Group 1-150,text,true,,819,270,12,12,http://localhost.com:7010/api/bbs/sso/login,,49,UTF-8,1,0,FOUNDSJJ,0,1
1779177339831,226,HTTP Request,200,,Thread Group 1-141,text,true,,365,437,12,12,http://localhost.com:7010/api/bbs/user/updateLikeState?articleId=26,,226,UTF-8,1,0,FOUNDSJJ,0,0
1779177339824,233,HTTP Request,200,,Thread Group 1-143,text,true,,365,437,12,12,http://localhost.com:7010/api/bbs/user/updateLikeState?articleId=26,,233,UTF-8,1,0,FOUNDSJJ,0,0
1779177339848,229,HTTP Request,200,,Thread Group 1-148,text,true,,365,437,12,12,http://localhost.com:7010/api/bbs/user/updateLikeState?articleId=26,,229,UTF-8,1,0,FOUNDSJJ,0,0
1779177339878,226,HTTP Request,200,,Thread Group 1-146,text,true,,365,437,13,13,http://localhost.com:7010/api/bbs/user/updateLikeState?articleId=26,,226,UTF-8,1,0,FOUNDSJJ,0,0
1779177339877,228,HTTP Request,200,,Thread Group 1-139,text,true,,365,437,13,13,http://localhost.com:7010/api/bbs/user/updateLikeState?articleId=26,,227,UTF-8,1,0,FOUNDSJJ,0,0
1779177340084,54,HTTP Request,200,,Thread Group 1-151,text,true,,819,270,12,12,http://localhost.com:7010/api/bbs/sso/login,,54,UTF-8,1,0,FOUNDSJJ,0,1
1779177339937,253,HTTP Request,200,,Thread Group 1-144,text,true,,365,437,13,13,http://localhost.com:7010/api/bbs/user/updateLikeState?articleId=26,,253,UTF-8,1,0,FOUNDSJJ,0,0
1779177339942,249,HTTP Request,200,,Thread Group 1-149,text,true,,365,437,13,13,http://localhost.com:7010/api/bbs/user/updateLikeState?articleId=26,,249,UTF-8,1,0,FOUNDSJJ,0,0
1779177339965,229,HTTP Request,200,,Thread Group 1-147,text,true,,365,437,13,13,http://localhost.com:7010/api/bbs/user/updateLikeState?articleId=26,,229,UTF-8,1,0,FOUNDSJJ,0,0
1779177339964,256,HTTP Request,200,,Thread Group 1-142,text,true,,365,437,13,13,http://localhost.com:7010/api/bbs/user/updateLikeState?articleId=26,,256,UTF-8,1,0,FOUNDSJJ,0,0
1779177340187,51,HTTP Request,200,,Thread Group 1-152,text,true,,819,270,13,13,http://localhost.com:7010/api/bbs/sso/login,,50,UTF-8,1,0,FOUNDSJJ,0,1
1779177339992,256,HTTP Request,200,,Thread Group 1-145,text,true,,365,437,13,13,http://localhost.com:7010/api/bbs/user/updateLikeState?articleId=26,,256,UTF-8,1,0,FOUNDSJJ,0,0
1779177339992,259,HTTP Request,200,,Thread Group 1-140,text,true,,365,437,13,13,http://localhost.com:7010/api/bbs/user/updateLikeState?articleId=26,,259,UTF-8,1,0,FOUNDSJJ,0,0
1779177340035,244,HTTP Request,200,,Thread Group 1-150,text,true,,365,437,12,12,http://localhost.com:7010/api/bbs/user/updateLikeState?articleId=26,,244,UTF-8,1,0,FOUNDSJJ,0,0
1779177340058,253,HTTP Request,200,,Thread Group 1-141,text,true,,365,437,13,13,http://localhost.com:7010/api/bbs/user/updateLikeState?articleId=26,,253,UTF-8,1,0,FOUNDSJJ,0,0
1779177340058,253,HTTP Request,200,,Thread Group 1-143,text,true,,365,437,13,13,http://localhost.com:7010/api/bbs/user/updateLikeState?articleId=26,,253,UTF-8,1,0,FOUNDSJJ,0,0
1779177340077,235,HTTP Request,200,,Thread Group 1-148,text,true,,365,437,13,13,http://localhost.com:7010/api/bbs/user/updateLikeState?articleId=26,,234,UTF-8,1,0,FOUNDSJJ,0,0
1779177340285,60,HTTP Request,200,,Thread Group 1-153,text,true,,819,270,12,12,http://localhost.com:7010/api/bbs/sso/login,,60,UTF-8,1,0,FOUNDSJJ,0,1
1779177340105,262,HTTP Request,200,,Thread Group 1-146,text,true,,365,437,12,12,http://localhost.com:7010/api/bbs/user/updateLikeState?articleId=26,,261,UTF-8,1,0,FOUNDSJJ,0,0
1779177340139,269,HTTP Request,200,,Thread Group 1-151,text,true,,365,437,13,13,http://localhost.com:7010/api/bbs/user/updateLikeState?articleId=26,,269,UTF-8,1,0,FOUNDSJJ,0,0
1779177340385,51,HTTP Request,200,,Thread Group 1-154,text,true,,819,270,13,13,http://localhost.com:7010/api/bbs/sso/login,,51,UTF-8,1,0,FOUNDSJJ,0,1
1779177340191,246,HTTP Request,200,,Thread Group 1-144,text,true,,365,437,13,13,http://localhost.com:7010/api/bbs/user/updateLikeState?articleId=26,,246,UTF-8,1,0,FOUNDSJJ,0,0
1779177340191,247,HTTP Request,200,,Thread Group 1-149,text,true,,365,437,13,13,http://localhost.com:7010/api/bbs/user/updateLikeState?articleId=26,,246,UTF-8,1,0,FOUNDSJJ,0,0
1779177340194,244,HTTP Request,200,,Thread Group 1-147,text,true,,365,437,13,13,http://localhost.com:7010/api/bbs/user/updateLikeState?articleId=26,,244,UTF-8,1,0,FOUNDSJJ,0,0
1779177340248,237,HTTP Request,200,,Thread Group 1-145,text,true,,365,437,13,13,http://localhost.com:7010/api/bbs/user/updateLikeState?articleId=26,,237,UTF-8,1,0,FOUNDSJJ,0,0
1779177340221,264,HTTP Request,200,,Thread Group 1-142,text,true,,365,437,13,13,http://localhost.com:7010/api/bbs/user/updateLikeState?articleId=26,,264,UTF-8,1,0,FOUNDSJJ,0,0
1779177340238,247,HTTP Request,200,,Thread Group 1-152,text,true,,365,437,13,13,http://localhost.com:7010/api/bbs/user/updateLikeState?articleId=26,,247,UTF-8,1,0,FOUNDSJJ,0,0
1779177340280,236,HTTP Request,200,,Thread Group 1-150,text,true,,365,437,13,13,http://localhost.com:7010/api/bbs/user/updateLikeState?articleId=26,,236,UTF-8,1,0,FOUNDSJJ,0,0
1779177340486,52,HTTP Request,200,,Thread Group 1-155,text,true,,819,270,13,13,http://localhost.com:7010/api/bbs/sso/login,,51,UTF-8,1,0,FOUNDSJJ,0,1
1779177340313,238,HTTP Request,200,,Thread Group 1-148,text,true,,365,437,13,13,http://localhost.com:7010/api/bbs/user/updateLikeState?articleId=26,,237,UTF-8,1,0,FOUNDSJJ,0,0
1779177340312,309,HTTP Request,200,,Thread Group 1-143,text,true,,365,437,14,14,http://localhost.com:7010/api/bbs/user/updateLikeState?articleId=26,,309,UTF-8,1,0,FOUNDSJJ,0,0
1779177340346,280,HTTP Request,200,,Thread Group 1-153,text,true,,365,437,13,13,http://localhost.com:7010/api/bbs/user/updateLikeState?articleId=26,,280,UTF-8,1,0,FOUNDSJJ,0,0
1779177340585,58,HTTP Request,200,,Thread Group 1-156,text,true,,819,270,13,13,http://localhost.com:7010/api/bbs/sso/login,,57,UTF-8,1,0,FOUNDSJJ,0,1
1779177340367,291,HTTP Request,200,,Thread Group 1-146,text,true,,365,437,13,13,http://localhost.com:7010/api/bbs/user/updateLikeState?articleId=26,,290,UTF-8,1,0,FOUNDSJJ,0,0
1779177340409,281,HTTP Request,200,,Thread Group 1-151,text,true,,365,437,14,14,http://localhost.com:7010/api/bbs/user/updateLikeState?articleId=26,,281,UTF-8,1,0,FOUNDSJJ,0,0
1779177340685,72,HTTP Request,200,,Thread Group 1-157,text,true,,819,270,14,14,http://localhost.com:7010/api/bbs/sso/login,,72,UTF-8,1,0,FOUNDSJJ,0,1
1779177340437,321,HTTP Request,200,,Thread Group 1-154,text,true,,365,437,14,14,http://localhost.com:7010/api/bbs/user/updateLikeState?articleId=26,,321,UTF-8,1,0,FOUNDSJJ,0,0
1779177340486,273,HTTP Request,200,,Thread Group 1-145,text,true,,365,437,14,14,http://localhost.com:7010/api/bbs/user/updateLikeState?articleId=26,,272,UTF-8,1,0,FOUNDSJJ,0,0
1779177340487,272,HTTP Request,200,,Thread Group 1-152,text,true,,365,437,14,14,http://localhost.com:7010/api/bbs/user/updateLikeState?articleId=26,,272,UTF-8,1,0,FOUNDSJJ,0,0
1779177340438,321,HTTP Request,200,,Thread Group 1-149,text,true,,365,437,13,13,http://localhost.com:7010/api/bbs/user/updateLikeState?articleId=26,,321,UTF-8,1,0,FOUNDSJJ,0,0
1779177340438,321,HTTP Request,200,,Thread Group 1-147,text,true,,365,437,13,13,http://localhost.com:7010/api/bbs/user/updateLikeState?articleId=26,,321,UTF-8,1,0,FOUNDSJJ,0,0
1779177340438,322,HTTP Request,200,,Thread Group 1-144,text,true,,365,437,13,13,http://localhost.com:7010/api/bbs/user/updateLikeState?articleId=26,,321,UTF-8,1,0,FOUNDSJJ,0,0
1779177340517,282,HTTP Request,200,,Thread Group 1-150,text,true,,365,437,13,13,http://localhost.com:7010/api/bbs/user/updateLikeState?articleId=26,,282,UTF-8,1,0,FOUNDSJJ,0,0
1779177340551,282,HTTP Request,200,,Thread Group 1-148,text,true,,365,437,13,13,http://localhost.com:7010/api/bbs/user/updateLikeState?articleId=26,,282,UTF-8,1,0,FOUNDSJJ,0,0
1779177340539,294,HTTP Request,200,,Thread Group 1-155,text,true,,365,437,13,13,http://localhost.com:7010/api/bbs/user/updateLikeState?articleId=26,,294,UTF-8,1,0,FOUNDSJJ,0,0
1779177340787,53,HTTP Request,200,,Thread Group 1-158,text,true,,819,270,13,13,http://localhost.com:7010/api/bbs/sso/login,,52,UTF-8,1,0,FOUNDSJJ,0,1
1779177340626,236,HTTP Request,200,,Thread Group 1-153,text,true,,365,437,13,13,http://localhost.com:7010/api/bbs/user/updateLikeState?articleId=26,,236,UTF-8,1,0,FOUNDSJJ,0,0
1779177340658,255,HTTP Request,200,,Thread Group 1-146,text,true,,365,437,14,14,http://localhost.com:7010/api/bbs/user/updateLikeState?articleId=26,,255,UTF-8,1,0,FOUNDSJJ,0,0
1779177340643,271,HTTP Request,200,,Thread Group 1-156,text,true,,365,437,13,13,http://localhost.com:7010/api/bbs/user/updateLikeState?articleId=26,,271,UTF-8,1,0,FOUNDSJJ,0,0
1779177340884,53,HTTP Request,200,,Thread Group 1-159,text,true,,819,270,13,13,http://localhost.com:7010/api/bbs/sso/login,,52,UTF-8,1,0,FOUNDSJJ,0,2
1779177340690,252,HTTP Request,200,,Thread Group 1-151,text,true,,365,437,13,13,http://localhost.com:7010/api/bbs/user/updateLikeState?articleId=26,,252,UTF-8,1,0,FOUNDSJJ,0,0
1779177340758,285,HTTP Request,200,,Thread Group 1-157,text,true,,365,437,14,14,http://localhost.com:7010/api/bbs/user/updateLikeState?articleId=26,,285,UTF-8,1,0,FOUNDSJJ,0,0
1779177340986,57,HTTP Request,200,,Thread Group 1-160,text,true,,819,270,14,14,http://localhost.com:7010/api/bbs/sso/login,,56,UTF-8,1,0,FOUNDSJJ,0,0
1779177340759,317,HTTP Request,200,,Thread Group 1-152,text,true,,365,437,14,14,http://localhost.com:7010/api/bbs/user/updateLikeState?articleId=26,,316,UTF-8,1,0,FOUNDSJJ,0,0
1779177340758,318,HTTP Request,200,,Thread Group 1-154,text,true,,365,437,14,14,http://localhost.com:7010/api/bbs/user/updateLikeState?articleId=26,,318,UTF-8,1,0,FOUNDSJJ,0,0
1779177340799,278,HTTP Request,200,,Thread Group 1-150,text,true,,365,437,14,14,http://localhost.com:7010/api/bbs/user/updateLikeState?articleId=26,,277,UTF-8,1,0,FOUNDSJJ,0,0
1779177340760,317,HTTP Request,200,,Thread Group 1-147,text,true,,365,437,14,14,http://localhost.com:7010/api/bbs/user/updateLikeState?articleId=26,,317,UTF-8,1,0,FOUNDSJJ,0,0
1779177340759,318,HTTP Request,200,,Thread Group 1-149,text,true,,365,437,14,14,http://localhost.com:7010/api/bbs/user/updateLikeState?articleId=26,,318,UTF-8,1,0,FOUNDSJJ,0,0
1779177340834,281,HTTP Request,200,,Thread Group 1-155,text,true,,365,437,14,14,http://localhost.com:7010/api/bbs/user/updateLikeState?articleId=26,,280,UTF-8,1,0,FOUNDSJJ,0,0
1779177340833,282,HTTP Request,200,,Thread Group 1-148,text,true,,365,437,14,14,http://localhost.com:7010/api/bbs/user/updateLikeState?articleId=26,,282,UTF-8,1,0,FOUNDSJJ,0,0
1779177340863,280,HTTP Request,200,,Thread Group 1-153,text,true,,365,437,13,13,http://localhost.com:7010/api/bbs/user/updateLikeState?articleId=26,,280,UTF-8,1,0,FOUNDSJJ,0,0
1779177340840,303,HTTP Request,200,,Thread Group 1-158,text,true,,365,437,13,13,http://localhost.com:7010/api/bbs/user/updateLikeState?articleId=26,,303,UTF-8,1,0,FOUNDSJJ,0,0
1779177341086,66,HTTP Request,200,,Thread Group 1-161,text,true,,819,270,13,13,http://localhost.com:7010/api/bbs/sso/login,,66,UTF-8,1,0,FOUNDSJJ,0,0
1779177340915,270,HTTP Request,200,,Thread Group 1-156,text,true,,365,437,13,13,http://localhost.com:7010/api/bbs/user/updateLikeState?articleId=26,,270,UTF-8,1,0,FOUNDSJJ,0,0
1779177340938,248,HTTP Request,200,,Thread Group 1-159,text,true,,365,437,14,14,http://localhost.com:7010/api/bbs/user/updateLikeState?articleId=26,,247,UTF-8,1,0,FOUNDSJJ,0,0
1779177340943,273,HTTP Request,200,,Thread Group 1-151,text,true,,365,437,14,14,http://localhost.com:7010/api/bbs/user/updateLikeState?articleId=26,,272,UTF-8,1,0,FOUNDSJJ,0,0
1779177341186,54,HTTP Request,200,,Thread Group 1-162,text,true,,819,270,14,14,http://localhost.com:7010/api/bbs/sso/login,,53,UTF-8,1,0,FOUNDSJJ,0,0
1779177341043,237,HTTP Request,200,,Thread Group 1-160,text,true,,365,437,14,14,http://localhost.com:7010/api/bbs/user/updateLikeState?articleId=26,,237,UTF-8,1,0,FOUNDSJJ,0,0
1779177341043,247,HTTP Request,200,,Thread Group 1-157,text,true,,365,437,15,15,http://localhost.com:7010/api/bbs/user/updateLikeState?articleId=26,,247,UTF-8,1,0,FOUNDSJJ,0,0
1779177341077,248,HTTP Request,200,,Thread Group 1-154,text,true,,365,437,15,15,http://localhost.com:7010/api/bbs/user/updateLikeState?articleId=26,,248,UTF-8,1,0,FOUNDSJJ,0,0
1779177341078,249,HTTP Request,200,,Thread Group 1-150,text,true,,365,437,15,15,http://localhost.com:7010/api/bbs/user/updateLikeState?articleId=26,,248,UTF-8,1,0,FOUNDSJJ,0,0
1779177341078,249,HTTP Request,200,,Thread Group 1-149,text,true,,365,437,15,15,http://localhost.com:7010/api/bbs/user/updateLikeState?articleId=26,,249,UTF-8,1,0,FOUNDSJJ,0,0
1779177341076,263,HTTP Request,200,,Thread Group 1-152,text,true,,365,437,13,13,http://localhost.com:7010/api/bbs/user/updateLikeState?articleId=26,,263,UTF-8,1,0,FOUNDSJJ,0,0
1779177341286,58,HTTP Request,200,,Thread Group 1-163,text,true,,819,270,13,13,http://localhost.com:7010/api/bbs/sso/login,,57,UTF-8,1,0,FOUNDSJJ,0,1
1779177341115,241,HTTP Request,200,,Thread Group 1-155,text,true,,365,437,13,13,http://localhost.com:7010/api/bbs/user/updateLikeState?articleId=26,,241,UTF-8,1,0,FOUNDSJJ,0,0
1779177341144,244,HTTP Request,200,,Thread Group 1-158,text,true,,365,437,14,14,http://localhost.com:7010/api/bbs/user/updateLikeState?articleId=26,,243,UTF-8,1,0,FOUNDSJJ,0,0
1779177341144,244,HTTP Request,200,,Thread Group 1-153,text,true,,365,437,14,14,http://localhost.com:7010/api/bbs/user/updateLikeState?articleId=26,,244,UTF-8,1,0,FOUNDSJJ,0,0
1779177341152,236,HTTP Request,200,,Thread Group 1-161,text,true,,365,437,14,14,http://localhost.com:7010/api/bbs/user/updateLikeState?articleId=26,,236,UTF-8,1,0,FOUNDSJJ,0,0
1779177341385,58,HTTP Request,200,,Thread Group 1-164,text,true,,819,270,14,14,http://localhost.com:7010/api/bbs/sso/login,,58,UTF-8,1,0,FOUNDSJJ,0,1
1779177341186,258,HTTP Request,200,,Thread Group 1-156,text,true,,365,437,14,14,http://localhost.com:7010/api/bbs/user/updateLikeState?articleId=26,,257,UTF-8,1,0,FOUNDSJJ,0,0
1779177341186,258,HTTP Request,200,,Thread Group 1-159,text,true,,365,437,14,14,http://localhost.com:7010/api/bbs/user/updateLikeState?articleId=26,,258,UTF-8,1,0,FOUNDSJJ,0,0
1779177341216,236,HTTP Request,200,,Thread Group 1-151,text,true,,365,437,14,14,http://localhost.com:7010/api/bbs/user/updateLikeState?articleId=26,,236,UTF-8,1,0,FOUNDSJJ,0,0
1779177341241,232,HTTP Request,200,,Thread Group 1-162,text,true,,365,437,13,13,http://localhost.com:7010/api/bbs/user/updateLikeState?articleId=26,,232,UTF-8,1,0,FOUNDSJJ,0,0
1779177341281,229,HTTP Request,200,,Thread Group 1-160,text,true,,365,437,14,14,http://localhost.com:7010/api/bbs/user/updateLikeState?articleId=26,,229,UTF-8,1,0,FOUNDSJJ,0,0
1779177341291,224,HTTP Request,200,,Thread Group 1-157,text,true,,365,437,14,14,http://localhost.com:7010/api/bbs/user/updateLikeState?articleId=26,,223,UTF-8,1,0,FOUNDSJJ,0,0
1779177341325,226,HTTP Request,200,,Thread Group 1-154,text,true,,365,437,14,14,http://localhost.com:7010/api/bbs/user/updateLikeState?articleId=26,,225,UTF-8,1,0,FOUNDSJJ,0,0
1779177341484,87,HTTP Request,200,,Thread Group 1-165,text,true,,819,270,14,14,http://localhost.com:7010/api/bbs/sso/login,,85,UTF-8,1,0,FOUNDSJJ,0,1
1779177341357,227,HTTP Request,200,,Thread Group 1-155,text,true,,365,437,14,14,http://localhost.com:7010/api/bbs/user/updateLikeState?articleId=26,,226,UTF-8,1,0,FOUNDSJJ,0,0
1779177341344,240,HTTP Request,200,,Thread Group 1-163,text,true,,365,437,14,14,http://localhost.com:7010/api/bbs/user/updateLikeState?articleId=26,,239,UTF-8,1,0,FOUNDSJJ,0,0
1779177341340,244,HTTP Request,200,,Thread Group 1-152,text,true,,365,437,14,14,http://localhost.com:7010/api/bbs/user/updateLikeState?articleId=26,,244,UTF-8,1,0,FOUNDSJJ,0,0
1779177341389,243,HTTP Request,200,,Thread Group 1-153,text,true,,365,437,14,14,http://localhost.com:7010/api/bbs/user/updateLikeState?articleId=26,,243,UTF-8,1,0,FOUNDSJJ,0,0
1779177341388,244,HTTP Request,200,,Thread Group 1-158,text,true,,365,437,14,14,http://localhost.com:7010/api/bbs/user/updateLikeState?articleId=26,,244,UTF-8,1,0,FOUNDSJJ,0,0
1779177341389,244,HTTP Request,200,,Thread Group 1-161,text,true,,365,437,14,14,http://localhost.com:7010/api/bbs/user/updateLikeState?articleId=26,,244,UTF-8,1,0,FOUNDSJJ,0,0
1779177341587,46,HTTP Request,200,,Thread Group 1-166,text,true,,819,270,14,14,http://localhost.com:7010/api/bbs/sso/login,,45,UTF-8,1,0,FOUNDSJJ,0,0
1779177341445,249,HTTP Request,200,,Thread Group 1-156,text,true,,365,437,14,14,http://localhost.com:7010/api/bbs/user/updateLikeState?articleId=26,,249,UTF-8,1,0,FOUNDSJJ,0,0
1779177341444,250,HTTP Request,200,,Thread Group 1-164,text,true,,365,437,14,14,http://localhost.com:7010/api/bbs/user/updateLikeState?articleId=26,,250,UTF-8,1,0,FOUNDSJJ,0,0
1779177341445,250,HTTP Request,200,,Thread Group 1-159,text,true,,365,437,14,14,http://localhost.com:7010/api/bbs/user/updateLikeState?articleId=26,,249,UTF-8,1,0,FOUNDSJJ,0,0
1779177341478,221,HTTP Request,200,,Thread Group 1-162,text,true,,365,437,14,14,http://localhost.com:7010/api/bbs/user/updateLikeState?articleId=26,,221,UTF-8,1,0,FOUNDSJJ,0,0
1779177341686,62,HTTP Request,200,,Thread Group 1-167,text,true,,819,270,14,14,http://localhost.com:7010/api/bbs/sso/login,,61,UTF-8,1,0,FOUNDSJJ,0,1
1779177341515,234,HTTP Request,200,,Thread Group 1-157,text,true,,365,437,14,14,http://localhost.com:7010/api/bbs/user/updateLikeState?articleId=26,,233,UTF-8,1,0,FOUNDSJJ,0,0
1779177341511,237,HTTP Request,200,,Thread Group 1-160,text,true,,365,437,14,14,http://localhost.com:7010/api/bbs/user/updateLikeState?articleId=26,,237,UTF-8,1,0,FOUNDSJJ,0,0
1779177341551,232,HTTP Request,200,,Thread Group 1-154,text,true,,365,437,14,14,http://localhost.com:7010/api/bbs/user/updateLikeState?articleId=26,,232,UTF-8,1,0,FOUNDSJJ,0,0
1779177341571,227,HTTP Request,200,,Thread Group 1-165,text,true,,365,437,14,14,http://localhost.com:7010/api/bbs/user/updateLikeState?articleId=26,,227,UTF-8,1,0,FOUNDSJJ,0,0
1779177341584,229,HTTP Request,200,,Thread Group 1-163,text,true,,365,437,14,14,http://localhost.com:7010/api/bbs/user/updateLikeState?articleId=26,,229,UTF-8,1,0,FOUNDSJJ,0,0
1779177341584,230,HTTP Request,200,,Thread Group 1-155,text,true,,365,437,14,14,http://localhost.com:7010/api/bbs/user/updateLikeState?articleId=26,,230,UTF-8,1,0,FOUNDSJJ,0,0
1779177341785,50,HTTP Request,200,,Thread Group 1-168,text,true,,819,270,13,13,http://localhost.com:7010/api/bbs/sso/login,,49,UTF-8,1,0,FOUNDSJJ,0,1
1779177341634,223,HTTP Request,200,,Thread Group 1-158,text,true,,365,437,13,13,http://localhost.com:7010/api/bbs/user/updateLikeState?articleId=26,,223,UTF-8,1,0,FOUNDSJJ,0,0
1779177341634,237,HTTP Request,200,,Thread Group 1-166,text,true,,365,437,13,13,http://localhost.com:7010/api/bbs/user/updateLikeState?articleId=26,,236,UTF-8,1,0,FOUNDSJJ,0,0
1779177341634,237,HTTP Request,200,,Thread Group 1-161,text,true,,365,437,13,13,http://localhost.com:7010/api/bbs/user/updateLikeState?articleId=26,,237,UTF-8,1,0,FOUNDSJJ,0,0
1779177341695,231,HTTP Request,200,,Thread Group 1-164,text,true,,365,437,14,14,http://localhost.com:7010/api/bbs/user/updateLikeState?articleId=26,,231,UTF-8,1,0,FOUNDSJJ,0,0
1779177341694,233,HTTP Request,200,,Thread Group 1-156,text,true,,365,437,14,14,http://localhost.com:7010/api/bbs/user/updateLikeState?articleId=26,,233,UTF-8,1,0,FOUNDSJJ,0,0
1779177341695,232,HTTP Request,200,,Thread Group 1-159,text,true,,365,437,14,14,http://localhost.com:7010/api/bbs/user/updateLikeState?articleId=26,,232,UTF-8,1,0,FOUNDSJJ,0,0
1779177341884,70,HTTP Request,200,,Thread Group 1-169,text,true,,819,270,13,13,http://localhost.com:7010/api/bbs/sso/login,,69,UTF-8,1,0,FOUNDSJJ,0,1
1779177341699,255,HTTP Request,200,,Thread Group 1-162,text,true,,365,437,13,13,http://localhost.com:7010/api/bbs/user/updateLikeState?articleId=26,,255,UTF-8,1,0,FOUNDSJJ,0,0
1779177341750,231,HTTP Request,200,,Thread Group 1-160,text,true,,365,437,13,13,http://localhost.com:7010/api/bbs/user/updateLikeState?articleId=26,,231,UTF-8,1,0,FOUNDSJJ,0,0
1779177341749,246,HTTP Request,200,,Thread Group 1-157,text,true,,365,437,14,14,http://localhost.com:7010/api/bbs/user/updateLikeState?articleId=26,,246,UTF-8,1,0,FOUNDSJJ,0,0
1779177341749,246,HTTP Request,200,,Thread Group 1-167,text,true,,365,437,14,14,http://localhost.com:7010/api/bbs/user/updateLikeState?articleId=26,,246,UTF-8,1,0,FOUNDSJJ,0,0
1779177341985,51,HTTP Request,200,,Thread Group 1-170,text,true,,819,270,13,13,http://localhost.com:7010/api/bbs/sso/login,,50,UTF-8,1,0,FOUNDSJJ,0,0
1779177341814,239,HTTP Request,200,,Thread Group 1-163,text,true,,365,437,13,13,http://localhost.com:7010/api/bbs/user/updateLikeState?articleId=26,,239,UTF-8,1,0,FOUNDSJJ,0,0
1779177341799,267,HTTP Request,200,,Thread Group 1-165,text,true,,365,437,13,13,http://localhost.com:7010/api/bbs/user/updateLikeState?articleId=26,,266,UTF-8,1,0,FOUNDSJJ,0,0
1779177341836,267,HTTP Request,200,,Thread Group 1-168,text,true,,365,437,14,14,http://localhost.com:7010/api/bbs/user/updateLikeState?articleId=26,,267,UTF-8,1,0,FOUNDSJJ,0,0
1779177341858,256,HTTP Request,200,,Thread Group 1-158,text,true,,365,437,14,14,http://localhost.com:7010/api/bbs/user/updateLikeState?articleId=26,,255,UTF-8,1,0,FOUNDSJJ,0,0
1779177342084,54,HTTP Request,200,,Thread Group 1-171,text,true,,819,270,13,13,http://localhost.com:7010/api/bbs/sso/login,,53,UTF-8,1,0,FOUNDSJJ,0,1
1779177341871,279,HTTP Request,200,,Thread Group 1-166,text,true,,365,437,13,13,http://localhost.com:7010/api/bbs/user/updateLikeState?articleId=26,,279,UTF-8,1,0,FOUNDSJJ,0,0
1779177341871,280,HTTP Request,200,,Thread Group 1-161,text,true,,365,437,13,13,http://localhost.com:7010/api/bbs/user/updateLikeState?articleId=26,,280,UTF-8,1,0,FOUNDSJJ,0,0
1779177341927,255,HTTP Request,200,,Thread Group 1-164,text,true,,365,437,13,13,http://localhost.com:7010/api/bbs/user/updateLikeState?articleId=26,,255,UTF-8,1,0,FOUNDSJJ,0,0
1779177341928,254,HTTP Request,200,,Thread Group 1-159,text,true,,365,437,13,13,http://localhost.com:7010/api/bbs/user/updateLikeState?articleId=26,,254,UTF-8,1,0,FOUNDSJJ,0,0
1779177341955,251,HTTP Request,200,,Thread Group 1-162,text,true,,365,437,13,13,http://localhost.com:7010/api/bbs/user/updateLikeState?articleId=26,,250,UTF-8,1,0,FOUNDSJJ,0,0
1779177341955,251,HTTP Request,200,,Thread Group 1-169,text,true,,365,437,13,13,http://localhost.com:7010/api/bbs/user/updateLikeState?articleId=26,,251,UTF-8,1,0,FOUNDSJJ,0,0
1779177341996,236,HTTP Request,200,,Thread Group 1-167,text,true,,365,437,13,13,http://localhost.com:7010/api/bbs/user/updateLikeState?articleId=26,,236,UTF-8,1,0,FOUNDSJJ,0,0
1779177341981,264,HTTP Request,200,,Thread Group 1-160,text,true,,365,437,13,13,http://localhost.com:7010/api/bbs/user/updateLikeState?articleId=26,,264,UTF-8,1,0,FOUNDSJJ,0,0
1779177342186,69,HTTP Request,200,,Thread Group 1-172,text,true,,819,270,12,12,http://localhost.com:7010/api/bbs/sso/login,,69,UTF-8,1,0,FOUNDSJJ,0,1
1779177342053,238,HTTP Request,200,,Thread Group 1-163,text,true,,365,437,13,13,http://localhost.com:7010/api/bbs/user/updateLikeState?articleId=26,,238,UTF-8,1,0,FOUNDSJJ,0,0
1779177342036,255,HTTP Request,200,,Thread Group 1-170,text,true,,365,437,13,13,http://localhost.com:7010/api/bbs/user/updateLikeState?articleId=26,,255,UTF-8,1,0,FOUNDSJJ,0,0
1779177342066,256,HTTP Request,200,,Thread Group 1-165,text,true,,365,437,13,13,http://localhost.com:7010/api/bbs/user/updateLikeState?articleId=26,,256,UTF-8,1,0,FOUNDSJJ,0,0
1779177342286,52,HTTP Request,200,,Thread Group 1-173,text,true,,819,270,13,13,http://localhost.com:7010/api/bbs/sso/login,,51,UTF-8,1,0,FOUNDSJJ,0,1
1779177342103,236,HTTP Request,200,,Thread Group 1-168,text,true,,365,437,13,13,http://localhost.com:7010/api/bbs/user/updateLikeState?articleId=26,,235,UTF-8,1,0,FOUNDSJJ,0,0
1779177342138,268,HTTP Request,200,,Thread Group 1-171,text,true,,365,437,14,14,http://localhost.com:7010/api/bbs/user/updateLikeState?articleId=26,,267,UTF-8,1,0,FOUNDSJJ,0,0
1779177342151,255,HTTP Request,200,,Thread Group 1-166,text,true,,365,437,14,14,http://localhost.com:7010/api/bbs/user/updateLikeState?articleId=26,,255,UTF-8,1,0,FOUNDSJJ,0,0
1779177342151,257,HTTP Request,200,,Thread Group 1-161,text,true,,365,437,14,14,http://localhost.com:7010/api/bbs/user/updateLikeState?articleId=26,,256,UTF-8,1,0,FOUNDSJJ,0,0
1779177342182,254,HTTP Request,200,,Thread Group 1-164,text,true,,365,437,13,13,http://localhost.com:7010/api/bbs/user/updateLikeState?articleId=26,,253,UTF-8,1,0,FOUNDSJJ,0,0
1779177342386,66,HTTP Request,200,,Thread Group 1-174,text,true,,819,270,13,13,http://localhost.com:7010/api/bbs/sso/login,,65,UTF-8,1,0,FOUNDSJJ,0,0
1779177342207,261,HTTP Request,200,,Thread Group 1-169,text,true,,365,437,13,13,http://localhost.com:7010/api/bbs/user/updateLikeState?articleId=26,,261,UTF-8,1,0,FOUNDSJJ,0,0
1779177342206,271,HTTP Request,200,,Thread Group 1-162,text,true,,365,437,13,13,http://localhost.com:7010/api/bbs/user/updateLikeState?articleId=26,,271,UTF-8,1,0,FOUNDSJJ,0,0
1779177342233,263,HTTP Request,200,,Thread Group 1-167,text,true,,365,437,13,13,http://localhost.com:7010/api/bbs/user/updateLikeState?articleId=26,,263,UTF-8,1,0,FOUNDSJJ,0,0
1779177342485,55,HTTP Request,200,,Thread Group 1-175,text,true,,819,270,13,13,http://localhost.com:7010/api/bbs/sso/login,,54,UTF-8,1,0,FOUNDSJJ,0,1
1779177342292,248,HTTP Request,200,,Thread Group 1-163,text,true,,365,437,13,13,http://localhost.com:7010/api/bbs/user/updateLikeState?articleId=26,,248,UTF-8,1,0,FOUNDSJJ,0,0
1779177342256,285,HTTP Request,200,,Thread Group 1-172,text,true,,365,437,12,12,http://localhost.com:7010/api/bbs/user/updateLikeState?articleId=26,,285,UTF-8,1,0,FOUNDSJJ,0,0
1779177342292,249,HTTP Request,200,,Thread Group 1-170,text,true,,365,437,12,12,http://localhost.com:7010/api/bbs/user/updateLikeState?articleId=26,,249,UTF-8,1,0,FOUNDSJJ,0,0
1779177342323,259,HTTP Request,200,,Thread Group 1-165,text,true,,365,437,12,12,http://localhost.com:7010/api/bbs/user/updateLikeState?articleId=26,,259,UTF-8,1,0,FOUNDSJJ,0,0
1779177342338,271,HTTP Request,200,,Thread Group 1-173,text,true,,365,437,13,13,http://localhost.com:7010/api/bbs/user/updateLikeState?articleId=26,,271,UTF-8,1,0,FOUNDSJJ,0,0
1779177342339,270,HTTP Request,200,,Thread Group 1-168,text,true,,365,437,13,13,http://localhost.com:7010/api/bbs/user/updateLikeState?articleId=26,,270,UTF-8,1,0,FOUNDSJJ,0,0
1779177342406,226,HTTP Request,200,,Thread Group 1-171,text,true,,365,437,13,13,http://localhost.com:7010/api/bbs/user/updateLikeState?articleId=26,,226,UTF-8,1,0,FOUNDSJJ,0,0
1779177342585,67,HTTP Request,200,,Thread Group 1-176,text,true,,819,270,13,13,http://localhost.com:7010/api/bbs/sso/login,,66,UTF-8,1,0,FOUNDSJJ,0,0
1779177342437,231,HTTP Request,200,,Thread Group 1-164,text,true,,365,437,13,13,http://localhost.com:7010/api/bbs/user/updateLikeState?articleId=26,,231,UTF-8,1,0,FOUNDSJJ,0,0
1779177342406,263,HTTP Request,200,,Thread Group 1-166,text,true,,365,437,13,13,http://localhost.com:7010/api/bbs/user/updateLikeState?articleId=26,,262,UTF-8,1,0,FOUNDSJJ,0,0
1779177342452,254,HTTP Request,200,,Thread Group 1-174,text,true,,365,437,13,13,http://localhost.com:7010/api/bbs/user/updateLikeState?articleId=26,,254,UTF-8,1,0,FOUNDSJJ,0,0
1779177342469,238,HTTP Request,200,,Thread Group 1-169,text,true,,365,437,13,13,http://localhost.com:7010/api/bbs/user/updateLikeState?articleId=26,,238,UTF-8,1,0,FOUNDSJJ,0,0
1779177342686,58,HTTP Request,200,,Thread Group 1-177,text,true,,819,270,13,13,http://localhost.com:7010/api/bbs/sso/login,,57,UTF-8,1,0,FOUNDSJJ,0,0
1779177342497,247,HTTP Request,200,,Thread Group 1-167,text,true,,365,437,13,13,http://localhost.com:7010/api/bbs/user/updateLikeState?articleId=26,,247,UTF-8,1,0,FOUNDSJJ,0,0
1779177342541,238,HTTP Request,200,,Thread Group 1-172,text,true,,365,437,13,13,http://localhost.com:7010/api/bbs/user/updateLikeState?articleId=26,,238,UTF-8,1,0,FOUNDSJJ,0,0
1779177342542,238,HTTP Request,200,,Thread Group 1-170,text,true,,365,437,13,13,http://localhost.com:7010/api/bbs/user/updateLikeState?articleId=26,,237,UTF-8,1,0,FOUNDSJJ,0,0
1779177342541,240,HTTP Request,200,,Thread Group 1-175,text,true,,365,437,13,13,http://localhost.com:7010/api/bbs/user/updateLikeState?articleId=26,,239,UTF-8,1,0,FOUNDSJJ,0,0
1779177342582,240,HTTP Request,200,,Thread Group 1-165,text,true,,365,437,14,14,http://localhost.com:7010/api/bbs/user/updateLikeState?articleId=26,,240,UTF-8,1,0,FOUNDSJJ,0,0
1779177342786,56,HTTP Request,200,,Thread Group 1-178,text,true,,819,270,13,13,http://localhost.com:7010/api/bbs/sso/login,,55,UTF-8,1,0,FOUNDSJJ,0,1
1779177342610,233,HTTP Request,200,,Thread Group 1-168,text,true,,365,437,13,13,http://localhost.com:7010/api/bbs/user/updateLikeState?articleId=26,,232,UTF-8,1,0,FOUNDSJJ,0,0
1779177342610,233,HTTP Request,200,,Thread Group 1-173,text,true,,365,437,13,13,http://localhost.com:7010/api/bbs/user/updateLikeState?articleId=26,,233,UTF-8,1,0,FOUNDSJJ,0,0
1779177342652,236,HTTP Request,200,,Thread Group 1-176,text,true,,365,437,14,14,http://localhost.com:7010/api/bbs/user/updateLikeState?articleId=26,,236,UTF-8,1,0,FOUNDSJJ,0,0
1779177342633,256,HTTP Request,200,,Thread Group 1-171,text,true,,365,437,14,14,http://localhost.com:7010/api/bbs/user/updateLikeState?articleId=26,,256,UTF-8,1,0,FOUNDSJJ,0,0
1779177342669,251,HTTP Request,200,,Thread Group 1-166,text,true,,365,437,14,14,http://localhost.com:7010/api/bbs/user/updateLikeState?articleId=26,,250,UTF-8,1,0,FOUNDSJJ,0,0
1779177342707,244,HTTP Request,200,,Thread Group 1-169,text,true,,365,437,13,13,http://localhost.com:7010/api/bbs/user/updateLikeState?articleId=26,,244,UTF-8,1,0,FOUNDSJJ,0,0
1779177342707,245,HTTP Request,200,,Thread Group 1-174,text,true,,365,437,13,13,http://localhost.com:7010/api/bbs/user/updateLikeState?articleId=26,,244,UTF-8,1,0,FOUNDSJJ,0,0
1779177342886,66,HTTP Request,200,,Thread Group 1-179,text,true,,819,270,13,13,http://localhost.com:7010/api/bbs/sso/login,,65,UTF-8,1,0,FOUNDSJJ,0,1
1779177342745,234,HTTP Request,200,,Thread Group 1-167,text,true,,365,437,13,13,http://localhost.com:7010/api/bbs/user/updateLikeState?articleId=26,,234,UTF-8,1,0,FOUNDSJJ,0,0
1779177342745,235,HTTP Request,200,,Thread Group 1-177,text,true,,365,437,13,13,http://localhost.com:7010/api/bbs/user/updateLikeState?articleId=26,,235,UTF-8,1,0,FOUNDSJJ,0,0
1779177342781,233,HTTP Request,200,,Thread Group 1-172,text,true,,365,437,13,13,http://localhost.com:7010/api/bbs/user/updateLikeState?articleId=26,,233,UTF-8,1,0,FOUNDSJJ,0,0
1779177342781,246,HTTP Request,200,,Thread Group 1-170,text,true,,365,437,13,13,http://localhost.com:7010/api/bbs/user/updateLikeState?articleId=26,,246,UTF-8,1,0,FOUNDSJJ,0,0
1779177342781,247,HTTP Request,200,,Thread Group 1-175,text,true,,365,437,13,13,http://localhost.com:7010/api/bbs/user/updateLikeState?articleId=26,,246,UTF-8,1,0,FOUNDSJJ,0,0
1779177342985,56,HTTP Request,200,,Thread Group 1-180,text,true,,819,270,13,13,http://localhost.com:7010/api/bbs/sso/login,,55,UTF-8,1,0,FOUNDSJJ,0,1
1779177342843,245,HTTP Request,200,,Thread Group 1-168,text,true,,365,437,14,14,http://localhost.com:7010/api/bbs/user/updateLikeState?articleId=26,,245,UTF-8,1,0,FOUNDSJJ,0,0
1779177342843,250,HTTP Request,200,,Thread Group 1-178,text,true,,365,437,13,13,http://localhost.com:7010/api/bbs/user/updateLikeState?articleId=26,,249,UTF-8,1,0,FOUNDSJJ,0,0
1779177342843,250,HTTP Request,200,,Thread Group 1-173,text,true,,365,437,13,13,http://localhost.com:7010/api/bbs/user/updateLikeState?articleId=26,,250,UTF-8,1,0,FOUNDSJJ,0,0
1779177343085,60,HTTP Request,200,,Thread Group 1-181,text,true,,819,270,13,13,http://localhost.com:7010/api/bbs/sso/login,,60,UTF-8,1,0,FOUNDSJJ,0,1
1779177342889,266,HTTP Request,200,,Thread Group 1-171,text,true,,365,437,13,13,http://localhost.com:7010/api/bbs/user/updateLikeState?articleId=26,,266,UTF-8,1,0,FOUNDSJJ,0,0
1779177342888,268,HTTP Request,200,,Thread Group 1-176,text,true,,365,437,13,13,http://localhost.com:7010/api/bbs/user/updateLikeState?articleId=26,,268,UTF-8,1,0,FOUNDSJJ,0,0
1779177342952,247,HTTP Request,200,,Thread Group 1-179,text,true,,365,437,14,14,http://localhost.com:7010/api/bbs/user/updateLikeState?articleId=26,,247,UTF-8,1,0,FOUNDSJJ,0,0
1779177342951,249,HTTP Request,200,,Thread Group 1-169,text,true,,365,437,14,14,http://localhost.com:7010/api/bbs/user/updateLikeState?articleId=26,,249,UTF-8,1,0,FOUNDSJJ,0,0
1779177342952,248,HTTP Request,200,,Thread Group 1-174,text,true,,365,437,14,14,http://localhost.com:7010/api/bbs/user/updateLikeState?articleId=26,,248,UTF-8,1,0,FOUNDSJJ,0,0
1779177342980,250,HTTP Request,200,,Thread Group 1-177,text,true,,365,437,13,13,http://localhost.com:7010/api/bbs/user/updateLikeState?articleId=26,,250,UTF-8,1,0,FOUNDSJJ,0,0
1779177343185,52,HTTP Request,200,,Thread Group 1-182,text,true,,819,270,13,13,http://localhost.com:7010/api/bbs/sso/login,,51,UTF-8,1,0,FOUNDSJJ,0,1
1779177343028,264,HTTP Request,200,,Thread Group 1-175,text,true,,365,437,14,14,http://localhost.com:7010/api/bbs/user/updateLikeState?articleId=26,,264,UTF-8,1,0,FOUNDSJJ,0,0
1779177343028,265,HTTP Request,200,,Thread Group 1-170,text,true,,365,437,14,14,http://localhost.com:7010/api/bbs/user/updateLikeState?articleId=26,,265,UTF-8,1,0,FOUNDSJJ,0,0
1779177343015,278,HTTP Request,200,,Thread Group 1-172,text,true,,365,437,14,14,http://localhost.com:7010/api/bbs/user/updateLikeState?articleId=26,,278,UTF-8,1,0,FOUNDSJJ,0,0
1779177343042,251,HTTP Request,200,,Thread Group 1-180,text,true,,365,437,13,13,http://localhost.com:7010/api/bbs/user/updateLikeState?articleId=26,,251,UTF-8,1,0,FOUNDSJJ,0,0
1779177343093,232,HTTP Request,200,,Thread Group 1-178,text,true,,365,437,13,13,http://localhost.com:7010/api/bbs/user/updateLikeState?articleId=26,,232,UTF-8,1,0,FOUNDSJJ,0,0
1779177343093,232,HTTP Request,200,,Thread Group 1-173,text,true,,365,437,13,13,http://localhost.com:7010/api/bbs/user/updateLikeState?articleId=26,,232,UTF-8,1,0,FOUNDSJJ,0,0
1779177343285,53,HTTP Request,200,,Thread Group 1-183,text,true,,819,270,13,13,http://localhost.com:7010/api/bbs/sso/login,,52,UTF-8,1,0,FOUNDSJJ,0,0
1779177343156,263,HTTP Request,200,,Thread Group 1-171,text,true,,365,437,14,14,http://localhost.com:7010/api/bbs/user/updateLikeState?articleId=26,,263,UTF-8,1,0,FOUNDSJJ,0,0
1779177343146,273,HTTP Request,200,,Thread Group 1-181,text,true,,365,437,13,13,http://localhost.com:7010/api/bbs/user/updateLikeState?articleId=26,,273,UTF-8,1,0,FOUNDSJJ,0,0
1779177343157,263,HTTP Request,200,,Thread Group 1-176,text,true,,365,437,13,13,http://localhost.com:7010/api/bbs/user/updateLikeState?articleId=26,,263,UTF-8,1,0,FOUNDSJJ,0,0
1779177343386,50,HTTP Request,200,,Thread Group 1-184,text,true,,819,270,13,13,http://localhost.com:7010/api/bbs/sso/login,,49,UTF-8,1,0,FOUNDSJJ,0,1
1779177343200,236,HTTP Request,200,,Thread Group 1-179,text,true,,365,437,13,13,http://localhost.com:7010/api/bbs/user/updateLikeState?articleId=26,,236,UTF-8,1,0,FOUNDSJJ,0,0
1779177343200,242,HTTP Request,200,,Thread Group 1-174,text,true,,365,437,13,13,http://localhost.com:7010/api/bbs/user/updateLikeState?articleId=26,,242,UTF-8,1,0,FOUNDSJJ,0,0
1779177343237,236,HTTP Request,200,,Thread Group 1-182,text,true,,365,437,13,13,http://localhost.com:7010/api/bbs/user/updateLikeState?articleId=26,,236,UTF-8,1,0,FOUNDSJJ,0,0
1779177343230,253,HTTP Request,200,,Thread Group 1-177,text,true,,365,437,13,13,http://localhost.com:7010/api/bbs/user/updateLikeState?articleId=26,,253,UTF-8,1,0,FOUNDSJJ,0,0
1779177343293,220,HTTP Request,200,,Thread Group 1-172,text,true,,365,437,14,14,http://localhost.com:7010/api/bbs/user/updateLikeState?articleId=26,,219,UTF-8,1,0,FOUNDSJJ,0,0
1779177343294,247,HTTP Request,200,,Thread Group 1-180,text,true,,365,437,13,13,http://localhost.com:7010/api/bbs/user/updateLikeState?articleId=26,,246,UTF-8,1,0,FOUNDSJJ,0,0
1779177343293,257,HTTP Request,200,,Thread Group 1-175,text,true,,365,437,13,13,http://localhost.com:7010/api/bbs/user/updateLikeState?articleId=26,,256,UTF-8,1,0,FOUNDSJJ,0,0
1779177343486,71,HTTP Request,200,,Thread Group 1-185,text,true,,819,270,13,13,http://localhost.com:7010/api/bbs/sso/login,,70,UTF-8,1,0,FOUNDSJJ,0,0
1779177343326,249,HTTP Request,200,,Thread Group 1-178,text,true,,365,437,13,13,http://localhost.com:7010/api/bbs/user/updateLikeState?articleId=26,,249,UTF-8,1,0,FOUNDSJJ,0,0
1779177343326,249,HTTP Request,200,,Thread Group 1-173,text,true,,365,437,13,13,http://localhost.com:7010/api/bbs/user/updateLikeState?articleId=26,,249,UTF-8,1,0,FOUNDSJJ,0,0
1779177343339,237,HTTP Request,200,,Thread Group 1-183,text,true,,365,437,13,13,http://localhost.com:7010/api/bbs/user/updateLikeState?articleId=26,,236,UTF-8,1,0,FOUNDSJJ,0,0
1779177343586,58,HTTP Request,200,,Thread Group 1-186,text,true,,819,270,13,13,http://localhost.com:7010/api/bbs/sso/login,,57,UTF-8,1,0,FOUNDSJJ,0,1
1779177343421,231,HTTP Request,200,,Thread Group 1-176,text,true,,365,437,13,13,http://localhost.com:7010/api/bbs/user/updateLikeState?articleId=26,,231,UTF-8,1,0,FOUNDSJJ,0,0
1779177343420,233,HTTP Request,200,,Thread Group 1-181,text,true,,365,437,13,13,http://localhost.com:7010/api/bbs/user/updateLikeState?articleId=26,,233,UTF-8,1,0,FOUNDSJJ,0,0
1779177343437,228,HTTP Request,200,,Thread Group 1-184,text,true,,365,437,13,13,http://localhost.com:7010/api/bbs/user/updateLikeState?articleId=26,,228,UTF-8,1,0,FOUNDSJJ,0,0
1779177343442,244,HTTP Request,200,,Thread Group 1-174,text,true,,365,437,14,14,http://localhost.com:7010/api/bbs/user/updateLikeState?articleId=26,,244,UTF-8,1,0,FOUNDSJJ,0,0
1779177343437,249,HTTP Request,200,,Thread Group 1-179,text,true,,365,437,14,14,http://localhost.com:7010/api/bbs/user/updateLikeState?articleId=26,,249,UTF-8,1,0,FOUNDSJJ,0,0
1779177343481,226,HTTP Request,200,,Thread Group 1-182,text,true,,365,437,13,13,http://localhost.com:7010/api/bbs/user/updateLikeState?articleId=26,,226,UTF-8,1,0,FOUNDSJJ,0,0
1779177343484,231,HTTP Request,200,,Thread Group 1-177,text,true,,365,437,13,13,http://localhost.com:7010/api/bbs/user/updateLikeState?articleId=26,,230,UTF-8,1,0,FOUNDSJJ,0,0
1779177343685,47,HTTP Request,200,,Thread Group 1-187,text,true,,819,270,13,13,http://localhost.com:7010/api/bbs/sso/login,,47,UTF-8,1,0,FOUNDSJJ,0,0
1779177343541,244,HTTP Request,200,,Thread Group 1-180,text,true,,365,437,14,14,http://localhost.com:7010/api/bbs/user/updateLikeState?articleId=26,,243,UTF-8,1,0,FOUNDSJJ,0,0
1779177343550,235,HTTP Request,200,,Thread Group 1-175,text,true,,365,437,14,14,http://localhost.com:7010/api/bbs/user/updateLikeState?articleId=26,,234,UTF-8,1,0,FOUNDSJJ,0,0
1779177343557,237,HTTP Request,200,,Thread Group 1-185,text,true,,365,437,13,13,http://localhost.com:7010/api/bbs/user/updateLikeState?articleId=26,,237,UTF-8,1,0,FOUNDSJJ,0,0
1779177343576,242,HTTP Request,200,,Thread Group 1-178,text,true,,365,437,13,13,http://localhost.com:7010/api/bbs/user/updateLikeState?articleId=26,,242,UTF-8,1,0,FOUNDSJJ,0,0
1779177343576,242,HTTP Request,200,,Thread Group 1-183,text,true,,365,437,13,13,http://localhost.com:7010/api/bbs/user/updateLikeState?articleId=26,,242,UTF-8,1,0,FOUNDSJJ,0,0
1779177343785,70,HTTP Request,200,,Thread Group 1-188,text,true,,819,270,13,13,http://localhost.com:7010/api/bbs/sso/login,,70,UTF-8,1,0,FOUNDSJJ,0,0
1779177343653,229,HTTP Request,200,,Thread Group 1-176,text,true,,365,437,13,13,http://localhost.com:7010/api/bbs/user/updateLikeState?articleId=26,,229,UTF-8,1,0,FOUNDSJJ,0,0
1779177343644,239,HTTP Request,200,,Thread Group 1-186,text,true,,365,437,13,13,http://localhost.com:7010/api/bbs/user/updateLikeState?articleId=26,,238,UTF-8,1,0,FOUNDSJJ,0,0
1779177343653,257,HTTP Request,200,,Thread Group 1-181,text,true,,365,437,13,13,http://localhost.com:7010/api/bbs/user/updateLikeState?articleId=26,,257,UTF-8,1,0,FOUNDSJJ,0,0
1779177343687,223,HTTP Request,200,,Thread Group 1-179,text,true,,365,437,13,13,http://localhost.com:7010/api/bbs/user/updateLikeState?articleId=26,,223,UTF-8,1,0,FOUNDSJJ,0,0
1779177343666,256,HTTP Request,200,,Thread Group 1-184,text,true,,365,437,13,13,http://localhost.com:7010/api/bbs/user/updateLikeState?articleId=26,,256,UTF-8,1,0,FOUNDSJJ,0,0
1779177343886,52,HTTP Request,200,,Thread Group 1-189,text,true,,819,270,13,13,http://localhost.com:7010/api/bbs/sso/login,,52,UTF-8,1,0,FOUNDSJJ,0,1
1779177343708,260,HTTP Request,200,,Thread Group 1-182,text,true,,365,437,13,13,http://localhost.com:7010/api/bbs/user/updateLikeState?articleId=26,,260,UTF-8,1,0,FOUNDSJJ,0,0
1779177343715,254,HTTP Request,200,,Thread Group 1-177,text,true,,365,437,13,13,http://localhost.com:7010/api/bbs/user/updateLikeState?articleId=26,,254,UTF-8,1,0,FOUNDSJJ,0,0
1779177343733,270,HTTP Request,200,,Thread Group 1-187,text,true,,365,437,13,13,http://localhost.com:7010/api/bbs/user/updateLikeState?articleId=26,,269,UTF-8,1,0,FOUNDSJJ,0,0
1779177343785,226,HTTP Request,200,,Thread Group 1-180,text,true,,365,437,13,13,http://localhost.com:7010/api/bbs/user/updateLikeState?articleId=26,,225,UTF-8,1,0,FOUNDSJJ,0,0
1779177343986,53,HTTP Request,200,,Thread Group 1-190,text,true,,819,270,13,13,http://localhost.com:7010/api/bbs/sso/login,,53,UTF-8,1,0,FOUNDSJJ,0,1
1779177343819,222,HTTP Request,200,,Thread Group 1-183,text,true,,365,437,13,13,http://localhost.com:7010/api/bbs/user/updateLikeState?articleId=26,,221,UTF-8,1,0,FOUNDSJJ,0,0
1779177343819,235,HTTP Request,200,,Thread Group 1-178,text,true,,365,437,13,13,http://localhost.com:7010/api/bbs/user/updateLikeState?articleId=26,,235,UTF-8,1,0,FOUNDSJJ,0,0
1779177343795,259,HTTP Request,200,,Thread Group 1-185,text,true,,365,437,13,13,http://localhost.com:7010/api/bbs/user/updateLikeState?articleId=26,,259,UTF-8,1,0,FOUNDSJJ,0,0
1779177343856,235,HTTP Request,200,,Thread Group 1-188,text,true,,365,437,13,13,http://localhost.com:7010/api/bbs/user/updateLikeState?articleId=26,,235,UTF-8,1,0,FOUNDSJJ,0,0
1779177344088,53,HTTP Request,200,,Thread Group 1-191,text,true,,819,270,13,13,http://localhost.com:7010/api/bbs/sso/login,,53,UTF-8,1,0,FOUNDSJJ,0,1
1779177343910,232,HTTP Request,200,,Thread Group 1-181,text,true,,365,437,13,13,http://localhost.com:7010/api/bbs/user/updateLikeState?articleId=26,,231,UTF-8,1,0,FOUNDSJJ,0,0
1779177343883,259,HTTP Request,200,,Thread Group 1-186,text,true,,365,437,13,13,http://localhost.com:7010/api/bbs/user/updateLikeState?articleId=26,,259,UTF-8,1,0,FOUNDSJJ,0,0
1779177343910,260,HTTP Request,200,,Thread Group 1-179,text,true,,365,437,13,13,http://localhost.com:7010/api/bbs/user/updateLikeState?articleId=26,,260,UTF-8,1,0,FOUNDSJJ,0,0
1779177343923,247,HTTP Request,200,,Thread Group 1-184,text,true,,365,437,13,13,http://localhost.com:7010/api/bbs/user/updateLikeState?articleId=26,,247,UTF-8,1,0,FOUNDSJJ,0,0
1779177343938,263,HTTP Request,200,,Thread Group 1-189,text,true,,365,437,13,13,http://localhost.com:7010/api/bbs/user/updateLikeState?articleId=26,,263,UTF-8,1,0,FOUNDSJJ,0,0
1779177343969,233,HTTP Request,200,,Thread Group 1-182,text,true,,365,437,13,13,http://localhost.com:7010/api/bbs/user/updateLikeState?articleId=26,,233,UTF-8,1,0,FOUNDSJJ,0,0
1779177344003,231,HTTP Request,200,,Thread Group 1-187,text,true,,365,437,13,13,http://localhost.com:7010/api/bbs/user/updateLikeState?articleId=26,,231,UTF-8,1,0,FOUNDSJJ,0,0
1779177344187,67,HTTP Request,200,,Thread Group 1-192,text,true,,819,270,13,13,http://localhost.com:7010/api/bbs/sso/login,,66,UTF-8,1,0,FOUNDSJJ,0,1
1779177344042,248,HTTP Request,200,,Thread Group 1-183,text,true,,365,437,14,14,http://localhost.com:7010/api/bbs/user/updateLikeState?articleId=26,,248,UTF-8,1,0,FOUNDSJJ,0,0
1779177344011,279,HTTP Request,200,,Thread Group 1-180,text,true,,365,437,14,14,http://localhost.com:7010/api/bbs/user/updateLikeState?articleId=26,,279,UTF-8,1,0,FOUNDSJJ,0,0
1779177344040,251,HTTP Request,200,,Thread Group 1-190,text,true,,365,437,13,13,http://localhost.com:7010/api/bbs/user/updateLikeState?articleId=26,,250,UTF-8,1,0,FOUNDSJJ,0,0
1779177344055,267,HTTP Request,200,,Thread Group 1-185,text,true,,365,437,13,13,http://localhost.com:7010/api/bbs/user/updateLikeState?articleId=26,,267,UTF-8,1,0,FOUNDSJJ,0,0
1779177344286,56,HTTP Request,200,,Thread Group 1-193,text,true,,819,270,13,13,http://localhost.com:7010/api/bbs/sso/login,,55,UTF-8,1,0,FOUNDSJJ,0,1
1779177344092,287,HTTP Request,200,,Thread Group 1-188,text,true,,365,437,13,13,http://localhost.com:7010/api/bbs/user/updateLikeState?articleId=26,,287,UTF-8,1,0,FOUNDSJJ,0,0
1779177344143,266,HTTP Request,200,,Thread Group 1-181,text,true,,365,437,14,14,http://localhost.com:7010/api/bbs/user/updateLikeState?articleId=26,,266,UTF-8,1,0,FOUNDSJJ,0,0
1779177344142,268,HTTP Request,200,,Thread Group 1-191,text,true,,365,437,13,13,http://localhost.com:7010/api/bbs/user/updateLikeState?articleId=26,,268,UTF-8,1,0,FOUNDSJJ,0,0
1779177344143,268,HTTP Request,200,,Thread Group 1-186,text,true,,365,437,13,13,http://localhost.com:7010/api/bbs/user/updateLikeState?articleId=26,,267,UTF-8,1,0,FOUNDSJJ,0,0
1779177344386,49,HTTP Request,200,,Thread Group 1-194,text,true,,819,270,13,13,http://localhost.com:7010/api/bbs/sso/login,,48,UTF-8,1,0,FOUNDSJJ,0,0
1779177344172,274,HTTP Request,200,,Thread Group 1-184,text,true,,365,437,13,13,http://localhost.com:7010/api/bbs/user/updateLikeState?articleId=26,,274,UTF-8,1,0,FOUNDSJJ,0,0
1779177344203,264,HTTP Request,200,,Thread Group 1-182,text,true,,365,437,13,13,http://localhost.com:7010/api/bbs/user/updateLikeState?articleId=26,,264,UTF-8,1,0,FOUNDSJJ,0,0
1779177344202,270,HTTP Request,200,,Thread Group 1-189,text,true,,365,437,12,12,http://localhost.com:7010/api/bbs/user/updateLikeState?articleId=26,,269,UTF-8,1,0,FOUNDSJJ,0,0
1779177344254,256,HTTP Request,200,,Thread Group 1-192,text,true,,365,437,13,13,http://localhost.com:7010/api/bbs/user/updateLikeState?articleId=26,,255,UTF-8,1,0,FOUNDSJJ,0,0
1779177344235,275,HTTP Request,200,,Thread Group 1-187,text,true,,365,437,13,13,http://localhost.com:7010/api/bbs/user/updateLikeState?articleId=26,,275,UTF-8,1,0,FOUNDSJJ,0,0
1779177344485,52,HTTP Request,200,,Thread Group 1-195,text,true,,819,270,13,13,http://localhost.com:7010/api/bbs/sso/login,,51,UTF-8,1,0,FOUNDSJJ,0,1
1779177344291,250,HTTP Request,200,,Thread Group 1-183,text,true,,365,437,13,13,http://localhost.com:7010/api/bbs/user/updateLikeState?articleId=26,,250,UTF-8,1,0,FOUNDSJJ,0,0
1779177344292,250,HTTP Request,200,,Thread Group 1-190,text,true,,365,437,12,12,http://localhost.com:7010/api/bbs/user/updateLikeState?articleId=26,,250,UTF-8,1,0,FOUNDSJJ,0,0
1779177344324,245,HTTP Request,200,,Thread Group 1-185,text,true,,365,437,12,12,http://localhost.com:7010/api/bbs/user/updateLikeState?articleId=26,,244,UTF-8,1,0,FOUNDSJJ,0,0
1779177344343,251,HTTP Request,200,,Thread Group 1-193,text,true,,365,437,13,13,http://localhost.com:7010/api/bbs/user/updateLikeState?articleId=26,,251,UTF-8,1,0,FOUNDSJJ,0,0
1779177344380,222,HTTP Request,200,,Thread Group 1-188,text,true,,365,437,13,13,http://localhost.com:7010/api/bbs/user/updateLikeState?articleId=26,,222,UTF-8,1,0,FOUNDSJJ,0,0
1779177344411,243,HTTP Request,200,,Thread Group 1-186,text,true,,365,437,13,13,http://localhost.com:7010/api/bbs/user/updateLikeState?articleId=26,,243,UTF-8,1,0,FOUNDSJJ,0,0
1779177344587,68,HTTP Request,200,,Thread Group 1-196,text,true,,819,270,13,13,http://localhost.com:7010/api/bbs/sso/login,,67,UTF-8,1,0,FOUNDSJJ,0,1
1779177344411,244,HTTP Request,200,,Thread Group 1-191,text,true,,365,437,13,13,http://localhost.com:7010/api/bbs/user/updateLikeState?articleId=26,,244,UTF-8,1,0,FOUNDSJJ,0,0
1779177344435,280,HTTP Request,200,,Thread Group 1-194,text,true,,365,437,14,14,http://localhost.com:7010/api/bbs/user/updateLikeState?articleId=26,,280,UTF-8,1,0,FOUNDSJJ,0,0
1779177344446,271,HTTP Request,200,,Thread Group 1-184,text,true,,365,437,14,14,http://localhost.com:7010/api/bbs/user/updateLikeState?articleId=26,,271,UTF-8,1,0,FOUNDSJJ,0,0
1779177344687,52,HTTP Request,200,,Thread Group 1-197,text,true,,819,270,13,13,http://localhost.com:7010/api/bbs/sso/login,,52,UTF-8,1,0,FOUNDSJJ,0,1
1779177344472,273,HTTP Request,200,,Thread Group 1-189,text,true,,365,437,13,13,http://localhost.com:7010/api/bbs/user/updateLikeState?articleId=26,,273,UTF-8,1,0,FOUNDSJJ,0,0
1779177344511,294,HTTP Request,200,,Thread Group 1-187,text,true,,365,437,14,14,http://localhost.com:7010/api/bbs/user/updateLikeState?articleId=26,,294,UTF-8,1,0,FOUNDSJJ,0,0
1779177344538,267,HTTP Request,200,,Thread Group 1-195,text,true,,365,437,14,14,http://localhost.com:7010/api/bbs/user/updateLikeState?articleId=26,,267,UTF-8,1,0,FOUNDSJJ,0,0
1779177344569,250,HTTP Request,200,,Thread Group 1-185,text,true,,365,437,14,14,http://localhost.com:7010/api/bbs/user/updateLikeState?articleId=26,,249,UTF-8,1,0,FOUNDSJJ,0,0
1779177344510,330,HTTP Request,200,,Thread Group 1-192,text,true,,365,437,13,13,http://localhost.com:7010/api/bbs/user/updateLikeState?articleId=26,,329,UTF-8,1,0,FOUNDSJJ,0,0
1779177344543,297,HTTP Request,200,,Thread Group 1-190,text,true,,365,437,13,13,http://localhost.com:7010/api/bbs/user/updateLikeState?articleId=26,,297,UTF-8,1,0,FOUNDSJJ,0,0
1779177344787,62,HTTP Request,200,,Thread Group 1-198,text,true,,819,270,13,13,http://localhost.com:7010/api/bbs/sso/login,,61,UTF-8,1,0,FOUNDSJJ,0,0
1779177344595,281,HTTP Request,200,,Thread Group 1-193,text,true,,365,437,13,13,http://localhost.com:7010/api/bbs/user/updateLikeState?articleId=26,,281,UTF-8,1,0,FOUNDSJJ,0,0
1779177344602,321,HTTP Request,200,,Thread Group 1-188,text,true,,365,437,14,14,http://localhost.com:7010/api/bbs/user/updateLikeState?articleId=26,,321,UTF-8,1,0,FOUNDSJJ,0,0
1779177344655,275,HTTP Request,200,,Thread Group 1-196,text,true,,365,437,14,14,http://localhost.com:7010/api/bbs/user/updateLikeState?articleId=26,,275,UTF-8,1,0,FOUNDSJJ,0,0
1779177344655,275,HTTP Request,200,,Thread Group 1-186,text,true,,365,437,14,14,http://localhost.com:7010/api/bbs/user/updateLikeState?articleId=26,,275,UTF-8,1,0,FOUNDSJJ,0,0
1779177344886,51,HTTP Request,200,,Thread Group 1-199,text,true,,819,270,13,13,http://localhost.com:7010/api/bbs/sso/login,,51,UTF-8,1,0,FOUNDSJJ,0,1
1779177344655,296,HTTP Request,200,,Thread Group 1-191,text,true,,365,437,13,13,http://localhost.com:7010/api/bbs/user/updateLikeState?articleId=26,,296,UTF-8,1,0,FOUNDSJJ,0,0
1779177344746,252,HTTP Request,200,,Thread Group 1-189,text,true,,365,437,14,14,http://localhost.com:7010/api/bbs/user/updateLikeState?articleId=26,,252,UTF-8,1,0,FOUNDSJJ,0,0
1779177344716,283,HTTP Request,200,,Thread Group 1-194,text,true,,365,437,14,14,http://localhost.com:7010/api/bbs/user/updateLikeState?articleId=26,,282,UTF-8,1,0,FOUNDSJJ,0,0
1779177344740,259,HTTP Request,200,,Thread Group 1-197,text,true,,365,437,14,14,http://localhost.com:7010/api/bbs/user/updateLikeState?articleId=26,,258,UTF-8,1,0,FOUNDSJJ,0,0
1779177344986,60,HTTP Request,200,,Thread Group 1-200,text,true,,819,270,14,14,http://localhost.com:7010/api/bbs/sso/login,,59,UTF-8,1,0,FOUNDSJJ,0,1
1779177344806,262,HTTP Request,200,,Thread Group 1-187,text,true,,365,437,14,14,http://localhost.com:7010/api/bbs/user/updateLikeState?articleId=26,,261,UTF-8,1,0,FOUNDSJJ,0,0
1779177344806,262,HTTP Request,200,,Thread Group 1-195,text,true,,365,437,14,14,http://localhost.com:7010/api/bbs/user/updateLikeState?articleId=26,,262,UTF-8,1,0,FOUNDSJJ,0,0
1779177344840,260,HTTP Request,200,,Thread Group 1-192,text,true,,365,437,14,14,http://localhost.com:7010/api/bbs/user/updateLikeState?articleId=26,,259,UTF-8,1,0,FOUNDSJJ,0,0
1779177344841,259,HTTP Request,200,,Thread Group 1-190,text,true,,365,437,14,14,http://localhost.com:7010/api/bbs/user/updateLikeState?articleId=26,,259,UTF-8,1,0,FOUNDSJJ,0,0
1779177344849,280,HTTP Request,200,,Thread Group 1-198,text,true,,365,437,14,14,http://localhost.com:7010/api/bbs/user/updateLikeState?articleId=26,,280,UTF-8,1,0,FOUNDSJJ,0,0
1779177344876,254,HTTP Request,200,,Thread Group 1-193,text,true,,365,437,14,14,http://localhost.com:7010/api/bbs/user/updateLikeState?articleId=26,,253,UTF-8,1,0,FOUNDSJJ,0,0
1779177345086,49,HTTP Request,200,,Thread Group 1-201,text,true,,819,270,14,14,http://localhost.com:7010/api/bbs/sso/login,,48,UTF-8,1,0,FOUNDSJJ,0,1
1779177344931,223,HTTP Request,200,,Thread Group 1-196,text,true,,365,437,14,14,http://localhost.com:7010/api/bbs/user/updateLikeState?articleId=26,,223,UTF-8,1,0,FOUNDSJJ,0,0
1779177344923,243,HTTP Request,200,,Thread Group 1-188,text,true,,365,437,14,14,http://localhost.com:7010/api/bbs/user/updateLikeState?articleId=26,,243,UTF-8,1,0,FOUNDSJJ,0,0
1779177344938,265,HTTP Request,200,,Thread Group 1-199,text,true,,365,437,14,14,http://localhost.com:7010/api/bbs/user/updateLikeState?articleId=26,,265,UTF-8,1,0,FOUNDSJJ,0,0
1779177344951,253,HTTP Request,200,,Thread Group 1-191,text,true,,365,437,14,14,http://localhost.com:7010/api/bbs/user/updateLikeState?articleId=26,,252,UTF-8,1,0,FOUNDSJJ,0,0
1779177344998,227,HTTP Request,200,,Thread Group 1-189,text,true,,365,437,14,14,http://localhost.com:7010/api/bbs/user/updateLikeState?articleId=26,,227,UTF-8,1,0,FOUNDSJJ,0,0
1779177344999,239,HTTP Request,200,,Thread Group 1-197,text,true,,365,437,13,13,http://localhost.com:7010/api/bbs/user/updateLikeState?articleId=26,,237,UTF-8,1,0,FOUNDSJJ,0,0
1779177344999,239,HTTP Request,200,,Thread Group 1-194,text,true,,365,437,13,13,http://localhost.com:7010/api/bbs/user/updateLikeState?articleId=26,,238,UTF-8,1,0,FOUNDSJJ,0,0
1779177345185,53,HTTP Request,200,,Thread Group 1-202,text,true,,819,270,13,13,http://localhost.com:7010/api/bbs/sso/login,,53,UTF-8,1,0,FOUNDSJJ,0,1
1779177345046,223,HTTP Request,200,,Thread Group 1-200,text,true,,365,437,13,13,http://localhost.com:7010/api/bbs/user/updateLikeState?articleId=26,,222,UTF-8,1,0,FOUNDSJJ,0,0
1779177345069,221,HTTP Request,200,,Thread Group 1-195,text,true,,365,437,14,14,http://localhost.com:7010/api/bbs/user/updateLikeState?articleId=26,,221,UTF-8,1,0,FOUNDSJJ,0,0
1779177345100,210,HTTP Request,200,,Thread Group 1-192,text,true,,365,437,14,14,http://localhost.com:7010/api/bbs/user/updateLikeState?articleId=26,,210,UTF-8,1,0,FOUNDSJJ,0,0
1779177345100,218,HTTP Request,200,,Thread Group 1-190,text,true,,365,437,14,14,http://localhost.com:7010/api/bbs/user/updateLikeState?articleId=26,,218,UTF-8,1,0,FOUNDSJJ,0,0
1779177345285,65,HTTP Request,200,,Thread Group 1-203,text,true,,819,270,13,13,http://localhost.com:7010/api/bbs/sso/login,,65,UTF-8,1,0,FOUNDSJJ,0,1
1779177345130,221,HTTP Request,200,,Thread Group 1-193,text,true,,365,437,13,13,http://localhost.com:7010/api/bbs/user/updateLikeState?articleId=26,,221,UTF-8,1,0,FOUNDSJJ,0,0
1779177345135,226,HTTP Request,200,,Thread Group 1-201,text,true,,365,437,13,13,http://localhost.com:7010/api/bbs/user/updateLikeState?articleId=26,,226,UTF-8,1,0,FOUNDSJJ,0,0
1779177345130,231,HTTP Request,200,,Thread Group 1-198,text,true,,365,437,13,13,http://localhost.com:7010/api/bbs/user/updateLikeState?articleId=26,,231,UTF-8,1,0,FOUNDSJJ,0,0
1779177345154,225,HTTP Request,200,,Thread Group 1-196,text,true,,365,437,13,13,http://localhost.com:7010/api/bbs/user/updateLikeState?articleId=26,,224,UTF-8,1,0,FOUNDSJJ,0,0
1779177345203,229,HTTP Request,200,,Thread Group 1-199,text,true,,365,437,14,14,http://localhost.com:7010/api/bbs/user/updateLikeState?articleId=26,,229,UTF-8,1,0,FOUNDSJJ,0,0
1779177345204,235,HTTP Request,200,,Thread Group 1-191,text,true,,365,437,14,14,http://localhost.com:7010/api/bbs/user/updateLikeState?articleId=26,,235,UTF-8,1,0,FOUNDSJJ,0,0
1779177345385,57,HTTP Request,200,,Thread Group 1-204,text,true,,819,270,13,13,http://localhost.com:7010/api/bbs/sso/login,,56,UTF-8,1,0,FOUNDSJJ,0,1
1779177345238,232,HTTP Request,200,,Thread Group 1-197,text,true,,365,437,13,13,http://localhost.com:7010/api/bbs/user/updateLikeState?articleId=26,,232,UTF-8,1,0,FOUNDSJJ,0,0
1779177345238,232,HTTP Request,200,,Thread Group 1-194,text,true,,365,437,13,13,http://localhost.com:7010/api/bbs/user/updateLikeState?articleId=26,,232,UTF-8,1,0,FOUNDSJJ,0,0
1779177345239,254,HTTP Request,200,,Thread Group 1-202,text,true,,365,437,14,14,http://localhost.com:7010/api/bbs/user/updateLikeState?articleId=26,,254,UTF-8,1,0,FOUNDSJJ,0,0
1779177345269,243,HTTP Request,200,,Thread Group 1-200,text,true,,365,437,14,14,http://localhost.com:7010/api/bbs/user/updateLikeState?articleId=26,,243,UTF-8,1,0,FOUNDSJJ,0,0
1779177345290,227,HTTP Request,200,,Thread Group 1-195,text,true,,365,437,14,14,http://localhost.com:7010/api/bbs/user/updateLikeState?articleId=26,,227,UTF-8,1,0,FOUNDSJJ,0,0
1779177345485,50,HTTP Request,200,,Thread Group 1-205,text,true,,819,270,14,14,http://localhost.com:7010/api/bbs/sso/login,,50,UTF-8,1,0,FOUNDSJJ,0,1
1779177345311,231,HTTP Request,200,,Thread Group 1-192,text,true,,365,437,14,14,http://localhost.com:7010/api/bbs/user/updateLikeState?articleId=26,,231,UTF-8,1,0,FOUNDSJJ,0,0
1779177345351,216,HTTP Request,200,,Thread Group 1-193,text,true,,365,437,13,13,http://localhost.com:7010/api/bbs/user/updateLikeState?articleId=26,,216,UTF-8,1,0,FOUNDSJJ,0,0
1779177345351,220,HTTP Request,200,,Thread Group 1-203,text,true,,365,437,12,12,http://localhost.com:7010/api/bbs/user/updateLikeState?articleId=26,,220,UTF-8,1,0,FOUNDSJJ,0,0
1779177345379,219,HTTP Request,200,,Thread Group 1-196,text,true,,365,437,13,13,http://localhost.com:7010/api/bbs/user/updateLikeState?articleId=26,,219,UTF-8,1,0,FOUNDSJJ,0,0
1779177345361,238,HTTP Request,200,,Thread Group 1-201,text,true,,365,437,13,13,http://localhost.com:7010/api/bbs/user/updateLikeState?articleId=26,,237,UTF-8,1,0,FOUNDSJJ,0,0
1779177345362,242,HTTP Request,200,,Thread Group 1-198,text,true,,365,437,13,13,http://localhost.com:7010/api/bbs/user/updateLikeState?articleId=26,,242,UTF-8,1,0,FOUNDSJJ,0,0
1779177345585,52,HTTP Request,200,,Thread Group 1-206,text,true,,819,270,13,13,http://localhost.com:7010/api/bbs/sso/login,,52,UTF-8,1,0,FOUNDSJJ,0,1
1779177345442,224,HTTP Request,200,,Thread Group 1-204,text,true,,365,437,13,13,http://localhost.com:7010/api/bbs/user/updateLikeState?articleId=26,,224,UTF-8,1,0,FOUNDSJJ,0,0
1779177345433,233,HTTP Request,200,,Thread Group 1-199,text,true,,365,437,13,13,http://localhost.com:7010/api/bbs/user/updateLikeState?articleId=26,,233,UTF-8,1,0,FOUNDSJJ,0,0
1779177345471,231,HTTP Request,200,,Thread Group 1-194,text,true,,365,437,14,14,http://localhost.com:7010/api/bbs/user/updateLikeState?articleId=26,,231,UTF-8,1,0,FOUNDSJJ,0,0
1779177345470,233,HTTP Request,200,,Thread Group 1-197,text,true,,365,437,13,13,http://localhost.com:7010/api/bbs/user/updateLikeState?articleId=26,,233,UTF-8,1,0,FOUNDSJJ,0,0
1779177345494,222,HTTP Request,200,,Thread Group 1-202,text,true,,365,437,13,13,http://localhost.com:7010/api/bbs/user/updateLikeState?articleId=26,,222,UTF-8,1,0,FOUNDSJJ,0,0
1779177345513,217,HTTP Request,200,,Thread Group 1-200,text,true,,365,437,13,13,http://localhost.com:7010/api/bbs/user/updateLikeState?articleId=26,,217,UTF-8,1,0,FOUNDSJJ,0,0
1779177345685,50,HTTP Request,200,,Thread Group 1-207,text,true,,819,270,13,13,http://localhost.com:7010/api/bbs/sso/login,,49,UTF-8,1,0,FOUNDSJJ,0,0
1779177345518,218,HTTP Request,200,,Thread Group 1-195,text,true,,365,437,13,13,http://localhost.com:7010/api/bbs/user/updateLikeState?articleId=26,,217,UTF-8,1,0,FOUNDSJJ,0,0
1779177345536,227,HTTP Request,200,,Thread Group 1-205,text,true,,365,437,12,12,http://localhost.com:7010/api/bbs/user/updateLikeState?articleId=26,,226,UTF-8,1,0,FOUNDSJJ,0,0
1779177345572,232,HTTP Request,200,,Thread Group 1-203,text,true,,365,437,13,13,http://localhost.com:7010/api/bbs/user/updateLikeState?articleId=26,,232,UTF-8,1,0,FOUNDSJJ,0,0
1779177345599,217,HTTP Request,200,,Thread Group 1-196,text,true,,365,437,13,13,http://localhost.com:7010/api/bbs/user/updateLikeState?articleId=26,,217,UTF-8,1,0,FOUNDSJJ,0,0
1779177345599,236,HTTP Request,200,,Thread Group 1-201,text,true,,365,437,12,12,http://localhost.com:7010/api/bbs/user/updateLikeState?articleId=26,,236,UTF-8,1,0,FOUNDSJJ,0,0
1779177345604,231,HTTP Request,200,,Thread Group 1-198,text,true,,365,437,12,12,http://localhost.com:7010/api/bbs/user/updateLikeState?articleId=26,,231,UTF-8,1,0,FOUNDSJJ,0,0
1779177345786,54,HTTP Request,200,,Thread Group 1-208,text,true,,819,270,12,12,http://localhost.com:7010/api/bbs/sso/login,,54,UTF-8,1,0,FOUNDSJJ,0,1
1779177345638,225,HTTP Request,200,,Thread Group 1-206,text,true,,365,437,12,12,http://localhost.com:7010/api/bbs/user/updateLikeState?articleId=26,,224,UTF-8,1,0,FOUNDSJJ,0,0
1779177345666,225,HTTP Request,200,,Thread Group 1-199,text,true,,365,437,13,13,http://localhost.com:7010/api/bbs/user/updateLikeState?articleId=26,,225,UTF-8,1,0,FOUNDSJJ,0,0
1779177345666,225,HTTP Request,200,,Thread Group 1-204,text,true,,365,437,13,13,http://localhost.com:7010/api/bbs/user/updateLikeState?articleId=26,,225,UTF-8,1,0,FOUNDSJJ,0,0
1779177345704,213,HTTP Request,200,,Thread Group 1-197,text,true,,365,437,13,13,http://localhost.com:7010/api/bbs/user/updateLikeState?articleId=26,,213,UTF-8,1,0,FOUNDSJJ,0,0
1779177345716,214,HTTP Request,200,,Thread Group 1-202,text,true,,365,437,12,12,http://localhost.com:7010/api/bbs/user/updateLikeState?articleId=26,,214,UTF-8,1,0,FOUNDSJJ,0,0
1779177345731,220,HTTP Request,200,,Thread Group 1-200,text,true,,365,437,12,12,http://localhost.com:7010/api/bbs/user/updateLikeState?articleId=26,,220,UTF-8,1,0,FOUNDSJJ,0,0
1779177345886,65,HTTP Request,200,,Thread Group 1-209,text,true,,819,270,12,12,http://localhost.com:7010/api/bbs/sso/login,,65,UTF-8,1,0,FOUNDSJJ,0,1
1779177345736,229,HTTP Request,200,,Thread Group 1-207,text,true,,365,437,12,12,http://localhost.com:7010/api/bbs/user/updateLikeState?articleId=26,,229,UTF-8,1,0,FOUNDSJJ,0,0
1779177345763,224,HTTP Request,200,,Thread Group 1-205,text,true,,365,437,13,13,http://localhost.com:7010/api/bbs/user/updateLikeState?articleId=26,,224,UTF-8,1,0,FOUNDSJJ,0,0
1779177345804,217,HTTP Request,200,,Thread Group 1-203,text,true,,365,437,13,13,http://localhost.com:7010/api/bbs/user/updateLikeState?articleId=26,,217,UTF-8,1,0,FOUNDSJJ,0,0
1779177345986,45,HTTP Request,200,,Thread Group 1-210,text,true,,819,270,13,13,http://localhost.com:7010/api/bbs/sso/login,,44,UTF-8,1,0,FOUNDSJJ,0,1
1779177345836,215,HTTP Request,200,,Thread Group 1-201,text,true,,365,437,13,13,http://localhost.com:7010/api/bbs/user/updateLikeState?articleId=26,,215,UTF-8,1,0,FOUNDSJJ,0,0
1779177345840,218,HTTP Request,200,,Thread Group 1-208,text,true,,365,437,13,13,http://localhost.com:7010/api/bbs/user/updateLikeState?articleId=26,,218,UTF-8,1,0,FOUNDSJJ,0,0
1779177345836,222,HTTP Request,200,,Thread Group 1-198,text,true,,365,437,13,13,http://localhost.com:7010/api/bbs/user/updateLikeState?articleId=26,,222,UTF-8,1,0,FOUNDSJJ,0,0
1779177345863,213,HTTP Request,200,,Thread Group 1-206,text,true,,365,437,12,12,http://localhost.com:7010/api/bbs/user/updateLikeState?articleId=26,,212,UTF-8,1,0,FOUNDSJJ,0,0
1779177345892,211,HTTP Request,200,,Thread Group 1-204,text,true,,365,437,13,13,http://localhost.com:7010/api/bbs/user/updateLikeState?articleId=26,,211,UTF-8,1,0,FOUNDSJJ,0,0
1779177345891,246,HTTP Request,200,,Thread Group 1-199,text,true,,365,437,13,13,http://localhost.com:7010/api/bbs/user/updateLikeState?articleId=26,,246,UTF-8,1,0,FOUNDSJJ,0,0
1779177346086,62,HTTP Request,200,,Thread Group 1-211,text,true,,819,270,12,12,http://localhost.com:7010/api/bbs/sso/login,,62,UTF-8,1,0,FOUNDSJJ,0,1
1779177345930,227,HTTP Request,200,,Thread Group 1-202,text,true,,365,437,12,12,http://localhost.com:7010/api/bbs/user/updateLikeState?articleId=26,,227,UTF-8,1,0,FOUNDSJJ,0,0
1779177345951,234,HTTP Request,200,,Thread Group 1-200,text,true,,365,437,12,12,http://localhost.com:7010/api/bbs/user/updateLikeState?articleId=26,,233,UTF-8,1,0,FOUNDSJJ,0,0
1779177345965,226,HTTP Request,200,,Thread Group 1-207,text,true,,365,437,12,12,http://localhost.com:7010/api/bbs/user/updateLikeState?articleId=26,,226,UTF-8,1,0,FOUNDSJJ,0,0
1779177345951,240,HTTP Request,200,,Thread Group 1-209,text,true,,365,437,12,12,http://localhost.com:7010/api/bbs/user/updateLikeState?articleId=26,,240,UTF-8,1,0,FOUNDSJJ,0,0
1779177346185,75,HTTP Request,200,,Thread Group 1-212,text,true,,819,270,12,12,http://localhost.com:7010/api/bbs/sso/login,,74,UTF-8,1,0,FOUNDSJJ,0,1
1779177345988,272,HTTP Request,200,,Thread Group 1-205,text,true,,365,437,12,12,http://localhost.com:7010/api/bbs/user/updateLikeState?articleId=26,,272,UTF-8,1,0,FOUNDSJJ,0,0
1779177346021,267,HTTP Request,200,,Thread Group 1-203,text,true,,365,437,13,13,http://localhost.com:7010/api/bbs/user/updateLikeState?articleId=26,,266,UTF-8,1,0,FOUNDSJJ,0,0
1779177346059,266,HTTP Request,200,,Thread Group 1-208,text,true,,365,437,13,13,http://localhost.com:7010/api/bbs/user/updateLikeState?articleId=26,,266,UTF-8,1,0,FOUNDSJJ,0,0
1779177346031,295,HTTP Request,200,,Thread Group 1-210,text,true,,365,437,13,13,http://localhost.com:7010/api/bbs/user/updateLikeState?articleId=26,,294,UTF-8,1,0,FOUNDSJJ,0,0
1779177346051,275,HTTP Request,200,,Thread Group 1-201,text,true,,365,437,13,13,http://localhost.com:7010/api/bbs/user/updateLikeState?articleId=26,,275,UTF-8,1,0,FOUNDSJJ,0,0
1779177346286,52,HTTP Request,200,,Thread Group 1-213,text,true,,819,270,12,12,http://localhost.com:7010/api/bbs/sso/login,,52,UTF-8,1,0,FOUNDSJJ,0,0
1779177346076,275,HTTP Request,200,,Thread Group 1-206,text,true,,365,437,12,12,http://localhost.com:7010/api/bbs/user/updateLikeState?articleId=26,,275,UTF-8,1,0,FOUNDSJJ,0,0
1779177346104,279,HTTP Request,200,,Thread Group 1-204,text,true,,365,437,12,12,http://localhost.com:7010/api/bbs/user/updateLikeState?articleId=26,,279,UTF-8,1,0,FOUNDSJJ,0,0
1779177346157,273,HTTP Request,200,,Thread Group 1-202,text,true,,365,437,13,13,http://localhost.com:7010/api/bbs/user/updateLikeState?articleId=26,,273,UTF-8,1,0,FOUNDSJJ,0,0
1779177346149,281,HTTP Request,200,,Thread Group 1-211,text,true,,365,437,13,13,http://localhost.com:7010/api/bbs/user/updateLikeState?articleId=26,,281,UTF-8,1,0,FOUNDSJJ,0,0
1779177346386,52,HTTP Request,200,,Thread Group 1-214,text,true,,819,270,12,12,http://localhost.com:7010/api/bbs/sso/login,,52,UTF-8,1,0,FOUNDSJJ,0,0
1779177346191,267,HTTP Request,200,,Thread Group 1-207,text,true,,365,437,12,12,http://localhost.com:7010/api/bbs/user/updateLikeState?articleId=26,,267,UTF-8,1,0,FOUNDSJJ,0,0
1779177346191,268,HTTP Request,200,,Thread Group 1-209,text,true,,365,437,12,12,http://localhost.com:7010/api/bbs/user/updateLikeState?articleId=26,,267,UTF-8,1,0,FOUNDSJJ,0,0
1779177346260,232,HTTP Request,200,,Thread Group 1-212,text,true,,365,437,13,13,http://localhost.com:7010/api/bbs/user/updateLikeState?articleId=26,,232,UTF-8,1,0,FOUNDSJJ,0,0
1779177346260,232,HTTP Request,200,,Thread Group 1-205,text,true,,365,437,13,13,http://localhost.com:7010/api/bbs/user/updateLikeState?articleId=26,,232,UTF-8,1,0,FOUNDSJJ,0,0
1779177346288,243,HTTP Request,200,,Thread Group 1-203,text,true,,365,437,13,13,http://localhost.com:7010/api/bbs/user/updateLikeState?articleId=26,,243,UTF-8,1,0,FOUNDSJJ,0,0
1779177346488,53,HTTP Request,200,,Thread Group 1-215,text,true,,819,270,12,12,http://localhost.com:7010/api/bbs/sso/login,,52,UTF-8,1,0,FOUNDSJJ,0,1
1779177346326,233,HTTP Request,200,,Thread Group 1-210,text,true,,365,437,12,12,http://localhost.com:7010/api/bbs/user/updateLikeState?articleId=26,,233,UTF-8,1,0,FOUNDSJJ,0,0
1779177346326,233,HTTP Request,200,,Thread Group 1-208,text,true,,365,437,12,12,http://localhost.com:7010/api/bbs/user/updateLikeState?articleId=26,,233,UTF-8,1,0,FOUNDSJJ,0,0
1779177346339,227,HTTP Request,200,,Thread Group 1-213,text,true,,365,437,12,12,http://localhost.com:7010/api/bbs/user/updateLikeState?articleId=26,,227,UTF-8,1,0,FOUNDSJJ,0,0
1779177346351,244,HTTP Request,200,,Thread Group 1-206,text,true,,365,437,13,13,http://localhost.com:7010/api/bbs/user/updateLikeState?articleId=26,,243,UTF-8,1,0,FOUNDSJJ,0,0
1779177346383,238,HTTP Request,200,,Thread Group 1-204,text,true,,365,437,13,13,http://localhost.com:7010/api/bbs/user/updateLikeState?articleId=26,,237,UTF-8,1,0,FOUNDSJJ,0,0
1779177346586,61,HTTP Request,200,,Thread Group 1-216,text,true,,819,270,12,12,http://localhost.com:7010/api/bbs/sso/login,,60,UTF-8,1,0,FOUNDSJJ,0,0
1779177346431,220,HTTP Request,200,,Thread Group 1-211,text,true,,365,437,12,12,http://localhost.com:7010/api/bbs/user/updateLikeState?articleId=26,,220,UTF-8,1,0,FOUNDSJJ,0,0
1779177346440,233,HTTP Request,200,,Thread Group 1-214,text,true,,365,437,12,12,http://localhost.com:7010/api/bbs/user/updateLikeState?articleId=26,,233,UTF-8,1,0,FOUNDSJJ,0,0
1779177346459,245,HTTP Request,200,,Thread Group 1-207,text,true,,365,437,13,13,http://localhost.com:7010/api/bbs/user/updateLikeState?articleId=26,,245,UTF-8,1,0,FOUNDSJJ,0,0
1779177346459,245,HTTP Request,200,,Thread Group 1-209,text,true,,365,437,13,13,http://localhost.com:7010/api/bbs/user/updateLikeState?articleId=26,,245,UTF-8,1,0,FOUNDSJJ,0,0
1779177346492,239,HTTP Request,200,,Thread Group 1-212,text,true,,365,437,13,13,http://localhost.com:7010/api/bbs/user/updateLikeState?articleId=26,,239,UTF-8,1,0,FOUNDSJJ,0,0
1779177346492,239,HTTP Request,200,,Thread Group 1-205,text,true,,365,437,13,13,http://localhost.com:7010/api/bbs/user/updateLikeState?articleId=26,,239,UTF-8,1,0,FOUNDSJJ,0,0
1779177346686,48,HTTP Request,200,,Thread Group 1-217,text,true,,819,270,12,12,http://localhost.com:7010/api/bbs/sso/login,,48,UTF-8,1,0,FOUNDSJJ,0,0
1779177346541,230,HTTP Request,200,,Thread Group 1-215,text,true,,365,437,12,12,http://localhost.com:7010/api/bbs/user/updateLikeState?articleId=26,,230,UTF-8,1,0,FOUNDSJJ,0,0
1779177346567,220,HTTP Request,200,,Thread Group 1-213,text,true,,365,437,13,13,http://localhost.com:7010/api/bbs/user/updateLikeState?articleId=26,,220,UTF-8,1,0,FOUNDSJJ,0,0
1779177346560,227,HTTP Request,200,,Thread Group 1-208,text,true,,365,437,13,13,http://localhost.com:7010/api/bbs/user/updateLikeState?articleId=26,,227,UTF-8,1,0,FOUNDSJJ,0,0
1779177346560,228,HTTP Request,200,,Thread Group 1-210,text,true,,365,437,13,13,http://localhost.com:7010/api/bbs/user/updateLikeState?articleId=26,,228,UTF-8,1,0,FOUNDSJJ,0,0
1779177346596,261,HTTP Request,200,,Thread Group 1-206,text,true,,365,437,13,13,http://localhost.com:7010/api/bbs/user/updateLikeState?articleId=26,,261,UTF-8,1,0,FOUNDSJJ,0,0
1779177346786,77,HTTP Request,200,,Thread Group 1-218,text,true,,819,270,12,12,http://localhost.com:7010/api/bbs/sso/login,,77,UTF-8,1,0,FOUNDSJJ,0,1
1779177346652,243,HTTP Request,200,,Thread Group 1-211,text,true,,365,437,13,13,http://localhost.com:7010/api/bbs/user/updateLikeState?articleId=26,,243,UTF-8,1,0,FOUNDSJJ,0,0
1779177346648,247,HTTP Request,200,,Thread Group 1-216,text,true,,365,437,13,13,http://localhost.com:7010/api/bbs/user/updateLikeState?articleId=26,,247,UTF-8,1,0,FOUNDSJJ,0,0
1779177346673,242,HTTP Request,200,,Thread Group 1-214,text,true,,365,437,13,13,http://localhost.com:7010/api/bbs/user/updateLikeState?articleId=26,,242,UTF-8,1,0,FOUNDSJJ,0,0
1779177346886,55,HTTP Request,200,,Thread Group 1-219,text,true,,819,270,13,13,http://localhost.com:7010/api/bbs/sso/login,,54,UTF-8,1,0,FOUNDSJJ,0,1
1779177346705,242,HTTP Request,200,,Thread Group 1-209,text,true,,365,437,13,13,http://localhost.com:7010/api/bbs/user/updateLikeState?articleId=26,,242,UTF-8,1,0,FOUNDSJJ,0,0
1779177346704,244,HTTP Request,200,,Thread Group 1-207,text,true,,365,437,13,13,http://localhost.com:7010/api/bbs/user/updateLikeState?articleId=26,,244,UTF-8,1,0,FOUNDSJJ,0,0
1779177346735,235,HTTP Request,200,,Thread Group 1-217,text,true,,365,437,12,12,http://localhost.com:7010/api/bbs/user/updateLikeState?articleId=26,,235,UTF-8,1,0,FOUNDSJJ,0,0
1779177346731,255,HTTP Request,200,,Thread Group 1-212,text,true,,365,437,13,13,http://localhost.com:7010/api/bbs/user/updateLikeState?articleId=26,,255,UTF-8,1,0,FOUNDSJJ,0,0
1779177346772,251,HTTP Request,200,,Thread Group 1-215,text,true,,365,437,13,13,http://localhost.com:7010/api/bbs/user/updateLikeState?articleId=26,,251,UTF-8,1,0,FOUNDSJJ,0,0
1779177346986,55,HTTP Request,200,,Thread Group 1-220,text,true,,819,270,13,13,http://localhost.com:7010/api/bbs/sso/login,,54,UTF-8,1,0,FOUNDSJJ,0,0
1779177346788,272,HTTP Request,200,,Thread Group 1-208,text,true,,365,437,13,13,http://localhost.com:7010/api/bbs/user/updateLikeState?articleId=26,,272,UTF-8,1,0,FOUNDSJJ,0,0
1779177346789,280,HTTP Request,200,,Thread Group 1-210,text,true,,365,437,12,12,http://localhost.com:7010/api/bbs/user/updateLikeState?articleId=26,,280,UTF-8,1,0,FOUNDSJJ,0,0
1779177346788,281,HTTP Request,200,,Thread Group 1-213,text,true,,365,437,12,12,http://localhost.com:7010/api/bbs/user/updateLikeState?articleId=26,,281,UTF-8,1,0,FOUNDSJJ,0,0
1779177346864,235,HTTP Request,200,,Thread Group 1-218,text,true,,365,437,13,13,http://localhost.com:7010/api/bbs/user/updateLikeState?articleId=26,,235,UTF-8,1,0,FOUNDSJJ,0,0
1779177346896,229,HTTP Request,200,,Thread Group 1-216,text,true,,365,437,13,13,http://localhost.com:7010/api/bbs/user/updateLikeState?articleId=26,,229,UTF-8,1,0,FOUNDSJJ,0,0
1779177346895,231,HTTP Request,200,,Thread Group 1-211,text,true,,365,437,13,13,http://localhost.com:7010/api/bbs/user/updateLikeState?articleId=26,,230,UTF-8,1,0,FOUNDSJJ,0,0
1779177347086,64,HTTP Request,200,,Thread Group 1-221,text,true,,819,270,13,13,http://localhost.com:7010/api/bbs/sso/login,,64,UTF-8,1,0,FOUNDSJJ,0,1
1779177346941,210,HTTP Request,200,,Thread Group 1-219,text,true,,365,437,13,13,http://localhost.com:7010/api/bbs/user/updateLikeState?articleId=26,,210,UTF-8,1,0,FOUNDSJJ,0,0
1779177346916,235,HTTP Request,200,,Thread Group 1-214,text,true,,365,437,13,13,http://localhost.com:7010/api/bbs/user/updateLikeState?articleId=26,,235,UTF-8,1,0,FOUNDSJJ,0,0
1779177346948,232,HTTP Request,200,,Thread Group 1-209,text,true,,365,437,13,13,http://localhost.com:7010/api/bbs/user/updateLikeState?articleId=26,,231,UTF-8,1,0,FOUNDSJJ,0,0
1779177346971,229,HTTP Request,200,,Thread Group 1-217,text,true,,365,437,13,13,http://localhost.com:7010/api/bbs/user/updateLikeState?articleId=26,,229,UTF-8,1,0,FOUNDSJJ,0,0
1779177346988,231,HTTP Request,200,,Thread Group 1-212,text,true,,365,437,13,13,http://localhost.com:7010/api/bbs/user/updateLikeState?articleId=26,,231,UTF-8,1,0,FOUNDSJJ,0,0
1779177347185,61,HTTP Request,200,,Thread Group 1-222,text,true,,819,270,13,13,http://localhost.com:7010/api/bbs/sso/login,,60,UTF-8,1,0,FOUNDSJJ,0,0
1779177347024,241,HTTP Request,200,,Thread Group 1-215,text,true,,365,437,13,13,http://localhost.com:7010/api/bbs/user/updateLikeState?articleId=26,,241,UTF-8,1,0,FOUNDSJJ,0,0
1779177347042,243,HTTP Request,200,,Thread Group 1-220,text,true,,365,437,14,14,http://localhost.com:7010/api/bbs/user/updateLikeState?articleId=26,,243,UTF-8,1,0,FOUNDSJJ,0,0
1779177347070,229,HTTP Request,200,,Thread Group 1-213,text,true,,365,437,14,14,http://localhost.com:7010/api/bbs/user/updateLikeState?articleId=26,,229,UTF-8,1,0,FOUNDSJJ,0,0
1779177347069,230,HTTP Request,200,,Thread Group 1-210,text,true,,365,437,14,14,http://localhost.com:7010/api/bbs/user/updateLikeState?articleId=26,,230,UTF-8,1,0,FOUNDSJJ,0,0
1779177347285,51,HTTP Request,200,,Thread Group 1-223,text,true,,819,270,13,13,http://localhost.com:7010/api/bbs/sso/login,,50,UTF-8,1,0,FOUNDSJJ,0,1
1779177347126,218,HTTP Request,200,,Thread Group 1-216,text,true,,365,437,13,13,http://localhost.com:7010/api/bbs/user/updateLikeState?articleId=26,,218,UTF-8,1,0,FOUNDSJJ,0,0
1779177347100,244,HTTP Request,200,,Thread Group 1-218,text,true,,365,437,13,13,http://localhost.com:7010/api/bbs/user/updateLikeState?articleId=26,,244,UTF-8,1,0,FOUNDSJJ,0,0
1779177347126,234,HTTP Request,200,,Thread Group 1-211,text,true,,365,437,13,13,http://localhost.com:7010/api/bbs/user/updateLikeState?articleId=26,,233,UTF-8,1,0,FOUNDSJJ,0,0
1779177347151,224,HTTP Request,200,,Thread Group 1-219,text,true,,365,437,12,12,http://localhost.com:7010/api/bbs/user/updateLikeState?articleId=26,,224,UTF-8,1,0,FOUNDSJJ,0,0
1779177347151,225,HTTP Request,200,,Thread Group 1-221,text,true,,365,437,12,12,http://localhost.com:7010/api/bbs/user/updateLikeState?articleId=26,,224,UTF-8,1,0,FOUNDSJJ,0,0
1779177347151,225,HTTP Request,200,,Thread Group 1-214,text,true,,365,437,12,12,http://localhost.com:7010/api/bbs/user/updateLikeState?articleId=26,,225,UTF-8,1,0,FOUNDSJJ,0,0
1779177347201,218,HTTP Request,200,,Thread Group 1-217,text,true,,365,437,13,13,http://localhost.com:7010/api/bbs/user/updateLikeState?articleId=26,,218,UTF-8,1,0,FOUNDSJJ,0,0
1779177347386,59,HTTP Request,200,,Thread Group 1-224,text,true,,819,270,13,13,http://localhost.com:7010/api/bbs/sso/login,,58,UTF-8,1,0,FOUNDSJJ,0,0
1779177347220,229,HTTP Request,200,,Thread Group 1-212,text,true,,365,437,13,13,http://localhost.com:7010/api/bbs/user/updateLikeState?articleId=26,,229,UTF-8,1,0,FOUNDSJJ,0,0
1779177347246,232,HTTP Request,200,,Thread Group 1-222,text,true,,365,437,12,12,http://localhost.com:7010/api/bbs/user/updateLikeState?articleId=26,,232,UTF-8,1,0,FOUNDSJJ,0,0
1779177347265,237,HTTP Request,200,,Thread Group 1-215,text,true,,365,437,13,13,http://localhost.com:7010/api/bbs/user/updateLikeState?articleId=26,,236,UTF-8,1,0,FOUNDSJJ,0,0
1779177347286,219,HTTP Request,200,,Thread Group 1-220,text,true,,365,437,13,13,http://localhost.com:7010/api/bbs/user/updateLikeState?articleId=26,,219,UTF-8,1,0,FOUNDSJJ,0,0
1779177347299,232,HTTP Request,200,,Thread Group 1-213,text,true,,365,437,13,13,http://localhost.com:7010/api/bbs/user/updateLikeState?articleId=26,,232,UTF-8,1,0,FOUNDSJJ,0,0
1779177347485,50,HTTP Request,200,,Thread Group 1-225,text,true,,819,270,12,12,http://localhost.com:7010/api/bbs/sso/login,,49,UTF-8,1,0,FOUNDSJJ,0,1
1779177347336,230,HTTP Request,200,,Thread Group 1-223,text,true,,365,437,12,12,http://localhost.com:7010/api/bbs/user/updateLikeState?articleId=26,,230,UTF-8,1,0,FOUNDSJJ,0,0
1779177347345,235,HTTP Request,200,,Thread Group 1-216,text,true,,365,437,12,12,http://localhost.com:7010/api/bbs/user/updateLikeState?articleId=26,,235,UTF-8,1,0,FOUNDSJJ,0,0
1779177347345,236,HTTP Request,200,,Thread Group 1-218,text,true,,365,437,12,12,http://localhost.com:7010/api/bbs/user/updateLikeState?articleId=26,,236,UTF-8,1,0,FOUNDSJJ,0,0
1779177347376,240,HTTP Request,200,,Thread Group 1-221,text,true,,365,437,13,13,http://localhost.com:7010/api/bbs/user/updateLikeState?articleId=26,,239,UTF-8,1,0,FOUNDSJJ,0,0
1779177347376,240,HTTP Request,200,,Thread Group 1-214,text,true,,365,437,13,13,http://localhost.com:7010/api/bbs/user/updateLikeState?articleId=26,,240,UTF-8,1,0,FOUNDSJJ,0,0
1779177347375,241,HTTP Request,200,,Thread Group 1-219,text,true,,365,437,13,13,http://localhost.com:7010/api/bbs/user/updateLikeState?articleId=26,,241,UTF-8,1,0,FOUNDSJJ,0,0
1779177347587,50,HTTP Request,200,,Thread Group 1-226,text,true,,819,270,12,12,http://localhost.com:7010/api/bbs/sso/login,,50,UTF-8,1,0,FOUNDSJJ,0,1
1779177347420,234,HTTP Request,200,,Thread Group 1-217,text,true,,365,437,12,12,http://localhost.com:7010/api/bbs/user/updateLikeState?articleId=26,,233,UTF-8,1,0,FOUNDSJJ,0,0
1779177347445,244,HTTP Request,200,,Thread Group 1-224,text,true,,365,437,13,13,http://localhost.com:7010/api/bbs/user/updateLikeState?articleId=26,,244,UTF-8,1,0,FOUNDSJJ,0,0
1779177347479,239,HTTP Request,200,,Thread Group 1-222,text,true,,365,437,13,13,http://localhost.com:7010/api/bbs/user/updateLikeState?articleId=26,,239,UTF-8,1,0,FOUNDSJJ,0,0
1779177347688,48,HTTP Request,200,,Thread Group 1-227,text,true,,819,270,13,13,http://localhost.com:7010/api/bbs/sso/login,,48,UTF-8,1,0,FOUNDSJJ,0,0
1779177347502,235,HTTP Request,200,,Thread Group 1-215,text,true,,365,437,13,13,http://localhost.com:7010/api/bbs/user/updateLikeState?articleId=26,,234,UTF-8,1,0,FOUNDSJJ,0,0
1779177347505,244,HTTP Request,200,,Thread Group 1-220,text,true,,365,437,12,12,http://localhost.com:7010/api/bbs/user/updateLikeState?articleId=26,,244,UTF-8,1,0,FOUNDSJJ,0,0
1779177347535,231,HTTP Request,200,,Thread Group 1-225,text,true,,365,437,12,12,http://localhost.com:7010/api/bbs/user/updateLikeState?articleId=26,,231,UTF-8,1,0,FOUNDSJJ,0,0
1779177347567,236,HTTP Request,200,,Thread Group 1-223,text,true,,365,437,13,13,http://localhost.com:7010/api/bbs/user/updateLikeState?articleId=26,,236,UTF-8,1,0,FOUNDSJJ,0,0
1779177347581,234,HTTP Request,200,,Thread Group 1-216,text,true,,365,437,13,13,http://localhost.com:7010/api/bbs/user/updateLikeState?articleId=26,,234,UTF-8,1,0,FOUNDSJJ,0,0
1779177347581,234,HTTP Request,200,,Thread Group 1-218,text,true,,365,437,13,13,http://localhost.com:7010/api/bbs/user/updateLikeState?articleId=26,,234,UTF-8,1,0,FOUNDSJJ,0,0
1779177347786,55,HTTP Request,200,,Thread Group 1-228,text,true,,819,270,12,12,http://localhost.com:7010/api/bbs/sso/login,,54,UTF-8,1,0,FOUNDSJJ,0,0
1779177347617,232,HTTP Request,200,,Thread Group 1-219,text,true,,365,437,12,12,http://localhost.com:7010/api/bbs/user/updateLikeState?articleId=26,,232,UTF-8,1,0,FOUNDSJJ,0,0
1779177347616,233,HTTP Request,200,,Thread Group 1-221,text,true,,365,437,12,12,http://localhost.com:7010/api/bbs/user/updateLikeState?articleId=26,,233,UTF-8,1,0,FOUNDSJJ,0,0
1779177347638,222,HTTP Request,200,,Thread Group 1-226,text,true,,365,437,12,12,http://localhost.com:7010/api/bbs/user/updateLikeState?articleId=26,,222,UTF-8,1,0,FOUNDSJJ,0,0
1779177347654,231,HTTP Request,200,,Thread Group 1-217,text,true,,365,437,13,13,http://localhost.com:7010/api/bbs/user/updateLikeState?articleId=26,,231,UTF-8,1,0,FOUNDSJJ,0,0
1779177347690,217,HTTP Request,200,,Thread Group 1-224,text,true,,365,437,12,12,http://localhost.com:7010/api/bbs/user/updateLikeState?articleId=26,,217,UTF-8,1,0,FOUNDSJJ,0,0
1779177347885,60,HTTP Request,200,,Thread Group 1-229,text,true,,819,270,12,12,http://localhost.com:7010/api/bbs/sso/login,,60,UTF-8,1,0,FOUNDSJJ,0,1
1779177347719,257,HTTP Request,200,,Thread Group 1-222,text,true,,365,437,12,12,http://localhost.com:7010/api/bbs/user/updateLikeState?articleId=26,,257,UTF-8,1,0,FOUNDSJJ,0,0
1779177347737,249,HTTP Request,200,,Thread Group 1-227,text,true,,365,437,13,13,http://localhost.com:7010/api/bbs/user/updateLikeState?articleId=26,,248,UTF-8,1,0,FOUNDSJJ,0,0
1779177347749,264,HTTP Request,200,,Thread Group 1-220,text,true,,365,437,13,13,http://localhost.com:7010/api/bbs/user/updateLikeState?articleId=26,,264,UTF-8,1,0,FOUNDSJJ,0,0
1779177347767,247,HTTP Request,200,,Thread Group 1-225,text,true,,365,437,13,13,http://localhost.com:7010/api/bbs/user/updateLikeState?articleId=26,,246,UTF-8,1,0,FOUNDSJJ,0,0
1779177347986,55,HTTP Request,200,,Thread Group 1-230,text,true,,819,270,13,13,http://localhost.com:7010/api/bbs/sso/login,,54,UTF-8,1,0,FOUNDSJJ,0,0
1779177347816,257,HTTP Request,200,,Thread Group 1-218,text,true,,365,437,13,13,http://localhost.com:7010/api/bbs/user/updateLikeState?articleId=26,,257,UTF-8,1,0,FOUNDSJJ,0,0
1779177347842,231,HTTP Request,200,,Thread Group 1-228,text,true,,365,437,13,13,http://localhost.com:7010/api/bbs/user/updateLikeState?articleId=26,,231,UTF-8,1,0,FOUNDSJJ,0,0
1779177347804,270,HTTP Request,200,,Thread Group 1-223,text,true,,365,437,13,13,http://localhost.com:7010/api/bbs/user/updateLikeState?articleId=26,,270,UTF-8,1,0,FOUNDSJJ,0,0
1779177347850,293,HTTP Request,200,,Thread Group 1-221,text,true,,365,437,13,13,http://localhost.com:7010/api/bbs/user/updateLikeState?articleId=26,,292,UTF-8,1,0,FOUNDSJJ,0,0
1779177347861,282,HTTP Request,200,,Thread Group 1-226,text,true,,365,437,13,13,http://localhost.com:7010/api/bbs/user/updateLikeState?articleId=26,,282,UTF-8,1,0,FOUNDSJJ,0,0
1779177348085,58,HTTP Request,200,,Thread Group 1-231,text,true,,819,270,13,13,http://localhost.com:7010/api/bbs/sso/login,,57,UTF-8,1,0,FOUNDSJJ,0,1
1779177347850,293,HTTP Request,200,,Thread Group 1-219,text,true,,365,437,13,13,http://localhost.com:7010/api/bbs/user/updateLikeState?articleId=26,,293,UTF-8,1,0,FOUNDSJJ,0,0
1779177347907,263,HTTP Request,200,,Thread Group 1-224,text,true,,365,437,12,12,http://localhost.com:7010/api/bbs/user/updateLikeState?articleId=26,,263,UTF-8,1,0,FOUNDSJJ,0,0
1779177347946,257,HTTP Request,200,,Thread Group 1-229,text,true,,365,437,13,13,http://localhost.com:7010/api/bbs/user/updateLikeState?articleId=26,,256,UTF-8,1,0,FOUNDSJJ,0,0
1779177347976,252,HTTP Request,200,,Thread Group 1-222,text,true,,365,437,13,13,http://localhost.com:7010/api/bbs/user/updateLikeState?articleId=26,,252,UTF-8,1,0,FOUNDSJJ,0,0
1779177347989,239,HTTP Request,200,,Thread Group 1-227,text,true,,365,437,13,13,http://localhost.com:7010/api/bbs/user/updateLikeState?articleId=26,,239,UTF-8,1,0,FOUNDSJJ,0,0
1779177348186,57,HTTP Request,200,,Thread Group 1-232,text,true,,819,270,13,13,http://localhost.com:7010/api/bbs/sso/login,,56,UTF-8,1,0,FOUNDSJJ,0,1
1779177348014,249,HTTP Request,200,,Thread Group 1-220,text,true,,365,437,13,13,http://localhost.com:7010/api/bbs/user/updateLikeState?articleId=26,,248,UTF-8,1,0,FOUNDSJJ,0,0
1779177348014,249,HTTP Request,200,,Thread Group 1-225,text,true,,365,437,13,13,http://localhost.com:7010/api/bbs/user/updateLikeState?articleId=26,,248,UTF-8,1,0,FOUNDSJJ,0,0
1779177348042,243,HTTP Request,200,,Thread Group 1-230,text,true,,365,437,12,12,http://localhost.com:7010/api/bbs/user/updateLikeState?articleId=26,,243,UTF-8,1,0,FOUNDSJJ,0,0
1779177348074,284,HTTP Request,200,,Thread Group 1-223,text,true,,365,437,13,13,http://localhost.com:7010/api/bbs/user/updateLikeState?articleId=26,,284,UTF-8,1,0,FOUNDSJJ,0,0
1779177348074,285,HTTP Request,200,,Thread Group 1-228,text,true,,365,437,13,13,http://localhost.com:7010/api/bbs/user/updateLikeState?articleId=26,,285,UTF-8,1,0,FOUNDSJJ,0,0
1779177348287,72,HTTP Request,200,,Thread Group 1-233,text,true,,819,270,13,13,http://localhost.com:7010/api/bbs/sso/login,,70,UTF-8,1,0,FOUNDSJJ,0,0
1779177348143,250,HTTP Request,200,,Thread Group 1-226,text,true,,365,437,14,14,http://localhost.com:7010/api/bbs/user/updateLikeState?articleId=26,,250,UTF-8,1,0,FOUNDSJJ,0,0
1779177348143,250,HTTP Request,200,,Thread Group 1-221,text,true,,365,437,14,14,http://localhost.com:7010/api/bbs/user/updateLikeState?articleId=26,,250,UTF-8,1,0,FOUNDSJJ,0,0
1779177348144,249,HTTP Request,200,,Thread Group 1-231,text,true,,365,437,14,14,http://localhost.com:7010/api/bbs/user/updateLikeState?articleId=26,,249,UTF-8,1,0,FOUNDSJJ,0,0
1779177348171,229,HTTP Request,200,,Thread Group 1-224,text,true,,365,437,13,13,http://localhost.com:7010/api/bbs/user/updateLikeState?articleId=26,,229,UTF-8,1,0,FOUNDSJJ,0,0
1779177348387,62,HTTP Request,200,,Thread Group 1-234,text,true,,819,270,13,13,http://localhost.com:7010/api/bbs/sso/login,,61,UTF-8,1,0,FOUNDSJJ,0,0
1779177348203,326,HTTP Request,200,,Thread Group 1-229,text,true,,365,437,14,14,http://localhost.com:7010/api/bbs/user/updateLikeState?articleId=26,,326,UTF-8,1,0,FOUNDSJJ,0,0
1779177348485,63,HTTP Request,200,,Thread Group 1-235,text,true,,819,270,14,14,http://localhost.com:7010/api/bbs/sso/login,,63,UTF-8,1,0,FOUNDSJJ,0,1
1779177348229,328,HTTP Request,200,,Thread Group 1-222,text,true,,365,437,14,14,http://localhost.com:7010/api/bbs/user/updateLikeState?articleId=26,,328,UTF-8,1,0,FOUNDSJJ,0,0
1779177348229,329,HTTP Request,200,,Thread Group 1-227,text,true,,365,437,13,13,http://localhost.com:7010/api/bbs/user/updateLikeState?articleId=26,,329,UTF-8,1,0,FOUNDSJJ,0,0
1779177348243,315,HTTP Request,200,,Thread Group 1-232,text,true,,365,437,13,13,http://localhost.com:7010/api/bbs/user/updateLikeState?articleId=26,,315,UTF-8,1,0,FOUNDSJJ,0,0
1779177348263,331,HTTP Request,200,,Thread Group 1-225,text,true,,365,437,14,14,http://localhost.com:7010/api/bbs/user/updateLikeState?articleId=26,,331,UTF-8,1,0,FOUNDSJJ,0,0
1779177348285,360,HTTP Request,200,,Thread Group 1-230,text,true,,365,437,14,14,http://localhost.com:7010/api/bbs/user/updateLikeState?articleId=26,,360,UTF-8,1,0,FOUNDSJJ,0,0
1779177348587,58,HTTP Request,200,,Thread Group 1-236,text,true,,819,270,14,14,http://localhost.com:7010/api/bbs/sso/login,,57,UTF-8,1,0,FOUNDSJJ,0,1
1779177348359,335,HTTP Request,200,,Thread Group 1-223,text,true,,365,437,15,15,http://localhost.com:7010/api/bbs/user/updateLikeState?articleId=26,,334,UTF-8,1,0,FOUNDSJJ,0,0
1779177348359,335,HTTP Request,200,,Thread Group 1-228,text,true,,365,437,15,15,http://localhost.com:7010/api/bbs/user/updateLikeState?articleId=26,,335,UTF-8,1,0,FOUNDSJJ,0,0
1779177348359,341,HTTP Request,200,,Thread Group 1-233,text,true,,365,437,14,14,http://localhost.com:7010/api/bbs/user/updateLikeState?articleId=26,,341,UTF-8,1,0,FOUNDSJJ,0,0
1779177348401,321,HTTP Request,200,,Thread Group 1-224,text,true,,365,437,14,14,http://localhost.com:7010/api/bbs/user/updateLikeState?articleId=26,,321,UTF-8,1,0,FOUNDSJJ,0,0
1779177348393,329,HTTP Request,200,,Thread Group 1-226,text,true,,365,437,14,14,http://localhost.com:7010/api/bbs/user/updateLikeState?articleId=26,,329,UTF-8,1,0,FOUNDSJJ,0,0
1779177348394,329,HTTP Request,200,,Thread Group 1-231,text,true,,365,437,14,14,http://localhost.com:7010/api/bbs/user/updateLikeState?articleId=26,,329,UTF-8,1,0,FOUNDSJJ,0,0
1779177348686,48,HTTP Request,200,,Thread Group 1-237,text,true,,819,270,13,13,http://localhost.com:7010/api/bbs/sso/login,,47,UTF-8,1,0,FOUNDSJJ,0,0
1779177348450,289,HTTP Request,200,,Thread Group 1-234,text,true,,365,437,13,13,http://localhost.com:7010/api/bbs/user/updateLikeState?articleId=26,,289,UTF-8,1,0,FOUNDSJJ,0,0
1779177348530,256,HTTP Request,200,,Thread Group 1-229,text,true,,365,437,14,14,http://localhost.com:7010/api/bbs/user/updateLikeState?articleId=26,,255,UTF-8,1,0,FOUNDSJJ,0,0
1779177348558,267,HTTP Request,200,,Thread Group 1-227,text,true,,365,437,14,14,http://localhost.com:7010/api/bbs/user/updateLikeState?articleId=26,,266,UTF-8,1,0,FOUNDSJJ,0,0
1779177348558,267,HTTP Request,200,,Thread Group 1-232,text,true,,365,437,14,14,http://localhost.com:7010/api/bbs/user/updateLikeState?articleId=26,,267,UTF-8,1,0,FOUNDSJJ,0,0
1779177348549,277,HTTP Request,200,,Thread Group 1-235,text,true,,365,437,14,14,http://localhost.com:7010/api/bbs/user/updateLikeState?articleId=26,,277,UTF-8,1,0,FOUNDSJJ,0,0
1779177348594,234,HTTP Request,200,,Thread Group 1-225,text,true,,365,437,14,14,http://localhost.com:7010/api/bbs/user/updateLikeState?articleId=26,,234,UTF-8,1,0,FOUNDSJJ,0,0
1779177348786,59,HTTP Request,200,,Thread Group 1-238,text,true,,819,270,13,13,http://localhost.com:7010/api/bbs/sso/login,,58,UTF-8,1,0,FOUNDSJJ,0,0
1779177348646,261,HTTP Request,200,,Thread Group 1-236,text,true,,365,437,14,14,http://localhost.com:7010/api/bbs/user/updateLikeState?articleId=26,,261,UTF-8,1,0,FOUNDSJJ,0,0
1779177348645,263,HTTP Request,200,,Thread Group 1-230,text,true,,365,437,14,14,http://localhost.com:7010/api/bbs/user/updateLikeState?articleId=26,,262,UTF-8,1,0,FOUNDSJJ,0,0
1779177348886,57,HTTP Request,200,,Thread Group 1-239,text,true,,819,270,14,14,http://localhost.com:7010/api/bbs/sso/login,,56,UTF-8,1,0,FOUNDSJJ,0,1
1779177348700,269,HTTP Request,200,,Thread Group 1-233,text,true,,365,437,14,14,http://localhost.com:7010/api/bbs/user/updateLikeState?articleId=26,,269,UTF-8,1,0,FOUNDSJJ,0,0
1779177348694,277,HTTP Request,200,,Thread Group 1-228,text,true,,365,437,14,14,http://localhost.com:7010/api/bbs/user/updateLikeState?articleId=26,,277,UTF-8,1,0,FOUNDSJJ,0,0
1779177348723,278,HTTP Request,200,,Thread Group 1-226,text,true,,365,437,15,15,http://localhost.com:7010/api/bbs/user/updateLikeState?articleId=26,,278,UTF-8,1,0,FOUNDSJJ,0,0
1779177348723,279,HTTP Request,200,,Thread Group 1-231,text,true,,365,437,14,14,http://localhost.com:7010/api/bbs/user/updateLikeState?articleId=26,,279,UTF-8,1,0,FOUNDSJJ,0,0
1779177348786,251,HTTP Request,200,,Thread Group 1-229,text,true,,365,437,14,14,http://localhost.com:7010/api/bbs/user/updateLikeState?articleId=26,,251,UTF-8,1,0,FOUNDSJJ,0,0
1779177348734,303,HTTP Request,200,,Thread Group 1-237,text,true,,365,437,14,14,http://localhost.com:7010/api/bbs/user/updateLikeState?articleId=26,,303,UTF-8,1,0,FOUNDSJJ,0,0
1779177348740,298,HTTP Request,200,,Thread Group 1-234,text,true,,365,437,14,14,http://localhost.com:7010/api/bbs/user/updateLikeState?articleId=26,,298,UTF-8,1,0,FOUNDSJJ,0,0
1779177348986,55,HTTP Request,200,,Thread Group 1-240,text,true,,819,270,14,14,http://localhost.com:7010/api/bbs/sso/login,,54,UTF-8,1,0,FOUNDSJJ,0,0
1779177348827,247,HTTP Request,200,,Thread Group 1-235,text,true,,365,437,14,14,http://localhost.com:7010/api/bbs/user/updateLikeState?articleId=26,,247,UTF-8,1,0,FOUNDSJJ,0,0
1779177348825,250,HTTP Request,200,,Thread Group 1-232,text,true,,365,437,14,14,http://localhost.com:7010/api/bbs/user/updateLikeState?articleId=26,,249,UTF-8,1,0,FOUNDSJJ,0,0
1779177348825,253,HTTP Request,200,,Thread Group 1-227,text,true,,365,437,14,14,http://localhost.com:7010/api/bbs/user/updateLikeState?articleId=26,,253,UTF-8,1,0,FOUNDSJJ,0,0
1779177348846,261,HTTP Request,200,,Thread Group 1-238,text,true,,365,437,14,14,http://localhost.com:7010/api/bbs/user/updateLikeState?articleId=26,,261,UTF-8,1,0,FOUNDSJJ,0,0
1779177348908,230,HTTP Request,200,,Thread Group 1-230,text,true,,365,437,14,14,http://localhost.com:7010/api/bbs/user/updateLikeState?articleId=26,,230,UTF-8,1,0,FOUNDSJJ,0,0
1779177348908,231,HTTP Request,200,,Thread Group 1-236,text,true,,365,437,14,14,http://localhost.com:7010/api/bbs/user/updateLikeState?articleId=26,,231,UTF-8,1,0,FOUNDSJJ,0,0
1779177349085,72,HTTP Request,200,,Thread Group 1-241,text,true,,819,270,14,14,http://localhost.com:7010/api/bbs/sso/login,,72,UTF-8,1,0,FOUNDSJJ,0,1
1779177348944,249,HTTP Request,200,,Thread Group 1-239,text,true,,365,437,15,15,http://localhost.com:7010/api/bbs/user/updateLikeState?articleId=26,,249,UTF-8,1,0,FOUNDSJJ,0,0
1779177348969,232,HTTP Request,200,,Thread Group 1-233,text,true,,365,437,15,15,http://localhost.com:7010/api/bbs/user/updateLikeState?articleId=26,,232,UTF-8,1,0,FOUNDSJJ,0,0
1779177348972,248,HTTP Request,200,,Thread Group 1-228,text,true,,365,437,15,15,http://localhost.com:7010/api/bbs/user/updateLikeState?articleId=26,,248,UTF-8,1,0,FOUNDSJJ,0,0
1779177349187,50,HTTP Request,200,,Thread Group 1-242,text,true,,819,270,14,14,http://localhost.com:7010/api/bbs/sso/login,,49,UTF-8,1,0,FOUNDSJJ,0,1
1779177349003,252,HTTP Request,200,,Thread Group 1-231,text,true,,365,437,14,14,http://localhost.com:7010/api/bbs/user/updateLikeState?articleId=26,,252,UTF-8,1,0,FOUNDSJJ,0,0
1779177349037,244,HTTP Request,200,,Thread Group 1-229,text,true,,365,437,14,14,http://localhost.com:7010/api/bbs/user/updateLikeState?articleId=26,,244,UTF-8,1,0,FOUNDSJJ,0,0
1779177349038,243,HTTP Request,200,,Thread Group 1-237,text,true,,365,437,14,14,http://localhost.com:7010/api/bbs/user/updateLikeState?articleId=26,,243,UTF-8,1,0,FOUNDSJJ,0,0
1779177349041,247,HTTP Request,200,,Thread Group 1-240,text,true,,365,437,14,14,http://localhost.com:7010/api/bbs/user/updateLikeState?articleId=26,,247,UTF-8,1,0,FOUNDSJJ,0,0
1779177349038,263,HTTP Request,200,,Thread Group 1-234,text,true,,365,437,14,14,http://localhost.com:7010/api/bbs/user/updateLikeState?articleId=26,,263,UTF-8,1,0,FOUNDSJJ,0,0
1779177349075,236,HTTP Request,200,,Thread Group 1-232,text,true,,365,437,14,14,http://localhost.com:7010/api/bbs/user/updateLikeState?articleId=26,,236,UTF-8,1,0,FOUNDSJJ,0,0
1779177349075,236,HTTP Request,200,,Thread Group 1-235,text,true,,365,437,14,14,http://localhost.com:7010/api/bbs/user/updateLikeState?articleId=26,,236,UTF-8,1,0,FOUNDSJJ,0,0
1779177349107,226,HTTP Request,200,,Thread Group 1-238,text,true,,365,437,14,14,http://localhost.com:7010/api/bbs/user/updateLikeState?articleId=26,,226,UTF-8,1,0,FOUNDSJJ,0,0
1779177349286,52,HTTP Request,200,,Thread Group 1-243,text,true,,819,270,14,14,http://localhost.com:7010/api/bbs/sso/login,,51,UTF-8,1,0,FOUNDSJJ,0,1
1779177349139,224,HTTP Request,200,,Thread Group 1-236,text,true,,365,437,14,14,http://localhost.com:7010/api/bbs/user/updateLikeState?articleId=26,,224,UTF-8,1,0,FOUNDSJJ,0,0
1779177349139,235,HTTP Request,200,,Thread Group 1-230,text,true,,365,437,14,14,http://localhost.com:7010/api/bbs/user/updateLikeState?articleId=26,,235,UTF-8,1,0,FOUNDSJJ,0,0
1779177349157,235,HTTP Request,200,,Thread Group 1-241,text,true,,365,437,14,14,http://localhost.com:7010/api/bbs/user/updateLikeState?articleId=26,,234,UTF-8,1,0,FOUNDSJJ,0,0
1779177349201,243,HTTP Request,200,,Thread Group 1-233,text,true,,365,437,14,14,http://localhost.com:7010/api/bbs/user/updateLikeState?articleId=26,,243,UTF-8,1,0,FOUNDSJJ,0,0
1779177349194,251,HTTP Request,200,,Thread Group 1-239,text,true,,365,437,14,14,http://localhost.com:7010/api/bbs/user/updateLikeState?articleId=26,,251,UTF-8,1,0,FOUNDSJJ,0,0
1779177349388,69,HTTP Request,200,,Thread Group 1-244,text,true,,819,270,14,14,http://localhost.com:7010/api/bbs/sso/login,,68,UTF-8,1,0,FOUNDSJJ,0,0
1779177349238,248,HTTP Request,200,,Thread Group 1-242,text,true,,365,437,14,14,http://localhost.com:7010/api/bbs/user/updateLikeState?articleId=26,,248,UTF-8,1,0,FOUNDSJJ,0,0
1779177349256,261,HTTP Request,200,,Thread Group 1-231,text,true,,365,437,15,15,http://localhost.com:7010/api/bbs/user/updateLikeState?articleId=26,,261,UTF-8,1,0,FOUNDSJJ,0,0
1779177349288,229,HTTP Request,200,,Thread Group 1-240,text,true,,365,437,15,15,http://localhost.com:7010/api/bbs/user/updateLikeState?articleId=26,,229,UTF-8,1,0,FOUNDSJJ,0,0
1779177349282,236,HTTP Request,200,,Thread Group 1-237,text,true,,365,437,14,14,http://localhost.com:7010/api/bbs/user/updateLikeState?articleId=26,,236,UTF-8,1,0,FOUNDSJJ,0,0
1779177349487,49,HTTP Request,200,,Thread Group 1-245,text,true,,819,270,14,14,http://localhost.com:7010/api/bbs/sso/login,,48,UTF-8,1,0,FOUNDSJJ,0,1
1779177349312,261,HTTP Request,200,,Thread Group 1-235,text,true,,365,437,14,14,http://localhost.com:7010/api/bbs/user/updateLikeState?articleId=26,,261,UTF-8,1,0,FOUNDSJJ,0,0
1779177349301,274,HTTP Request,200,,Thread Group 1-234,text,true,,365,437,14,14,http://localhost.com:7010/api/bbs/user/updateLikeState?articleId=26,,274,UTF-8,1,0,FOUNDSJJ,0,0
1779177349311,265,HTTP Request,200,,Thread Group 1-232,text,true,,365,437,14,14,http://localhost.com:7010/api/bbs/user/updateLikeState?articleId=26,,264,UTF-8,1,0,FOUNDSJJ,0,0
1779177349363,274,HTTP Request,200,,Thread Group 1-236,text,true,,365,437,14,14,http://localhost.com:7010/api/bbs/user/updateLikeState?articleId=26,,273,UTF-8,1,0,FOUNDSJJ,0,0
1779177349338,302,HTTP Request,200,,Thread Group 1-243,text,true,,365,437,14,14,http://localhost.com:7010/api/bbs/user/updateLikeState?articleId=26,,301,UTF-8,1,0,FOUNDSJJ,0,0
1779177349334,309,HTTP Request,200,,Thread Group 1-238,text,true,,365,437,14,14,http://localhost.com:7010/api/bbs/user/updateLikeState?articleId=26,,309,UTF-8,1,0,FOUNDSJJ,0,0
1779177349587,56,HTTP Request,200,,Thread Group 1-246,text,true,,819,270,14,14,http://localhost.com:7010/api/bbs/sso/login,,54,UTF-8,1,0,FOUNDSJJ,0,0
1779177349392,277,HTTP Request,200,,Thread Group 1-241,text,true,,365,437,14,14,http://localhost.com:7010/api/bbs/user/updateLikeState?articleId=26,,277,UTF-8,1,0,FOUNDSJJ,0,0
1779177349445,261,HTTP Request,200,,Thread Group 1-239,text,true,,365,437,15,15,http://localhost.com:7010/api/bbs/user/updateLikeState?articleId=26,,260,UTF-8,1,0,FOUNDSJJ,0,0
1779177349445,261,HTTP Request,200,,Thread Group 1-233,text,true,,365,437,15,15,http://localhost.com:7010/api/bbs/user/updateLikeState?articleId=26,,261,UTF-8,1,0,FOUNDSJJ,0,0
1779177349686,52,HTTP Request,200,,Thread Group 1-247,text,true,,819,270,14,14,http://localhost.com:7010/api/bbs/sso/login,,51,UTF-8,1,0,FOUNDSJJ,0,1
1779177349457,311,HTTP Request,200,,Thread Group 1-244,text,true,,365,437,14,14,http://localhost.com:7010/api/bbs/user/updateLikeState?articleId=26,,311,UTF-8,1,0,FOUNDSJJ,0,0
1779177349493,277,HTTP Request,200,,Thread Group 1-242,text,true,,365,437,14,14,http://localhost.com:7010/api/bbs/user/updateLikeState?articleId=26,,277,UTF-8,1,0,FOUNDSJJ,0,0
1779177349537,239,HTTP Request,200,,Thread Group 1-245,text,true,,365,437,14,14,http://localhost.com:7010/api/bbs/user/updateLikeState?articleId=26,,239,UTF-8,1,0,FOUNDSJJ,0,0
1779177349518,289,HTTP Request,200,,Thread Group 1-240,text,true,,365,437,15,15,http://localhost.com:7010/api/bbs/user/updateLikeState?articleId=26,,288,UTF-8,1,0,FOUNDSJJ,0,0
1779177349518,289,HTTP Request,200,,Thread Group 1-237,text,true,,365,437,15,15,http://localhost.com:7010/api/bbs/user/updateLikeState?articleId=26,,289,UTF-8,1,0,FOUNDSJJ,0,0
1779177349575,232,HTTP Request,200,,Thread Group 1-234,text,true,,365,437,15,15,http://localhost.com:7010/api/bbs/user/updateLikeState?articleId=26,,232,UTF-8,1,0,FOUNDSJJ,0,0
1779177349573,241,HTTP Request,200,,Thread Group 1-235,text,true,,365,437,14,14,http://localhost.com:7010/api/bbs/user/updateLikeState?articleId=26,,241,UTF-8,1,0,FOUNDSJJ,0,0
1779177349789,55,HTTP Request,200,,Thread Group 1-248,text,true,,819,270,13,13,http://localhost.com:7010/api/bbs/sso/login,,54,UTF-8,1,0,FOUNDSJJ,0,0
1779177349637,237,HTTP Request,200,,Thread Group 1-236,text,true,,365,437,13,13,http://localhost.com:7010/api/bbs/user/updateLikeState?articleId=26,,237,UTF-8,1,0,FOUNDSJJ,0,0
1779177349644,236,HTTP Request,200,,Thread Group 1-246,text,true,,365,437,12,12,http://localhost.com:7010/api/bbs/user/updateLikeState?articleId=26,,236,UTF-8,1,0,FOUNDSJJ,0,0
1779177349644,258,HTTP Request,200,,Thread Group 1-238,text,true,,365,437,13,13,http://localhost.com:7010/api/bbs/user/updateLikeState?articleId=26,,257,UTF-8,1,0,FOUNDSJJ,0,0
1779177349640,262,HTTP Request,200,,Thread Group 1-243,text,true,,365,437,13,13,http://localhost.com:7010/api/bbs/user/updateLikeState?articleId=26,,262,UTF-8,1,0,FOUNDSJJ,0,0
1779177349670,244,HTTP Request,200,,Thread Group 1-241,text,true,,365,437,13,13,http://localhost.com:7010/api/bbs/user/updateLikeState?articleId=26,,243,UTF-8,1,0,FOUNDSJJ,0,0
1779177349885,51,HTTP Request,200,,Thread Group 1-249,text,true,,819,270,13,13,http://localhost.com:7010/api/bbs/sso/login,,50,UTF-8,1,0,FOUNDSJJ,0,1
1779177349706,231,HTTP Request,200,,Thread Group 1-239,text,true,,365,437,13,13,http://localhost.com:7010/api/bbs/user/updateLikeState?articleId=26,,231,UTF-8,1,0,FOUNDSJJ,0,0
1779177349739,238,HTTP Request,200,,Thread Group 1-247,text,true,,365,437,13,13,http://localhost.com:7010/api/bbs/user/updateLikeState?articleId=26,,238,UTF-8,1,0,FOUNDSJJ,0,0
1779177349770,233,HTTP Request,200,,Thread Group 1-242,text,true,,365,437,14,14,http://localhost.com:7010/api/bbs/user/updateLikeState?articleId=26,,233,UTF-8,1,0,FOUNDSJJ,0,0
1779177349777,227,HTTP Request,200,,Thread Group 1-245,text,true,,365,437,14,14,http://localhost.com:7010/api/bbs/user/updateLikeState?articleId=26,,227,UTF-8,1,0,FOUNDSJJ,0,0
1779177349769,240,HTTP Request,200,,Thread Group 1-244,text,true,,365,437,14,14,http://localhost.com:7010/api/bbs/user/updateLikeState?articleId=26,,240,UTF-8,1,0,FOUNDSJJ,0,0
1779177349807,243,HTTP Request,200,,Thread Group 1-240,text,true,,365,437,14,14,http://localhost.com:7010/api/bbs/user/updateLikeState?articleId=26,,243,UTF-8,1,0,FOUNDSJJ,0,0
1779177349807,244,HTTP Request,200,,Thread Group 1-237,text,true,,365,437,14,14,http://localhost.com:7010/api/bbs/user/updateLikeState?articleId=26,,244,UTF-8,1,0,FOUNDSJJ,0,0
1779177349986,72,HTTP Request,200,,Thread Group 1-250,text,true,,819,270,13,13,http://localhost.com:7010/api/bbs/sso/login,,72,UTF-8,1,0,FOUNDSJJ,0,0
1779177349845,267,HTTP Request,200,,Thread Group 1-248,text,true,,365,437,14,14,http://localhost.com:7010/api/bbs/user/updateLikeState?articleId=26,,267,UTF-8,1,0,FOUNDSJJ,0,0
1779177349881,251,HTTP Request,200,,Thread Group 1-246,text,true,,365,437,14,14,http://localhost.com:7010/api/bbs/user/updateLikeState?articleId=26,,251,UTF-8,1,0,FOUNDSJJ,0,0
1779177350088,64,HTTP Request,200,,Thread Group 1-251,text,true,,819,270,14,14,http://localhost.com:7010/api/bbs/sso/login,,64,UTF-8,1,0,FOUNDSJJ,0,1
1779177349902,263,HTTP Request,200,,Thread Group 1-238,text,true,,365,437,14,14,http://localhost.com:7010/api/bbs/user/updateLikeState?articleId=26,,263,UTF-8,1,0,FOUNDSJJ,0,0
1779177349902,269,HTTP Request,200,,Thread Group 1-243,text,true,,365,437,13,13,http://localhost.com:7010/api/bbs/user/updateLikeState?articleId=26,,268,UTF-8,1,0,FOUNDSJJ,0,0
1779177349914,257,HTTP Request,200,,Thread Group 1-241,text,true,,365,437,13,13,http://localhost.com:7010/api/bbs/user/updateLikeState?articleId=26,,257,UTF-8,1,0,FOUNDSJJ,0,0
1779177349937,257,HTTP Request,200,,Thread Group 1-239,text,true,,365,437,14,14,http://localhost.com:7010/api/bbs/user/updateLikeState?articleId=26,,256,UTF-8,1,0,FOUNDSJJ,0,0
1779177349937,257,HTTP Request,200,,Thread Group 1-249,text,true,,365,437,14,14,http://localhost.com:7010/api/bbs/user/updateLikeState?articleId=26,,257,UTF-8,1,0,FOUNDSJJ,0,0
1779177349977,260,HTTP Request,200,,Thread Group 1-247,text,true,,365,437,13,13,http://localhost.com:7010/api/bbs/user/updateLikeState?articleId=26,,259,UTF-8,1,0,FOUNDSJJ,0,0
1779177350189,59,HTTP Request,200,,Thread Group 1-252,text,true,,819,270,13,13,http://localhost.com:7010/api/bbs/sso/login,,59,UTF-8,1,0,FOUNDSJJ,0,0
1779177350010,266,HTTP Request,200,,Thread Group 1-244,text,true,,365,437,13,13,http://localhost.com:7010/api/bbs/user/updateLikeState?articleId=26,,265,UTF-8,1,0,FOUNDSJJ,0,0
1779177350004,278,HTTP Request,200,,Thread Group 1-242,text,true,,365,437,13,13,http://localhost.com:7010/api/bbs/user/updateLikeState?articleId=26,,278,UTF-8,1,0,FOUNDSJJ,0,0
1779177350051,232,HTTP Request,200,,Thread Group 1-240,text,true,,365,437,13,13,http://localhost.com:7010/api/bbs/user/updateLikeState?articleId=26,,231,UTF-8,1,0,FOUNDSJJ,0,0
1779177350005,279,HTTP Request,200,,Thread Group 1-245,text,true,,365,437,12,12,http://localhost.com:7010/api/bbs/user/updateLikeState?articleId=26,,278,UTF-8,1,0,FOUNDSJJ,0,0
1779177350059,262,HTTP Request,200,,Thread Group 1-250,text,true,,365,437,13,13,http://localhost.com:7010/api/bbs/user/updateLikeState?articleId=26,,262,UTF-8,1,0,FOUNDSJJ,0,0
1779177350286,49,HTTP Request,200,,Thread Group 1-253,text,true,,819,270,13,13,http://localhost.com:7010/api/bbs/sso/login,,48,UTF-8,1,0,FOUNDSJJ,0,1
1779177350113,247,HTTP Request,200,,Thread Group 1-248,text,true,,365,437,13,13,http://localhost.com:7010/api/bbs/user/updateLikeState?articleId=26,,247,UTF-8,1,0,FOUNDSJJ,0,0
1779177350132,241,HTTP Request,200,,Thread Group 1-246,text,true,,365,437,13,13,http://localhost.com:7010/api/bbs/user/updateLikeState?articleId=26,,241,UTF-8,1,0,FOUNDSJJ,0,0
1779177350153,250,HTTP Request,200,,Thread Group 1-251,text,true,,365,437,14,14,http://localhost.com:7010/api/bbs/user/updateLikeState?articleId=26,,249,UTF-8,1,0,FOUNDSJJ,0,0
1779177350171,247,HTTP Request,200,,Thread Group 1-243,text,true,,365,437,14,14,http://localhost.com:7010/api/bbs/user/updateLikeState?articleId=26,,246,UTF-8,1,0,FOUNDSJJ,0,0
1779177350171,274,HTTP Request,200,,Thread Group 1-241,text,true,,365,437,14,14,http://localhost.com:7010/api/bbs/user/updateLikeState?articleId=26,,274,UTF-8,1,0,FOUNDSJJ,0,0
1779177350194,252,HTTP Request,200,,Thread Group 1-249,text,true,,365,437,13,13,http://localhost.com:7010/api/bbs/user/updateLikeState?articleId=26,,252,UTF-8,1,0,FOUNDSJJ,0,0
1779177350387,59,HTTP Request,200,,Thread Group 1-254,text,true,,819,270,13,13,http://localhost.com:7010/api/bbs/sso/login,,58,UTF-8,1,0,FOUNDSJJ,0,0
1779177350237,236,HTTP Request,200,,Thread Group 1-247,text,true,,365,437,13,13,http://localhost.com:7010/api/bbs/user/updateLikeState?articleId=26,,236,UTF-8,1,0,FOUNDSJJ,0,0
1779177350248,255,HTTP Request,200,,Thread Group 1-252,text,true,,365,437,14,14,http://localhost.com:7010/api/bbs/user/updateLikeState?articleId=26,,255,UTF-8,1,0,FOUNDSJJ,0,0
1779177350283,231,HTTP Request,200,,Thread Group 1-242,text,true,,365,437,14,14,http://localhost.com:7010/api/bbs/user/updateLikeState?articleId=26,,231,UTF-8,1,0,FOUNDSJJ,0,0
1779177350284,231,HTTP Request,200,,Thread Group 1-245,text,true,,365,437,14,14,http://localhost.com:7010/api/bbs/user/updateLikeState?articleId=26,,231,UTF-8,1,0,FOUNDSJJ,0,0
1779177350277,237,HTTP Request,200,,Thread Group 1-244,text,true,,365,437,14,14,http://localhost.com:7010/api/bbs/user/updateLikeState?articleId=26,,237,UTF-8,1,0,FOUNDSJJ,0,0
1779177350322,215,HTTP Request,200,,Thread Group 1-250,text,true,,365,437,13,13,http://localhost.com:7010/api/bbs/user/updateLikeState?articleId=26,,215,UTF-8,1,0,FOUNDSJJ,0,0
1779177350486,65,HTTP Request,200,,Thread Group 1-255,text,true,,819,270,13,13,http://localhost.com:7010/api/bbs/sso/login,,65,UTF-8,1,0,FOUNDSJJ,0,1
1779177350335,242,HTTP Request,200,,Thread Group 1-253,text,true,,365,437,13,13,http://localhost.com:7010/api/bbs/user/updateLikeState?articleId=26,,242,UTF-8,1,0,FOUNDSJJ,0,0
1779177350373,235,HTTP Request,200,,Thread Group 1-246,text,true,,365,437,14,14,http://localhost.com:7010/api/bbs/user/updateLikeState?articleId=26,,235,UTF-8,1,0,FOUNDSJJ,0,0
1779177350361,261,HTTP Request,200,,Thread Group 1-248,text,true,,365,437,14,14,http://localhost.com:7010/api/bbs/user/updateLikeState?articleId=26,,261,UTF-8,1,0,FOUNDSJJ,0,0
1779177350403,235,HTTP Request,200,,Thread Group 1-251,text,true,,365,437,14,14,http://localhost.com:7010/api/bbs/user/updateLikeState?articleId=26,,235,UTF-8,1,0,FOUNDSJJ,0,0
1779177350586,52,HTTP Request,200,,Thread Group 1-256,text,true,,819,270,14,14,http://localhost.com:7010/api/bbs/sso/login,,51,UTF-8,1,0,FOUNDSJJ,0,0
1779177350418,240,HTTP Request,200,,Thread Group 1-243,text,true,,365,437,14,14,http://localhost.com:7010/api/bbs/user/updateLikeState?articleId=26,,240,UTF-8,1,0,FOUNDSJJ,0,0
1779177350447,224,HTTP Request,200,,Thread Group 1-254,text,true,,365,437,13,13,http://localhost.com:7010/api/bbs/user/updateLikeState?articleId=26,,224,UTF-8,1,0,FOUNDSJJ,0,0
1779177350447,239,HTTP Request,200,,Thread Group 1-249,text,true,,365,437,14,14,http://localhost.com:7010/api/bbs/user/updateLikeState?articleId=26,,239,UTF-8,1,0,FOUNDSJJ,0,0
1779177350473,229,HTTP Request,200,,Thread Group 1-247,text,true,,365,437,14,14,http://localhost.com:7010/api/bbs/user/updateLikeState?articleId=26,,228,UTF-8,1,0,FOUNDSJJ,0,0
1779177350686,59,HTTP Request,200,,Thread Group 1-257,text,true,,819,270,14,14,http://localhost.com:7010/api/bbs/sso/login,,58,UTF-8,1,0,FOUNDSJJ,0,1
1779177350503,251,HTTP Request,200,,Thread Group 1-252,text,true,,365,437,14,14,http://localhost.com:7010/api/bbs/user/updateLikeState?articleId=26,,251,UTF-8,1,0,FOUNDSJJ,0,0
1779177350515,239,HTTP Request,200,,Thread Group 1-244,text,true,,365,437,14,14,http://localhost.com:7010/api/bbs/user/updateLikeState?articleId=26,,239,UTF-8,1,0,FOUNDSJJ,0,0
1779177350515,239,HTTP Request,200,,Thread Group 1-245,text,true,,365,437,14,14,http://localhost.com:7010/api/bbs/user/updateLikeState?articleId=26,,239,UTF-8,1,0,FOUNDSJJ,0,0
1779177350538,247,HTTP Request,200,,Thread Group 1-250,text,true,,365,437,12,12,http://localhost.com:7010/api/bbs/user/updateLikeState?articleId=26,,246,UTF-8,1,0,FOUNDSJJ,0,0
1779177350552,233,HTTP Request,200,,Thread Group 1-255,text,true,,365,437,12,12,http://localhost.com:7010/api/bbs/user/updateLikeState?articleId=26,,233,UTF-8,1,0,FOUNDSJJ,0,0
1779177350578,223,HTTP Request,200,,Thread Group 1-253,text,true,,365,437,13,13,http://localhost.com:7010/api/bbs/user/updateLikeState?articleId=26,,222,UTF-8,1,0,FOUNDSJJ,0,0
1779177350609,227,HTTP Request,200,,Thread Group 1-246,text,true,,365,437,13,13,http://localhost.com:7010/api/bbs/user/updateLikeState?articleId=26,,227,UTF-8,1,0,FOUNDSJJ,0,0
1779177350787,51,HTTP Request,200,,Thread Group 1-258,text,true,,819,270,12,12,http://localhost.com:7010/api/bbs/sso/login,,50,UTF-8,1,0,FOUNDSJJ,0,0
1779177350623,249,HTTP Request,200,,Thread Group 1-248,text,true,,365,437,12,12,http://localhost.com:7010/api/bbs/user/updateLikeState?articleId=26,,249,UTF-8,1,0,FOUNDSJJ,0,0
1779177350639,234,HTTP Request,200,,Thread Group 1-251,text,true,,365,437,12,12,http://localhost.com:7010/api/bbs/user/updateLikeState?articleId=26,,233,UTF-8,1,0,FOUNDSJJ,0,0
1779177350640,233,HTTP Request,200,,Thread Group 1-256,text,true,,365,437,12,12,http://localhost.com:7010/api/bbs/user/updateLikeState?articleId=26,,233,UTF-8,1,0,FOUNDSJJ,0,0
1779177350671,240,HTTP Request,200,,Thread Group 1-254,text,true,,365,437,13,13,http://localhost.com:7010/api/bbs/user/updateLikeState?articleId=26,,240,UTF-8,1,0,FOUNDSJJ,0,0
1779177350687,231,HTTP Request,200,,Thread Group 1-249,text,true,,365,437,13,13,http://localhost.com:7010/api/bbs/user/updateLikeState?articleId=26,,230,UTF-8,1,0,FOUNDSJJ,0,0
1779177350886,55,HTTP Request,200,,Thread Group 1-259,text,true,,819,270,13,13,http://localhost.com:7010/api/bbs/sso/login,,54,UTF-8,1,0,FOUNDSJJ,0,1
1779177350702,240,HTTP Request,200,,Thread Group 1-247,text,true,,365,437,13,13,http://localhost.com:7010/api/bbs/user/updateLikeState?articleId=26,,239,UTF-8,1,0,FOUNDSJJ,0,0
1779177350745,229,HTTP Request,200,,Thread Group 1-257,text,true,,365,437,12,12,http://localhost.com:7010/api/bbs/user/updateLikeState?articleId=26,,229,UTF-8,1,0,FOUNDSJJ,0,0
1779177350755,249,HTTP Request,200,,Thread Group 1-252,text,true,,365,437,13,13,http://localhost.com:7010/api/bbs/user/updateLikeState?articleId=26,,249,UTF-8,1,0,FOUNDSJJ,0,0
1779177350785,248,HTTP Request,200,,Thread Group 1-250,text,true,,365,437,13,13,http://localhost.com:7010/api/bbs/user/updateLikeState?articleId=26,,247,UTF-8,1,0,FOUNDSJJ,0,0
1779177350801,232,HTTP Request,200,,Thread Group 1-253,text,true,,365,437,13,13,http://localhost.com:7010/api/bbs/user/updateLikeState?articleId=26,,232,UTF-8,1,0,FOUNDSJJ,0,0
1779177350785,248,HTTP Request,200,,Thread Group 1-255,text,true,,365,437,13,13,http://localhost.com:7010/api/bbs/user/updateLikeState?articleId=26,,248,UTF-8,1,0,FOUNDSJJ,0,0
1779177350987,68,HTTP Request,200,,Thread Group 1-260,text,true,,819,270,13,13,http://localhost.com:7010/api/bbs/sso/login,,67,UTF-8,1,0,FOUNDSJJ,0,0
1779177350838,256,HTTP Request,200,,Thread Group 1-258,text,true,,365,437,14,14,http://localhost.com:7010/api/bbs/user/updateLikeState?articleId=26,,255,UTF-8,1,0,FOUNDSJJ,0,0
1779177350874,262,HTTP Request,200,,Thread Group 1-256,text,true,,365,437,14,14,http://localhost.com:7010/api/bbs/user/updateLikeState?articleId=26,,261,UTF-8,1,0,FOUNDSJJ,0,0
1779177350873,263,HTTP Request,200,,Thread Group 1-248,text,true,,365,437,14,14,http://localhost.com:7010/api/bbs/user/updateLikeState?articleId=26,,263,UTF-8,1,0,FOUNDSJJ,0,0
1779177350873,264,HTTP Request,200,,Thread Group 1-251,text,true,,365,437,14,14,http://localhost.com:7010/api/bbs/user/updateLikeState?articleId=26,,263,UTF-8,1,0,FOUNDSJJ,0,0
1779177350911,254,HTTP Request,200,,Thread Group 1-254,text,true,,365,437,13,13,http://localhost.com:7010/api/bbs/user/updateLikeState?articleId=26,,254,UTF-8,1,0,FOUNDSJJ,0,0
1779177350919,247,HTTP Request,200,,Thread Group 1-249,text,true,,365,437,13,13,http://localhost.com:7010/api/bbs/user/updateLikeState?articleId=26,,247,UTF-8,1,0,FOUNDSJJ,0,0
1779177351086,85,HTTP Request,200,,Thread Group 1-261,text,true,,819,270,12,12,http://localhost.com:7010/api/bbs/sso/login,,84,UTF-8,1,0,FOUNDSJJ,0,1
1779177350942,245,HTTP Request,200,,Thread Group 1-259,text,true,,365,437,13,13,http://localhost.com:7010/api/bbs/user/updateLikeState?articleId=26,,245,UTF-8,1,0,FOUNDSJJ,0,0
1779177350974,224,HTTP Request,200,,Thread Group 1-257,text,true,,365,437,13,13,http://localhost.com:7010/api/bbs/user/updateLikeState?articleId=26,,223,UTF-8,1,0,FOUNDSJJ,0,0
1779177351185,79,HTTP Request,200,,Thread Group 1-262,text,true,,819,270,13,13,http://localhost.com:7010/api/bbs/sso/login,,79,UTF-8,1,0,FOUNDSJJ,0,1
1779177351005,279,HTTP Request,200,,Thread Group 1-252,text,true,,365,437,13,13,http://localhost.com:7010/api/bbs/user/updateLikeState?articleId=26,,278,UTF-8,1,0,FOUNDSJJ,0,0
1779177351034,250,HTTP Request,200,,Thread Group 1-250,text,true,,365,437,13,13,http://localhost.com:7010/api/bbs/user/updateLikeState?articleId=26,,249,UTF-8,1,0,FOUNDSJJ,0,0
1779177351035,263,HTTP Request,200,,Thread Group 1-255,text,true,,365,437,13,13,http://localhost.com:7010/api/bbs/user/updateLikeState?articleId=26,,262,UTF-8,1,0,FOUNDSJJ,0,0
1779177351055,243,HTTP Request,200,,Thread Group 1-260,text,true,,365,437,13,13,http://localhost.com:7010/api/bbs/user/updateLikeState?articleId=26,,243,UTF-8,1,0,FOUNDSJJ,0,0
1779177351034,264,HTTP Request,200,,Thread Group 1-253,text,true,,365,437,13,13,http://localhost.com:7010/api/bbs/user/updateLikeState?articleId=26,,264,UTF-8,1,0,FOUNDSJJ,0,0
1779177351094,236,HTTP Request,200,,Thread Group 1-258,text,true,,365,437,13,13,http://localhost.com:7010/api/bbs/user/updateLikeState?articleId=26,,236,UTF-8,1,0,FOUNDSJJ,0,0
1779177351285,52,HTTP Request,200,,Thread Group 1-263,text,true,,819,270,13,13,http://localhost.com:7010/api/bbs/sso/login,,51,UTF-8,1,0,FOUNDSJJ,0,1
1779177351137,246,HTTP Request,200,,Thread Group 1-256,text,true,,365,437,13,13,http://localhost.com:7010/api/bbs/user/updateLikeState?articleId=26,,245,UTF-8,1,0,FOUNDSJJ,0,0
1779177351137,246,HTTP Request,200,,Thread Group 1-251,text,true,,365,437,13,13,http://localhost.com:7010/api/bbs/user/updateLikeState?articleId=26,,246,UTF-8,1,0,FOUNDSJJ,0,0
1779177351166,241,HTTP Request,200,,Thread Group 1-254,text,true,,365,437,13,13,http://localhost.com:7010/api/bbs/user/updateLikeState?articleId=26,,241,UTF-8,1,0,FOUNDSJJ,0,0
1779177351171,236,HTTP Request,200,,Thread Group 1-261,text,true,,365,437,13,13,http://localhost.com:7010/api/bbs/user/updateLikeState?articleId=26,,236,UTF-8,1,0,FOUNDSJJ,0,0
1779177351187,220,HTTP Request,200,,Thread Group 1-259,text,true,,365,437,13,13,http://localhost.com:7010/api/bbs/user/updateLikeState?articleId=26,,220,UTF-8,1,0,FOUNDSJJ,0,0
1779177351385,56,HTTP Request,200,,Thread Group 1-264,text,true,,819,270,13,13,http://localhost.com:7010/api/bbs/sso/login,,56,UTF-8,1,0,FOUNDSJJ,0,1
1779177351198,244,HTTP Request,200,,Thread Group 1-257,text,true,,365,437,13,13,http://localhost.com:7010/api/bbs/user/updateLikeState?articleId=26,,243,UTF-8,1,0,FOUNDSJJ,0,0
1779177351284,225,HTTP Request,200,,Thread Group 1-252,text,true,,365,437,14,14,http://localhost.com:7010/api/bbs/user/updateLikeState?articleId=26,,225,UTF-8,1,0,FOUNDSJJ,0,0
1779177351265,244,HTTP Request,200,,Thread Group 1-262,text,true,,365,437,14,14,http://localhost.com:7010/api/bbs/user/updateLikeState?articleId=26,,244,UTF-8,1,0,FOUNDSJJ,0,0
1779177351486,55,HTTP Request,200,,Thread Group 1-265,text,true,,819,270,13,13,http://localhost.com:7010/api/bbs/sso/login,,54,UTF-8,1,0,FOUNDSJJ,0,1
1779177351299,243,HTTP Request,200,,Thread Group 1-253,text,true,,365,437,13,13,http://localhost.com:7010/api/bbs/user/updateLikeState?articleId=26,,243,UTF-8,1,0,FOUNDSJJ,0,0
1779177351298,253,HTTP Request,200,,Thread Group 1-260,text,true,,365,437,12,12,http://localhost.com:7010/api/bbs/user/updateLikeState?articleId=26,,253,UTF-8,1,0,FOUNDSJJ,0,0
1779177351298,263,HTTP Request,200,,Thread Group 1-255,text,true,,365,437,12,12,http://localhost.com:7010/api/bbs/user/updateLikeState?articleId=26,,262,UTF-8,1,0,FOUNDSJJ,0,0
1779177351331,240,HTTP Request,200,,Thread Group 1-258,text,true,,365,437,12,12,http://localhost.com:7010/api/bbs/user/updateLikeState?articleId=26,,240,UTF-8,1,0,FOUNDSJJ,0,0
1779177351337,234,HTTP Request,200,,Thread Group 1-263,text,true,,365,437,12,12,http://localhost.com:7010/api/bbs/user/updateLikeState?articleId=26,,234,UTF-8,1,0,FOUNDSJJ,0,0
1779177351383,223,HTTP Request,200,,Thread Group 1-256,text,true,,365,437,13,13,http://localhost.com:7010/api/bbs/user/updateLikeState?articleId=26,,223,UTF-8,1,0,FOUNDSJJ,0,0
1779177351407,219,HTTP Request,200,,Thread Group 1-261,text,true,,365,437,13,13,http://localhost.com:7010/api/bbs/user/updateLikeState?articleId=26,,219,UTF-8,1,0,FOUNDSJJ,0,0
1779177351407,223,HTTP Request,200,,Thread Group 1-259,text,true,,365,437,13,13,http://localhost.com:7010/api/bbs/user/updateLikeState?articleId=26,,222,UTF-8,1,0,FOUNDSJJ,0,0
1779177351407,229,HTTP Request,200,,Thread Group 1-254,text,true,,365,437,13,13,http://localhost.com:7010/api/bbs/user/updateLikeState?articleId=26,,229,UTF-8,1,0,FOUNDSJJ,0,0
1779177351586,56,HTTP Request,200,,Thread Group 1-266,text,true,,819,270,12,12,http://localhost.com:7010/api/bbs/sso/login,,56,UTF-8,1,0,FOUNDSJJ,0,1
1779177351442,211,HTTP Request,200,,Thread Group 1-264,text,true,,365,437,12,12,http://localhost.com:7010/api/bbs/user/updateLikeState?articleId=26,,211,UTF-8,1,0,FOUNDSJJ,0,0
1779177351442,221,HTTP Request,200,,Thread Group 1-257,text,true,,365,437,12,12,http://localhost.com:7010/api/bbs/user/updateLikeState?articleId=26,,221,UTF-8,1,0,FOUNDSJJ,0,0
1779177351510,223,HTTP Request,200,,Thread Group 1-262,text,true,,365,437,13,13,http://localhost.com:7010/api/bbs/user/updateLikeState?articleId=26,,223,UTF-8,1,0,FOUNDSJJ,0,0
1779177351685,69,HTTP Request,200,,Thread Group 1-267,text,true,,819,270,13,13,http://localhost.com:7010/api/bbs/sso/login,,68,UTF-8,1,0,FOUNDSJJ,0,1
1779177351541,221,HTTP Request,200,,Thread Group 1-265,text,true,,365,437,13,13,http://localhost.com:7010/api/bbs/user/updateLikeState?articleId=26,,220,UTF-8,1,0,FOUNDSJJ,0,0
1779177351551,229,HTTP Request,200,,Thread Group 1-260,text,true,,365,437,13,13,http://localhost.com:7010/api/bbs/user/updateLikeState?articleId=26,,229,UTF-8,1,0,FOUNDSJJ,0,0
1779177351561,221,HTTP Request,200,,Thread Group 1-255,text,true,,365,437,13,13,http://localhost.com:7010/api/bbs/user/updateLikeState?articleId=26,,221,UTF-8,1,0,FOUNDSJJ,0,0
1779177351572,240,HTTP Request,200,,Thread Group 1-263,text,true,,365,437,13,13,http://localhost.com:7010/api/bbs/user/updateLikeState?articleId=26,,240,UTF-8,1,0,FOUNDSJJ,0,0
1779177351571,241,HTTP Request,200,,Thread Group 1-258,text,true,,365,437,13,13,http://localhost.com:7010/api/bbs/user/updateLikeState?articleId=26,,241,UTF-8,1,0,FOUNDSJJ,0,0
1779177351785,47,HTTP Request,200,,Thread Group 1-268,text,true,,819,270,13,13,http://localhost.com:7010/api/bbs/sso/login,,46,UTF-8,1,0,FOUNDSJJ,0,0
1779177351606,227,HTTP Request,200,,Thread Group 1-256,text,true,,365,437,13,13,http://localhost.com:7010/api/bbs/user/updateLikeState?articleId=26,,226,UTF-8,1,0,FOUNDSJJ,0,0
1779177351630,251,HTTP Request,200,,Thread Group 1-259,text,true,,365,437,12,12,http://localhost.com:7010/api/bbs/user/updateLikeState?articleId=26,,251,UTF-8,1,0,FOUNDSJJ,0,0
1779177351627,254,HTTP Request,200,,Thread Group 1-261,text,true,,365,437,12,12,http://localhost.com:7010/api/bbs/user/updateLikeState?articleId=26,,254,UTF-8,1,0,FOUNDSJJ,0,0
1779177351643,242,HTTP Request,200,,Thread Group 1-266,text,true,,365,437,12,12,http://localhost.com:7010/api/bbs/user/updateLikeState?articleId=26,,241,UTF-8,1,0,FOUNDSJJ,0,0
1779177351654,231,HTTP Request,200,,Thread Group 1-264,text,true,,365,437,12,12,http://localhost.com:7010/api/bbs/user/updateLikeState?articleId=26,,231,UTF-8,1,0,FOUNDSJJ,0,0
1779177351664,227,HTTP Request,200,,Thread Group 1-257,text,true,,365,437,13,13,http://localhost.com:7010/api/bbs/user/updateLikeState?articleId=26,,227,UTF-8,1,0,FOUNDSJJ,0,0
1779177351885,65,HTTP Request,200,,Thread Group 1-269,text,true,,819,270,12,12,http://localhost.com:7010/api/bbs/sso/login,,64,UTF-8,1,0,FOUNDSJJ,0,1
1779177351733,250,HTTP Request,200,,Thread Group 1-262,text,true,,365,437,12,12,http://localhost.com:7010/api/bbs/user/updateLikeState?articleId=26,,250,UTF-8,1,0,FOUNDSJJ,0,0
1779177351762,221,HTTP Request,200,,Thread Group 1-265,text,true,,365,437,12,12,http://localhost.com:7010/api/bbs/user/updateLikeState?articleId=26,,221,UTF-8,1,0,FOUNDSJJ,0,0
1779177351755,228,HTTP Request,200,,Thread Group 1-267,text,true,,365,437,12,12,http://localhost.com:7010/api/bbs/user/updateLikeState?articleId=26,,228,UTF-8,1,0,FOUNDSJJ,0,0
1779177351780,244,HTTP Request,200,,Thread Group 1-260,text,true,,365,437,13,13,http://localhost.com:7010/api/bbs/user/updateLikeState?articleId=26,,244,UTF-8,1,0,FOUNDSJJ,0,0
1779177351985,51,HTTP Request,200,,Thread Group 1-270,text,true,,819,270,13,13,http://localhost.com:7010/api/bbs/sso/login,,50,UTF-8,1,0,FOUNDSJJ,0,1
1779177351812,244,HTTP Request,200,,Thread Group 1-263,text,true,,365,437,13,13,http://localhost.com:7010/api/bbs/user/updateLikeState?articleId=26,,244,UTF-8,1,0,FOUNDSJJ,0,0
1779177351812,279,HTTP Request,200,,Thread Group 1-258,text,true,,365,437,14,14,http://localhost.com:7010/api/bbs/user/updateLikeState?articleId=26,,278,UTF-8,1,0,FOUNDSJJ,0,0
1779177351832,259,HTTP Request,200,,Thread Group 1-268,text,true,,365,437,14,14,http://localhost.com:7010/api/bbs/user/updateLikeState?articleId=26,,259,UTF-8,1,0,FOUNDSJJ,0,0
1779177351885,264,HTTP Request,200,,Thread Group 1-266,text,true,,365,437,13,13,http://localhost.com:7010/api/bbs/user/updateLikeState?articleId=26,,264,UTF-8,1,0,FOUNDSJJ,0,0
1779177351885,264,HTTP Request,200,,Thread Group 1-264,text,true,,365,437,13,13,http://localhost.com:7010/api/bbs/user/updateLikeState?articleId=26,,264,UTF-8,1,0,FOUNDSJJ,0,0
1779177351881,268,HTTP Request,200,,Thread Group 1-261,text,true,,365,437,13,13,http://localhost.com:7010/api/bbs/user/updateLikeState?articleId=26,,268,UTF-8,1,0,FOUNDSJJ,0,0
1779177352086,69,HTTP Request,200,,Thread Group 1-271,text,true,,819,270,13,13,http://localhost.com:7010/api/bbs/sso/login,,68,UTF-8,1,0,FOUNDSJJ,0,1
1779177351881,279,HTTP Request,200,,Thread Group 1-259,text,true,,365,437,13,13,http://localhost.com:7010/api/bbs/user/updateLikeState?articleId=26,,279,UTF-8,1,0,FOUNDSJJ,0,0
1779177351950,237,HTTP Request,200,,Thread Group 1-269,text,true,,365,437,13,13,http://localhost.com:7010/api/bbs/user/updateLikeState?articleId=26,,237,UTF-8,1,0,FOUNDSJJ,0,0
1779177351983,240,HTTP Request,200,,Thread Group 1-262,text,true,,365,437,13,13,http://localhost.com:7010/api/bbs/user/updateLikeState?articleId=26,,240,UTF-8,1,0,FOUNDSJJ,0,0
1779177351984,239,HTTP Request,200,,Thread Group 1-267,text,true,,365,437,13,13,http://localhost.com:7010/api/bbs/user/updateLikeState?articleId=26,,239,UTF-8,1,0,FOUNDSJJ,0,0
1779177351983,241,HTTP Request,200,,Thread Group 1-265,text,true,,365,437,13,13,http://localhost.com:7010/api/bbs/user/updateLikeState?articleId=26,,240,UTF-8,1,0,FOUNDSJJ,0,0
1779177352186,54,HTTP Request,200,,Thread Group 1-272,text,true,,819,270,13,13,http://localhost.com:7010/api/bbs/sso/login,,53,UTF-8,1,0,FOUNDSJJ,0,1
1779177352025,254,HTTP Request,200,,Thread Group 1-260,text,true,,365,437,13,13,http://localhost.com:7010/api/bbs/user/updateLikeState?articleId=26,,254,UTF-8,1,0,FOUNDSJJ,0,0
1779177352037,242,HTTP Request,200,,Thread Group 1-270,text,true,,365,437,13,13,http://localhost.com:7010/api/bbs/user/updateLikeState?articleId=26,,242,UTF-8,1,0,FOUNDSJJ,0,0
1779177352057,256,HTTP Request,200,,Thread Group 1-263,text,true,,365,437,13,13,http://localhost.com:7010/api/bbs/user/updateLikeState?articleId=26,,256,UTF-8,1,0,FOUNDSJJ,0,0
1779177352092,222,HTTP Request,200,,Thread Group 1-268,text,true,,365,437,13,13,http://localhost.com:7010/api/bbs/user/updateLikeState?articleId=26,,221,UTF-8,1,0,FOUNDSJJ,0,0
1779177352287,50,HTTP Request,200,,Thread Group 1-273,text,true,,819,270,13,13,http://localhost.com:7010/api/bbs/sso/login,,50,UTF-8,1,0,FOUNDSJJ,0,0
1779177352149,259,HTTP Request,200,,Thread Group 1-264,text,true,,365,437,14,14,http://localhost.com:7010/api/bbs/user/updateLikeState?articleId=26,,259,UTF-8,1,0,FOUNDSJJ,0,0
1779177352155,287,HTTP Request,200,,Thread Group 1-271,text,true,,365,437,14,14,http://localhost.com:7010/api/bbs/user/updateLikeState?articleId=26,,287,UTF-8,1,0,FOUNDSJJ,0,0
1779177352188,254,HTTP Request,200,,Thread Group 1-269,text,true,,365,437,14,14,http://localhost.com:7010/api/bbs/user/updateLikeState?articleId=26,,254,UTF-8,1,0,FOUNDSJJ,0,0
1779177352149,294,HTTP Request,200,,Thread Group 1-266,text,true,,365,437,14,14,http://localhost.com:7010/api/bbs/user/updateLikeState?articleId=26,,293,UTF-8,1,0,FOUNDSJJ,0,0
1779177352149,294,HTTP Request,200,,Thread Group 1-261,text,true,,365,437,14,14,http://localhost.com:7010/api/bbs/user/updateLikeState?articleId=26,,293,UTF-8,1,0,FOUNDSJJ,0,0
1779177352387,71,HTTP Request,200,,Thread Group 1-274,text,true,,819,270,13,13,http://localhost.com:7010/api/bbs/sso/login,,71,UTF-8,1,0,FOUNDSJJ,0,0
1779177352240,273,HTTP Request,200,,Thread Group 1-272,text,true,,365,437,14,14,http://localhost.com:7010/api/bbs/user/updateLikeState?articleId=26,,273,UTF-8,1,0,FOUNDSJJ,0,0
1779177352224,290,HTTP Request,200,,Thread Group 1-265,text,true,,365,437,14,14,http://localhost.com:7010/api/bbs/user/updateLikeState?articleId=26,,289,UTF-8,1,0,FOUNDSJJ,0,0
1779177352224,305,HTTP Request,200,,Thread Group 1-267,text,true,,365,437,14,14,http://localhost.com:7010/api/bbs/user/updateLikeState?articleId=26,,305,UTF-8,1,0,FOUNDSJJ,0,0
1779177352224,309,HTTP Request,200,,Thread Group 1-262,text,true,,365,437,14,14,http://localhost.com:7010/api/bbs/user/updateLikeState?articleId=26,,308,UTF-8,1,0,FOUNDSJJ,0,0
1779177352486,70,HTTP Request,200,,Thread Group 1-275,text,true,,819,270,13,13,http://localhost.com:7010/api/bbs/sso/login,,69,UTF-8,1,0,FOUNDSJJ,0,0
1779177352280,283,HTTP Request,200,,Thread Group 1-270,text,true,,365,437,13,13,http://localhost.com:7010/api/bbs/user/updateLikeState?articleId=26,,283,UTF-8,1,0,FOUNDSJJ,0,0
1779177352314,275,HTTP Request,200,,Thread Group 1-268,text,true,,365,437,14,14,http://localhost.com:7010/api/bbs/user/updateLikeState?articleId=26,,274,UTF-8,1,0,FOUNDSJJ,0,0
1779177352314,280,HTTP Request,200,,Thread Group 1-263,text,true,,365,437,14,14,http://localhost.com:7010/api/bbs/user/updateLikeState?articleId=26,,280,UTF-8,1,0,FOUNDSJJ,0,0
1779177352338,286,HTTP Request,200,,Thread Group 1-273,text,true,,365,437,13,13,http://localhost.com:7010/api/bbs/user/updateLikeState?articleId=26,,286,UTF-8,1,0,FOUNDSJJ,0,0
1779177352409,235,HTTP Request,200,,Thread Group 1-264,text,true,,365,437,13,13,http://localhost.com:7010/api/bbs/user/updateLikeState?articleId=26,,234,UTF-8,1,0,FOUNDSJJ,0,0
1779177352585,68,HTTP Request,200,,Thread Group 1-276,text,true,,819,270,12,12,http://localhost.com:7010/api/bbs/sso/login,,68,UTF-8,1,0,FOUNDSJJ,0,1
1779177352443,241,HTTP Request,200,,Thread Group 1-266,text,true,,365,437,12,12,http://localhost.com:7010/api/bbs/user/updateLikeState?articleId=26,,241,UTF-8,1,0,FOUNDSJJ,0,0
1779177352443,242,HTTP Request,200,,Thread Group 1-269,text,true,,365,437,12,12,http://localhost.com:7010/api/bbs/user/updateLikeState?articleId=26,,241,UTF-8,1,0,FOUNDSJJ,0,0
1779177352459,225,HTTP Request,200,,Thread Group 1-274,text,true,,365,437,12,12,http://localhost.com:7010/api/bbs/user/updateLikeState?articleId=26,,225,UTF-8,1,0,FOUNDSJJ,0,0
1779177352443,242,HTTP Request,200,,Thread Group 1-271,text,true,,365,437,12,12,http://localhost.com:7010/api/bbs/user/updateLikeState?articleId=26,,242,UTF-8,1,0,FOUNDSJJ,0,0
1779177352685,57,HTTP Request,200,,Thread Group 1-277,text,true,,819,270,13,13,http://localhost.com:7010/api/bbs/sso/login,,56,UTF-8,1,0,FOUNDSJJ,0,1
1779177352513,256,HTTP Request,200,,Thread Group 1-272,text,true,,365,437,13,13,http://localhost.com:7010/api/bbs/user/updateLikeState?articleId=26,,255,UTF-8,1,0,FOUNDSJJ,0,0
1779177352514,255,HTTP Request,200,,Thread Group 1-265,text,true,,365,437,13,13,http://localhost.com:7010/api/bbs/user/updateLikeState?articleId=26,,255,UTF-8,1,0,FOUNDSJJ,0,0
1779177352529,240,HTTP Request,200,,Thread Group 1-267,text,true,,365,437,13,13,http://localhost.com:7010/api/bbs/user/updateLikeState?articleId=26,,239,UTF-8,1,0,FOUNDSJJ,0,0
1779177352563,248,HTTP Request,200,,Thread Group 1-270,text,true,,365,437,13,13,http://localhost.com:7010/api/bbs/user/updateLikeState?articleId=26,,248,UTF-8,1,0,FOUNDSJJ,0,0
1779177352556,256,HTTP Request,200,,Thread Group 1-275,text,true,,365,437,13,13,http://localhost.com:7010/api/bbs/user/updateLikeState?articleId=26,,255,UTF-8,1,0,FOUNDSJJ,0,0
1779177352589,250,HTTP Request,200,,Thread Group 1-268,text,true,,365,437,13,13,http://localhost.com:7010/api/bbs/user/updateLikeState?articleId=26,,250,UTF-8,1,0,FOUNDSJJ,0,0
1779177352785,59,HTTP Request,200,,Thread Group 1-278,text,true,,819,270,13,13,http://localhost.com:7010/api/bbs/sso/login,,59,UTF-8,1,0,FOUNDSJJ,0,1
1779177352625,222,HTTP Request,200,,Thread Group 1-273,text,true,,365,437,13,13,http://localhost.com:7010/api/bbs/user/updateLikeState?articleId=26,,222,UTF-8,1,0,FOUNDSJJ,0,0
1779177352686,215,HTTP Request,200,,Thread Group 1-274,text,true,,365,437,14,14,http://localhost.com:7010/api/bbs/user/updateLikeState?articleId=26,,215,UTF-8,1,0,FOUNDSJJ,0,0
1779177352654,247,HTTP Request,200,,Thread Group 1-276,text,true,,365,437,14,14,http://localhost.com:7010/api/bbs/user/updateLikeState?articleId=26,,247,UTF-8,1,0,FOUNDSJJ,0,0
1779177352686,246,HTTP Request,200,,Thread Group 1-269,text,true,,365,437,14,14,http://localhost.com:7010/api/bbs/user/updateLikeState?articleId=26,,246,UTF-8,1,0,FOUNDSJJ,0,0
1779177352686,246,HTTP Request,200,,Thread Group 1-271,text,true,,365,437,14,14,http://localhost.com:7010/api/bbs/user/updateLikeState?articleId=26,,246,UTF-8,1,0,FOUNDSJJ,0,0
1779177352685,247,HTTP Request,200,,Thread Group 1-266,text,true,,365,437,14,14,http://localhost.com:7010/api/bbs/user/updateLikeState?articleId=26,,247,UTF-8,1,0,FOUNDSJJ,0,0
1779177352886,59,HTTP Request,200,,Thread Group 1-279,text,true,,819,270,13,13,http://localhost.com:7010/api/bbs/sso/login,,58,UTF-8,1,0,FOUNDSJJ,0,1
1779177352743,230,HTTP Request,200,,Thread Group 1-277,text,true,,365,437,13,13,http://localhost.com:7010/api/bbs/user/updateLikeState?articleId=26,,230,UTF-8,1,0,FOUNDSJJ,0,0
1779177352770,246,HTTP Request,200,,Thread Group 1-267,text,true,,365,437,14,14,http://localhost.com:7010/api/bbs/user/updateLikeState?articleId=26,,246,UTF-8,1,0,FOUNDSJJ,0,0
1779177352769,247,HTTP Request,200,,Thread Group 1-272,text,true,,365,437,14,14,http://localhost.com:7010/api/bbs/user/updateLikeState?articleId=26,,247,UTF-8,1,0,FOUNDSJJ,0,0
1779177352986,50,HTTP Request,200,,Thread Group 1-280,text,true,,819,270,13,13,http://localhost.com:7010/api/bbs/sso/login,,49,UTF-8,1,0,FOUNDSJJ,0,1
1779177352812,231,HTTP Request,200,,Thread Group 1-275,text,true,,365,437,13,13,http://localhost.com:7010/api/bbs/user/updateLikeState?articleId=26,,231,UTF-8,1,0,FOUNDSJJ,0,0
1779177352811,239,HTTP Request,200,,Thread Group 1-270,text,true,,365,437,13,13,http://localhost.com:7010/api/bbs/user/updateLikeState?articleId=26,,239,UTF-8,1,0,FOUNDSJJ,0,0
1779177352845,243,HTTP Request,200,,Thread Group 1-278,text,true,,365,437,14,14,http://localhost.com:7010/api/bbs/user/updateLikeState?articleId=26,,243,UTF-8,1,0,FOUNDSJJ,0,0
1779177352840,248,HTTP Request,200,,Thread Group 1-268,text,true,,365,437,14,14,http://localhost.com:7010/api/bbs/user/updateLikeState?articleId=26,,248,UTF-8,1,0,FOUNDSJJ,0,0
1779177352847,241,HTTP Request,200,,Thread Group 1-273,text,true,,365,437,14,14,http://localhost.com:7010/api/bbs/user/updateLikeState?articleId=26,,241,UTF-8,1,0,FOUNDSJJ,0,0
1779177353086,49,HTTP Request,200,,Thread Group 1-281,text,true,,819,270,13,13,http://localhost.com:7010/api/bbs/sso/login,,48,UTF-8,1,0,FOUNDSJJ,0,1
1779177352901,254,HTTP Request,200,,Thread Group 1-274,text,true,,365,437,13,13,http://localhost.com:7010/api/bbs/user/updateLikeState?articleId=26,,253,UTF-8,1,0,FOUNDSJJ,0,0
1779177352902,253,HTTP Request,200,,Thread Group 1-276,text,true,,365,437,13,13,http://localhost.com:7010/api/bbs/user/updateLikeState?articleId=26,,253,UTF-8,1,0,FOUNDSJJ,0,0
1779177352932,268,HTTP Request,200,,Thread Group 1-269,text,true,,365,437,14,14,http://localhost.com:7010/api/bbs/user/updateLikeState?articleId=26,,268,UTF-8,1,0,FOUNDSJJ,0,0
1779177352932,268,HTTP Request,200,,Thread Group 1-271,text,true,,365,437,14,14,http://localhost.com:7010/api/bbs/user/updateLikeState?articleId=26,,268,UTF-8,1,0,FOUNDSJJ,0,0
1779177352973,259,HTTP Request,200,,Thread Group 1-277,text,true,,365,437,13,13,http://localhost.com:7010/api/bbs/user/updateLikeState?articleId=26,,259,UTF-8,1,0,FOUNDSJJ,0,0
1779177352945,288,HTTP Request,200,,Thread Group 1-279,text,true,,365,437,13,13,http://localhost.com:7010/api/bbs/user/updateLikeState?articleId=26,,288,UTF-8,1,0,FOUNDSJJ,0,0
1779177353185,54,HTTP Request,200,,Thread Group 1-282,text,true,,819,270,13,13,http://localhost.com:7010/api/bbs/sso/login,,54,UTF-8,1,0,FOUNDSJJ,0,1
1779177353018,243,HTTP Request,200,,Thread Group 1-272,text,true,,365,437,13,13,http://localhost.com:7010/api/bbs/user/updateLikeState?articleId=26,,242,UTF-8,1,0,FOUNDSJJ,0,0
1779177353043,247,HTTP Request,200,,Thread Group 1-275,text,true,,365,437,14,14,http://localhost.com:7010/api/bbs/user/updateLikeState?articleId=26,,246,UTF-8,1,0,FOUNDSJJ,0,0
1779177353036,261,HTTP Request,200,,Thread Group 1-280,text,true,,365,437,14,14,http://localhost.com:7010/api/bbs/user/updateLikeState?articleId=26,,261,UTF-8,1,0,FOUNDSJJ,0,0
1779177353051,259,HTTP Request,200,,Thread Group 1-270,text,true,,365,437,14,14,http://localhost.com:7010/api/bbs/user/updateLikeState?articleId=26,,259,UTF-8,1,0,FOUNDSJJ,0,0
1779177353089,230,HTTP Request,200,,Thread Group 1-273,text,true,,365,437,13,13,http://localhost.com:7010/api/bbs/user/updateLikeState?articleId=26,,229,UTF-8,1,0,FOUNDSJJ,0,0
1779177353088,250,HTTP Request,200,,Thread Group 1-278,text,true,,365,437,13,13,http://localhost.com:7010/api/bbs/user/updateLikeState?articleId=26,,249,UTF-8,1,0,FOUNDSJJ,0,0
1779177353285,62,HTTP Request,200,,Thread Group 1-283,text,true,,819,270,13,13,http://localhost.com:7010/api/bbs/sso/login,,61,UTF-8,1,0,FOUNDSJJ,0,2
1779177353136,243,HTTP Request,200,,Thread Group 1-281,text,true,,365,437,13,13,http://localhost.com:7010/api/bbs/user/updateLikeState?articleId=26,,242,UTF-8,1,0,FOUNDSJJ,0,0
1779177353155,242,HTTP Request,200,,Thread Group 1-274,text,true,,365,437,14,14,http://localhost.com:7010/api/bbs/user/updateLikeState?articleId=26,,241,UTF-8,1,0,FOUNDSJJ,0,0
1779177353156,248,HTTP Request,200,,Thread Group 1-276,text,true,,365,437,14,14,http://localhost.com:7010/api/bbs/user/updateLikeState?articleId=26,,248,UTF-8,1,0,FOUNDSJJ,0,0
1779177353201,211,HTTP Request,200,,Thread Group 1-271,text,true,,365,437,14,14,http://localhost.com:7010/api/bbs/user/updateLikeState?articleId=26,,211,UTF-8,1,0,FOUNDSJJ,0,0
1779177353385,65,HTTP Request,200,,Thread Group 1-284,text,true,,819,270,13,13,http://localhost.com:7010/api/bbs/sso/login,,64,UTF-8,1,0,FOUNDSJJ,0,1
1779177353233,223,HTTP Request,200,,Thread Group 1-277,text,true,,365,437,13,13,http://localhost.com:7010/api/bbs/user/updateLikeState?articleId=26,,223,UTF-8,1,0,FOUNDSJJ,0,0
1779177353234,222,HTTP Request,200,,Thread Group 1-279,text,true,,365,437,13,13,http://localhost.com:7010/api/bbs/user/updateLikeState?articleId=26,,222,UTF-8,1,0,FOUNDSJJ,0,0
1779177353240,230,HTTP Request,200,,Thread Group 1-282,text,true,,365,437,13,13,http://localhost.com:7010/api/bbs/user/updateLikeState?articleId=26,,229,UTF-8,1,0,FOUNDSJJ,0,0
1779177353261,226,HTTP Request,200,,Thread Group 1-272,text,true,,365,437,14,14,http://localhost.com:7010/api/bbs/user/updateLikeState?articleId=26,,226,UTF-8,1,0,FOUNDSJJ,0,0
1779177353290,228,HTTP Request,200,,Thread Group 1-275,text,true,,365,437,13,13,http://localhost.com:7010/api/bbs/user/updateLikeState?articleId=26,,228,UTF-8,1,0,FOUNDSJJ,0,0
1779177353298,227,HTTP Request,200,,Thread Group 1-280,text,true,,365,437,13,13,http://localhost.com:7010/api/bbs/user/updateLikeState?articleId=26,,227,UTF-8,1,0,FOUNDSJJ,0,0
1779177353487,50,HTTP Request,200,,Thread Group 1-285,text,true,,819,270,13,13,http://localhost.com:7010/api/bbs/sso/login,,49,UTF-8,1,0,FOUNDSJJ,0,0
1779177353319,230,HTTP Request,200,,Thread Group 1-273,text,true,,365,437,13,13,http://localhost.com:7010/api/bbs/user/updateLikeState?articleId=26,,230,UTF-8,1,0,FOUNDSJJ,0,0
1779177353347,234,HTTP Request,200,,Thread Group 1-283,text,true,,365,437,12,12,http://localhost.com:7010/api/bbs/user/updateLikeState?articleId=26,,234,UTF-8,1,0,FOUNDSJJ,0,0
1779177353338,244,HTTP Request,200,,Thread Group 1-278,text,true,,365,437,12,12,http://localhost.com:7010/api/bbs/user/updateLikeState?articleId=26,,244,UTF-8,1,0,FOUNDSJJ,0,0
1779177353379,228,HTTP Request,200,,Thread Group 1-281,text,true,,365,437,13,13,http://localhost.com:7010/api/bbs/user/updateLikeState?articleId=26,,228,UTF-8,1,0,FOUNDSJJ,0,0
1779177353586,49,HTTP Request,200,,Thread Group 1-286,text,true,,819,270,13,13,http://localhost.com:7010/api/bbs/sso/login,,49,UTF-8,1,0,FOUNDSJJ,0,0
1779177353405,235,HTTP Request,200,,Thread Group 1-276,text,true,,365,437,13,13,http://localhost.com:7010/api/bbs/user/updateLikeState?articleId=26,,235,UTF-8,1,0,FOUNDSJJ,0,0
1779177353397,244,HTTP Request,200,,Thread Group 1-274,text,true,,365,437,13,13,http://localhost.com:7010/api/bbs/user/updateLikeState?articleId=26,,244,UTF-8,1,0,FOUNDSJJ,0,0
1779177353450,236,HTTP Request,200,,Thread Group 1-284,text,true,,365,437,13,13,http://localhost.com:7010/api/bbs/user/updateLikeState?articleId=26,,236,UTF-8,1,0,FOUNDSJJ,0,0
1779177353457,229,HTTP Request,200,,Thread Group 1-277,text,true,,365,437,13,13,http://localhost.com:7010/api/bbs/user/updateLikeState?articleId=26,,229,UTF-8,1,0,FOUNDSJJ,0,0
1779177353457,229,HTTP Request,200,,Thread Group 1-279,text,true,,365,437,13,13,http://localhost.com:7010/api/bbs/user/updateLikeState?articleId=26,,229,UTF-8,1,0,FOUNDSJJ,0,0
1779177353470,231,HTTP Request,200,,Thread Group 1-282,text,true,,365,437,13,13,http://localhost.com:7010/api/bbs/user/updateLikeState?articleId=26,,231,UTF-8,1,0,FOUNDSJJ,0,0
1779177353685,86,HTTP Request,200,,Thread Group 1-287,text,true,,819,270,13,13,http://localhost.com:7010/api/bbs/sso/login,,85,UTF-8,1,0,FOUNDSJJ,0,0
1779177353519,254,HTTP Request,200,,Thread Group 1-275,text,true,,365,437,13,13,http://localhost.com:7010/api/bbs/user/updateLikeState?articleId=26,,254,UTF-8,1,0,FOUNDSJJ,0,0
1779177353525,280,HTTP Request,200,,Thread Group 1-280,text,true,,365,437,13,13,http://localhost.com:7010/api/bbs/user/updateLikeState?articleId=26,,280,UTF-8,1,0,FOUNDSJJ,0,0
1779177353538,267,HTTP Request,200,,Thread Group 1-285,text,true,,365,437,13,13,http://localhost.com:7010/api/bbs/user/updateLikeState?articleId=26,,267,UTF-8,1,0,FOUNDSJJ,0,0
1779177353785,55,HTTP Request,200,,Thread Group 1-288,text,true,,819,270,13,13,http://localhost.com:7010/api/bbs/sso/login,,54,UTF-8,1,0,FOUNDSJJ,0,1
1779177353582,258,HTTP Request,200,,Thread Group 1-283,text,true,,365,437,13,13,http://localhost.com:7010/api/bbs/user/updateLikeState?articleId=26,,258,UTF-8,1,0,FOUNDSJJ,0,0
1779177353608,258,HTTP Request,200,,Thread Group 1-281,text,true,,365,437,13,13,http://localhost.com:7010/api/bbs/user/updateLikeState?articleId=26,,258,UTF-8,1,0,FOUNDSJJ,0,0
1779177353583,283,HTTP Request,200,,Thread Group 1-278,text,true,,365,437,13,13,http://localhost.com:7010/api/bbs/user/updateLikeState?articleId=26,,283,UTF-8,1,0,FOUNDSJJ,0,0
1779177353636,306,HTTP Request,200,,Thread Group 1-286,text,true,,365,437,14,14,http://localhost.com:7010/api/bbs/user/updateLikeState?articleId=26,,306,UTF-8,1,0,FOUNDSJJ,0,0
1779177353641,302,HTTP Request,200,,Thread Group 1-276,text,true,,365,437,14,14,http://localhost.com:7010/api/bbs/user/updateLikeState?articleId=26,,302,UTF-8,1,0,FOUNDSJJ,0,0
1779177353885,59,HTTP Request,200,,Thread Group 1-289,text,true,,819,270,13,13,http://localhost.com:7010/api/bbs/sso/login,,57,UTF-8,1,0,FOUNDSJJ,0,1
1779177353686,318,HTTP Request,200,,Thread Group 1-277,text,true,,365,437,14,14,http://localhost.com:7010/api/bbs/user/updateLikeState?articleId=26,,318,UTF-8,1,0,FOUNDSJJ,0,0
1779177353687,331,HTTP Request,200,,Thread Group 1-279,text,true,,365,437,13,13,http://localhost.com:7010/api/bbs/user/updateLikeState?articleId=26,,330,UTF-8,1,0,FOUNDSJJ,0,0
1779177353701,317,HTTP Request,200,,Thread Group 1-282,text,true,,365,437,13,13,http://localhost.com:7010/api/bbs/user/updateLikeState?articleId=26,,317,UTF-8,1,0,FOUNDSJJ,0,0
1779177353686,333,HTTP Request,200,,Thread Group 1-284,text,true,,365,437,13,13,http://localhost.com:7010/api/bbs/user/updateLikeState?articleId=26,,332,UTF-8,1,0,FOUNDSJJ,0,0
1779177353771,272,HTTP Request,200,,Thread Group 1-287,text,true,,365,437,13,13,http://localhost.com:7010/api/bbs/user/updateLikeState?articleId=26,,272,UTF-8,1,0,FOUNDSJJ,0,0
1779177353986,78,HTTP Request,200,,Thread Group 1-290,text,true,,819,270,13,13,http://localhost.com:7010/api/bbs/sso/login,,78,UTF-8,1,0,FOUNDSJJ,0,1
1779177353806,264,HTTP Request,200,,Thread Group 1-285,text,true,,365,437,13,13,http://localhost.com:7010/api/bbs/user/updateLikeState?articleId=26,,264,UTF-8,1,0,FOUNDSJJ,0,0
1779177353806,291,HTTP Request,200,,Thread Group 1-280,text,true,,365,437,14,14,http://localhost.com:7010/api/bbs/user/updateLikeState?articleId=26,,291,UTF-8,1,0,FOUNDSJJ,0,0
1779177353841,291,HTTP Request,200,,Thread Group 1-283,text,true,,365,437,14,14,http://localhost.com:7010/api/bbs/user/updateLikeState?articleId=26,,291,UTF-8,1,0,FOUNDSJJ,0,0
1779177353841,291,HTTP Request,200,,Thread Group 1-288,text,true,,365,437,14,14,http://localhost.com:7010/api/bbs/user/updateLikeState?articleId=26,,291,UTF-8,1,0,FOUNDSJJ,0,0
1779177354085,70,HTTP Request,200,,Thread Group 1-291,text,true,,819,270,14,14,http://localhost.com:7010/api/bbs/sso/login,,70,UTF-8,1,0,FOUNDSJJ,0,1
1779177353867,294,HTTP Request,200,,Thread Group 1-278,text,true,,365,437,14,14,http://localhost.com:7010/api/bbs/user/updateLikeState?articleId=26,,294,UTF-8,1,0,FOUNDSJJ,0,0
1779177353867,294,HTTP Request,200,,Thread Group 1-281,text,true,,365,437,14,14,http://localhost.com:7010/api/bbs/user/updateLikeState?articleId=26,,294,UTF-8,1,0,FOUNDSJJ,0,0
1779177353943,263,HTTP Request,200,,Thread Group 1-286,text,true,,365,437,14,14,http://localhost.com:7010/api/bbs/user/updateLikeState?articleId=26,,263,UTF-8,1,0,FOUNDSJJ,0,0
1779177353945,261,HTTP Request,200,,Thread Group 1-289,text,true,,365,437,14,14,http://localhost.com:7010/api/bbs/user/updateLikeState?articleId=26,,261,UTF-8,1,0,FOUNDSJJ,0,0
1779177354199,56,HTTP Request,200,,Thread Group 1-292,text,true,,819,270,14,14,http://localhost.com:7010/api/bbs/sso/login,,56,UTF-8,1,0,FOUNDSJJ,0,1
1779177354044,274,HTTP Request,200,,Thread Group 1-287,text,true,,365,437,15,15,http://localhost.com:7010/api/bbs/user/updateLikeState?articleId=26,,274,UTF-8,1,0,FOUNDSJJ,0,0
1779177354019,299,HTTP Request,200,,Thread Group 1-284,text,true,,365,437,15,15,http://localhost.com:7010/api/bbs/user/updateLikeState?articleId=26,,299,UTF-8,1,0,FOUNDSJJ,0,0
1779177354018,300,HTTP Request,200,,Thread Group 1-282,text,true,,365,437,15,15,http://localhost.com:7010/api/bbs/user/updateLikeState?articleId=26,,300,UTF-8,1,0,FOUNDSJJ,0,0
1779177354018,301,HTTP Request,200,,Thread Group 1-279,text,true,,365,437,15,15,http://localhost.com:7010/api/bbs/user/updateLikeState?articleId=26,,300,UTF-8,1,0,FOUNDSJJ,0,0
1779177354071,282,HTTP Request,200,,Thread Group 1-285,text,true,,365,437,14,14,http://localhost.com:7010/api/bbs/user/updateLikeState?articleId=26,,282,UTF-8,1,0,FOUNDSJJ,0,0
1779177354065,288,HTTP Request,200,,Thread Group 1-290,text,true,,365,437,14,14,http://localhost.com:7010/api/bbs/user/updateLikeState?articleId=26,,288,UTF-8,1,0,FOUNDSJJ,0,0
1779177354290,68,HTTP Request,200,,Thread Group 1-293,text,true,,819,270,14,14,http://localhost.com:7010/api/bbs/sso/login,,68,UTF-8,1,0,FOUNDSJJ,0,1
1779177354098,290,HTTP Request,200,,Thread Group 1-280,text,true,,365,437,14,14,http://localhost.com:7010/api/bbs/user/updateLikeState?articleId=26,,290,UTF-8,1,0,FOUNDSJJ,0,0
1779177354134,291,HTTP Request,200,,Thread Group 1-288,text,true,,365,437,14,14,http://localhost.com:7010/api/bbs/user/updateLikeState?articleId=26,,291,UTF-8,1,0,FOUNDSJJ,0,0
1779177354133,292,HTTP Request,200,,Thread Group 1-283,text,true,,365,437,14,14,http://localhost.com:7010/api/bbs/user/updateLikeState?articleId=26,,292,UTF-8,1,0,FOUNDSJJ,0,0
1779177354388,64,HTTP Request,200,,Thread Group 1-294,text,true,,819,270,14,14,http://localhost.com:7010/api/bbs/sso/login,,64,UTF-8,1,0,FOUNDSJJ,0,2
1779177354207,249,HTTP Request,200,,Thread Group 1-289,text,true,,365,437,14,14,http://localhost.com:7010/api/bbs/user/updateLikeState?articleId=26,,249,UTF-8,1,0,FOUNDSJJ,0,0
1779177354207,249,HTTP Request,200,,Thread Group 1-286,text,true,,365,437,14,14,http://localhost.com:7010/api/bbs/user/updateLikeState?articleId=26,,249,UTF-8,1,0,FOUNDSJJ,0,0
1779177354157,299,HTTP Request,200,,Thread Group 1-291,text,true,,365,437,14,14,http://localhost.com:7010/api/bbs/user/updateLikeState?articleId=26,,299,UTF-8,1,0,FOUNDSJJ,0,0
1779177354163,293,HTTP Request,200,,Thread Group 1-281,text,true,,365,437,14,14,http://localhost.com:7010/api/bbs/user/updateLikeState?articleId=26,,293,UTF-8,1,0,FOUNDSJJ,0,0
1779177354257,284,HTTP Request,200,,Thread Group 1-292,text,true,,365,437,14,14,http://localhost.com:7010/api/bbs/user/updateLikeState?articleId=26,,284,UTF-8,1,0,FOUNDSJJ,0,0
1779177354486,55,HTTP Request,200,,Thread Group 1-295,text,true,,819,270,14,14,http://localhost.com:7010/api/bbs/sso/login,,55,UTF-8,1,0,FOUNDSJJ,0,1
1779177354319,256,HTTP Request,200,,Thread Group 1-282,text,true,,365,437,14,14,http://localhost.com:7010/api/bbs/user/updateLikeState?articleId=26,,256,UTF-8,1,0,FOUNDSJJ,0,0
1779177354319,256,HTTP Request,200,,Thread Group 1-284,text,true,,365,437,14,14,http://localhost.com:7010/api/bbs/user/updateLikeState?articleId=26,,256,UTF-8,1,0,FOUNDSJJ,0,0
1779177354319,267,HTTP Request,200,,Thread Group 1-287,text,true,,365,437,13,13,http://localhost.com:7010/api/bbs/user/updateLikeState?articleId=26,,267,UTF-8,1,0,FOUNDSJJ,0,0
1779177354354,252,HTTP Request,200,,Thread Group 1-285,text,true,,365,437,14,14,http://localhost.com:7010/api/bbs/user/updateLikeState?articleId=26,,252,UTF-8,1,0,FOUNDSJJ,0,0
1779177354355,251,HTTP Request,200,,Thread Group 1-290,text,true,,365,437,14,14,http://localhost.com:7010/api/bbs/user/updateLikeState?articleId=26,,251,UTF-8,1,0,FOUNDSJJ,0,0
1779177354359,281,HTTP Request,200,,Thread Group 1-293,text,true,,365,437,14,14,http://localhost.com:7010/api/bbs/user/updateLikeState?articleId=26,,281,UTF-8,1,0,FOUNDSJJ,0,0
1779177354590,62,HTTP Request,200,,Thread Group 1-296,text,true,,819,270,14,14,http://localhost.com:7010/api/bbs/sso/login,,62,UTF-8,1,0,FOUNDSJJ,0,1
1779177354427,241,HTTP Request,200,,Thread Group 1-283,text,true,,365,437,14,14,http://localhost.com:7010/api/bbs/user/updateLikeState?articleId=26,,241,UTF-8,1,0,FOUNDSJJ,0,0
1779177354427,241,HTTP Request,200,,Thread Group 1-288,text,true,,365,437,14,14,http://localhost.com:7010/api/bbs/user/updateLikeState?articleId=26,,241,UTF-8,1,0,FOUNDSJJ,0,0
1779177354453,251,HTTP Request,200,,Thread Group 1-294,text,true,,365,437,14,14,http://localhost.com:7010/api/bbs/user/updateLikeState?articleId=26,,251,UTF-8,1,0,FOUNDSJJ,0,0
1779177354458,247,HTTP Request,200,,Thread Group 1-291,text,true,,365,437,14,14,http://localhost.com:7010/api/bbs/user/updateLikeState?articleId=26,,247,UTF-8,1,0,FOUNDSJJ,0,0
1779177354457,247,HTTP Request,200,,Thread Group 1-286,text,true,,365,437,14,14,http://localhost.com:7010/api/bbs/user/updateLikeState?articleId=26,,247,UTF-8,1,0,FOUNDSJJ,0,0
1779177354686,50,HTTP Request,200,,Thread Group 1-297,text,true,,819,270,14,14,http://localhost.com:7010/api/bbs/sso/login,,50,UTF-8,1,0,FOUNDSJJ,0,1
1779177354457,280,HTTP Request,200,,Thread Group 1-289,text,true,,365,437,14,14,http://localhost.com:7010/api/bbs/user/updateLikeState?articleId=26,,280,UTF-8,1,0,FOUNDSJJ,0,0
1779177354542,247,HTTP Request,200,,Thread Group 1-292,text,true,,365,437,14,14,http://localhost.com:7010/api/bbs/user/updateLikeState?articleId=26,,247,UTF-8,1,0,FOUNDSJJ,0,0
1779177354542,247,HTTP Request,200,,Thread Group 1-295,text,true,,365,437,14,14,http://localhost.com:7010/api/bbs/user/updateLikeState?articleId=26,,247,UTF-8,1,0,FOUNDSJJ,0,0
1779177354587,244,HTTP Request,200,,Thread Group 1-287,text,true,,365,437,15,15,http://localhost.com:7010/api/bbs/user/updateLikeState?articleId=26,,244,UTF-8,1,0,FOUNDSJJ,0,0
1779177354575,257,HTTP Request,200,,Thread Group 1-284,text,true,,365,437,15,15,http://localhost.com:7010/api/bbs/user/updateLikeState?articleId=26,,257,UTF-8,1,0,FOUNDSJJ,0,0
1779177354790,56,HTTP Request,200,,Thread Group 1-298,text,true,,819,270,14,14,http://localhost.com:7010/api/bbs/sso/login,,55,UTF-8,1,0,FOUNDSJJ,0,2
1779177354607,255,HTTP Request,200,,Thread Group 1-290,text,true,,365,437,14,14,http://localhost.com:7010/api/bbs/user/updateLikeState?articleId=26,,254,UTF-8,1,0,FOUNDSJJ,0,0
1779177354607,255,HTTP Request,200,,Thread Group 1-285,text,true,,365,437,14,14,http://localhost.com:7010/api/bbs/user/updateLikeState?articleId=26,,254,UTF-8,1,0,FOUNDSJJ,0,0
1779177354641,248,HTTP Request,200,,Thread Group 1-293,text,true,,365,437,13,13,http://localhost.com:7010/api/bbs/user/updateLikeState?articleId=26,,248,UTF-8,1,0,FOUNDSJJ,0,0
1779177354654,239,HTTP Request,200,,Thread Group 1-296,text,true,,365,437,14,14,http://localhost.com:7010/api/bbs/user/updateLikeState?articleId=26,,239,UTF-8,1,0,FOUNDSJJ,0,0
1779177354668,246,HTTP Request,200,,Thread Group 1-288,text,true,,365,437,14,14,http://localhost.com:7010/api/bbs/user/updateLikeState?articleId=26,,246,UTF-8,1,0,FOUNDSJJ,0,0
1779177354891,51,HTTP Request,200,,Thread Group 1-299,text,true,,819,270,14,14,http://localhost.com:7010/api/bbs/sso/login,,51,UTF-8,1,0,FOUNDSJJ,0,1
1779177354706,236,HTTP Request,200,,Thread Group 1-291,text,true,,365,437,14,14,http://localhost.com:7010/api/bbs/user/updateLikeState?articleId=26,,236,UTF-8,1,0,FOUNDSJJ,0,0
1779177354705,237,HTTP Request,200,,Thread Group 1-294,text,true,,365,437,14,14,http://localhost.com:7010/api/bbs/user/updateLikeState?articleId=26,,237,UTF-8,1,0,FOUNDSJJ,0,0
1779177354706,238,HTTP Request,200,,Thread Group 1-286,text,true,,365,437,14,14,http://localhost.com:7010/api/bbs/user/updateLikeState?articleId=26,,238,UTF-8,1,0,FOUNDSJJ,0,0
1779177354737,234,HTTP Request,200,,Thread Group 1-297,text,true,,365,437,13,13,http://localhost.com:7010/api/bbs/user/updateLikeState?articleId=26,,234,UTF-8,1,0,FOUNDSJJ,0,0
1779177354738,237,HTTP Request,200,,Thread Group 1-289,text,true,,365,437,13,13,http://localhost.com:7010/api/bbs/user/updateLikeState?articleId=26,,237,UTF-8,1,0,FOUNDSJJ,0,0
1779177354790,230,HTTP Request,200,,Thread Group 1-292,text,true,,365,437,14,14,http://localhost.com:7010/api/bbs/user/updateLikeState?articleId=26,,229,UTF-8,1,0,FOUNDSJJ,0,0
1779177354790,230,HTTP Request,200,,Thread Group 1-295,text,true,,365,437,14,14,http://localhost.com:7010/api/bbs/user/updateLikeState?articleId=26,,229,UTF-8,1,0,FOUNDSJJ,0,0
1779177354991,88,HTTP Request,200,,Thread Group 1-300,text,true,,819,270,14,14,http://localhost.com:7010/api/bbs/sso/login,,88,UTF-8,1,0,FOUNDSJJ,0,0
1779177354832,247,HTTP Request,200,,Thread Group 1-287,text,true,,365,437,14,14,http://localhost.com:7010/api/bbs/user/updateLikeState?articleId=26,,247,UTF-8,1,0,FOUNDSJJ,0,0
1779177354846,249,HTTP Request,200,,Thread Group 1-298,text,true,,365,437,14,14,http://localhost.com:7010/api/bbs/user/updateLikeState?articleId=26,,249,UTF-8,1,0,FOUNDSJJ,0,0
1779177354862,259,HTTP Request,200,,Thread Group 1-290,text,true,,365,437,14,14,http://localhost.com:7010/api/bbs/user/updateLikeState?articleId=26,,259,UTF-8,1,0,FOUNDSJJ,0,0
1779177355091,88,HTTP Request,200,,Thread Group 1-301,text,true,,819,270,14,14,http://localhost.com:7010/api/bbs/sso/login,,88,UTF-8,1,0,FOUNDSJJ,0,2
1779177354890,289,HTTP Request,200,,Thread Group 1-293,text,true,,365,437,14,14,http://localhost.com:7010/api/bbs/user/updateLikeState?articleId=26,,289,UTF-8,1,0,FOUNDSJJ,0,0
1779177354894,285,HTTP Request,200,,Thread Group 1-296,text,true,,365,437,14,14,http://localhost.com:7010/api/bbs/user/updateLikeState?articleId=26,,285,UTF-8,1,0,FOUNDSJJ,0,0
1779177354916,291,HTTP Request,200,,Thread Group 1-288,text,true,,365,437,15,15,http://localhost.com:7010/api/bbs/user/updateLikeState?articleId=26,,291,UTF-8,1,0,FOUNDSJJ,0,0
1779177354944,294,HTTP Request,200,,Thread Group 1-294,text,true,,365,437,14,14,http://localhost.com:7010/api/bbs/user/updateLikeState?articleId=26,,294,UTF-8,1,0,FOUNDSJJ,0,0
1779177354943,296,HTTP Request,200,,Thread Group 1-299,text,true,,365,437,14,14,http://localhost.com:7010/api/bbs/user/updateLikeState?articleId=26,,295,UTF-8,1,0,FOUNDSJJ,0,0
1779177354943,299,HTTP Request,200,,Thread Group 1-291,text,true,,365,437,14,14,http://localhost.com:7010/api/bbs/user/updateLikeState?articleId=26,,299,UTF-8,1,0,FOUNDSJJ,0,0
1779177354972,270,HTTP Request,200,,Thread Group 1-297,text,true,,365,437,14,14,http://localhost.com:7010/api/bbs/user/updateLikeState?articleId=26,,270,UTF-8,1,0,FOUNDSJJ,0,0
1779177355193,62,HTTP Request,200,,Thread Group 1-302,text,true,,819,270,14,14,http://localhost.com:7010/api/bbs/sso/login,,62,UTF-8,1,0,FOUNDSJJ,0,2
1779177354977,300,HTTP Request,200,,Thread Group 1-289,text,true,,365,437,14,14,http://localhost.com:7010/api/bbs/user/updateLikeState?articleId=26,,300,UTF-8,1,0,FOUNDSJJ,0,0
1779177355021,283,HTTP Request,200,,Thread Group 1-292,text,true,,365,437,14,14,http://localhost.com:7010/api/bbs/user/updateLikeState?articleId=26,,282,UTF-8,1,0,FOUNDSJJ,0,0
1779177355021,282,HTTP Request,200,,Thread Group 1-295,text,true,,365,437,14,14,http://localhost.com:7010/api/bbs/user/updateLikeState?articleId=26,,282,UTF-8,1,0,FOUNDSJJ,0,0
1779177355286,44,HTTP Request,200,,Thread Group 1-303,text,true,,819,270,14,14,http://localhost.com:7010/api/bbs/sso/login,,44,UTF-8,1,0,FOUNDSJJ,0,1
1779177355081,262,HTTP Request,200,,Thread Group 1-300,text,true,,365,437,14,14,http://localhost.com:7010/api/bbs/user/updateLikeState?articleId=26,,262,UTF-8,1,0,FOUNDSJJ,0,0
1779177355096,278,HTTP Request,200,,Thread Group 1-298,text,true,,365,437,14,14,http://localhost.com:7010/api/bbs/user/updateLikeState?articleId=26,,278,UTF-8,1,0,FOUNDSJJ,0,0
1779177355122,252,HTTP Request,200,,Thread Group 1-290,text,true,,365,437,14,14,http://localhost.com:7010/api/bbs/user/updateLikeState?articleId=26,,252,UTF-8,1,0,FOUNDSJJ,0,0
1779177355181,222,HTTP Request,200,,Thread Group 1-296,text,true,,365,437,14,14,http://localhost.com:7010/api/bbs/user/updateLikeState?articleId=26,,222,UTF-8,1,0,FOUNDSJJ,0,0
1779177355180,223,HTTP Request,200,,Thread Group 1-301,text,true,,365,437,14,14,http://localhost.com:7010/api/bbs/user/updateLikeState?articleId=26,,223,UTF-8,1,0,FOUNDSJJ,0,0
1779177355181,222,HTTP Request,200,,Thread Group 1-293,text,true,,365,437,14,14,http://localhost.com:7010/api/bbs/user/updateLikeState?articleId=26,,222,UTF-8,1,0,FOUNDSJJ,0,0
1779177355391,50,HTTP Request,200,,Thread Group 1-304,text,true,,819,270,14,14,http://localhost.com:7010/api/bbs/sso/login,,50,UTF-8,1,0,FOUNDSJJ,0,2
1779177355240,241,HTTP Request,200,,Thread Group 1-299,text,true,,365,437,14,14,http://localhost.com:7010/api/bbs/user/updateLikeState?articleId=26,,241,UTF-8,1,0,FOUNDSJJ,0,0
1779177355242,239,HTTP Request,200,,Thread Group 1-291,text,true,,365,437,14,14,http://localhost.com:7010/api/bbs/user/updateLikeState?articleId=26,,239,UTF-8,1,0,FOUNDSJJ,0,0
1779177355242,258,HTTP Request,200,,Thread Group 1-297,text,true,,365,437,14,14,http://localhost.com:7010/api/bbs/user/updateLikeState?articleId=26,,258,UTF-8,1,0,FOUNDSJJ,0,0
1779177355239,261,HTTP Request,200,,Thread Group 1-294,text,true,,365,437,14,14,http://localhost.com:7010/api/bbs/user/updateLikeState?articleId=26,,261,UTF-8,1,0,FOUNDSJJ,0,0
1779177355256,244,HTTP Request,200,,Thread Group 1-302,text,true,,365,437,14,14,http://localhost.com:7010/api/bbs/user/updateLikeState?articleId=26,,244,UTF-8,1,0,FOUNDSJJ,0,0
1779177355304,230,HTTP Request,200,,Thread Group 1-292,text,true,,365,437,14,14,http://localhost.com:7010/api/bbs/user/updateLikeState?articleId=26,,230,UTF-8,1,0,FOUNDSJJ,0,0
1779177355304,230,HTTP Request,200,,Thread Group 1-295,text,true,,365,437,14,14,http://localhost.com:7010/api/bbs/user/updateLikeState?articleId=26,,230,UTF-8,1,0,FOUNDSJJ,0,0
1779177355498,50,HTTP Request,200,,Thread Group 1-305,text,true,,819,270,13,13,http://localhost.com:7010/api/bbs/sso/login,,50,UTF-8,1,0,FOUNDSJJ,0,2
1779177355331,236,HTTP Request,200,,Thread Group 1-303,text,true,,365,437,13,13,http://localhost.com:7010/api/bbs/user/updateLikeState?articleId=26,,235,UTF-8,1,0,FOUNDSJJ,0,0
1779177355344,239,HTTP Request,200,,Thread Group 1-300,text,true,,365,437,13,13,http://localhost.com:7010/api/bbs/user/updateLikeState?articleId=26,,239,UTF-8,1,0,FOUNDSJJ,0,0
1779177355374,234,HTTP Request,200,,Thread Group 1-298,text,true,,365,437,14,14,http://localhost.com:7010/api/bbs/user/updateLikeState?articleId=26,,234,UTF-8,1,0,FOUNDSJJ,0,0
1779177355405,239,HTTP Request,200,,Thread Group 1-293,text,true,,365,437,14,14,http://localhost.com:7010/api/bbs/user/updateLikeState?articleId=26,,239,UTF-8,1,0,FOUNDSJJ,0,0
1779177355404,240,HTTP Request,200,,Thread Group 1-296,text,true,,365,437,14,14,http://localhost.com:7010/api/bbs/user/updateLikeState?articleId=26,,240,UTF-8,1,0,FOUNDSJJ,0,0
1779177355405,239,HTTP Request,200,,Thread Group 1-301,text,true,,365,437,14,14,http://localhost.com:7010/api/bbs/user/updateLikeState?articleId=26,,239,UTF-8,1,0,FOUNDSJJ,0,0
1779177355589,81,HTTP Request,200,,Thread Group 1-306,text,true,,819,270,13,13,http://localhost.com:7010/api/bbs/sso/login,,81,UTF-8,1,0,FOUNDSJJ,0,2
1779177355442,256,HTTP Request,200,,Thread Group 1-304,text,true,,365,437,14,14,http://localhost.com:7010/api/bbs/user/updateLikeState?articleId=26,,256,UTF-8,1,0,FOUNDSJJ,0,0
1779177355481,249,HTTP Request,200,,Thread Group 1-299,text,true,,365,437,14,14,http://localhost.com:7010/api/bbs/user/updateLikeState?articleId=26,,249,UTF-8,1,0,FOUNDSJJ,0,0
1779177355686,62,HTTP Request,200,,Thread Group 1-307,text,true,,819,270,14,14,http://localhost.com:7010/api/bbs/sso/login,,62,UTF-8,1,0,FOUNDSJJ,0,1
1779177355521,246,HTTP Request,200,,Thread Group 1-302,text,true,,365,437,14,14,http://localhost.com:7010/api/bbs/user/updateLikeState?articleId=26,,245,UTF-8,1,0,FOUNDSJJ,0,0
1779177355535,256,HTTP Request,200,,Thread Group 1-295,text,true,,365,437,14,14,http://localhost.com:7010/api/bbs/user/updateLikeState?articleId=26,,256,UTF-8,1,0,FOUNDSJJ,0,0
1779177355521,270,HTTP Request,200,,Thread Group 1-297,text,true,,365,437,14,14,http://localhost.com:7010/api/bbs/user/updateLikeState?articleId=26,,270,UTF-8,1,0,FOUNDSJJ,0,0
1779177355521,271,HTTP Request,200,,Thread Group 1-294,text,true,,365,437,15,15,http://localhost.com:7010/api/bbs/user/updateLikeState?articleId=26,,271,UTF-8,1,0,FOUNDSJJ,0,0
1779177355549,242,HTTP Request,200,,Thread Group 1-305,text,true,,365,437,14,14,http://localhost.com:7010/api/bbs/user/updateLikeState?articleId=26,,242,UTF-8,1,0,FOUNDSJJ,0,0
1779177355568,224,HTTP Request,200,,Thread Group 1-303,text,true,,365,437,15,15,http://localhost.com:7010/api/bbs/user/updateLikeState?articleId=26,,224,UTF-8,1,0,FOUNDSJJ,0,0
1779177355584,236,HTTP Request,200,,Thread Group 1-300,text,true,,365,437,13,13,http://localhost.com:7010/api/bbs/user/updateLikeState?articleId=26,,236,UTF-8,1,0,FOUNDSJJ,0,0
1779177355609,230,HTTP Request,200,,Thread Group 1-298,text,true,,365,437,13,13,http://localhost.com:7010/api/bbs/user/updateLikeState?articleId=26,,229,UTF-8,1,0,FOUNDSJJ,0,0
1779177355792,46,HTTP Request,200,,Thread Group 1-308,text,true,,819,270,13,13,http://localhost.com:7010/api/bbs/sso/login,,46,UTF-8,1,0,FOUNDSJJ,0,1
1779177355645,221,HTTP Request,200,,Thread Group 1-296,text,true,,365,437,13,13,http://localhost.com:7010/api/bbs/user/updateLikeState?articleId=26,,221,UTF-8,1,0,FOUNDSJJ,0,0
1779177355645,221,HTTP Request,200,,Thread Group 1-301,text,true,,365,437,13,13,http://localhost.com:7010/api/bbs/user/updateLikeState?articleId=26,,221,UTF-8,1,0,FOUNDSJJ,0,0
1779177355671,227,HTTP Request,200,,Thread Group 1-306,text,true,,365,437,13,13,http://localhost.com:7010/api/bbs/user/updateLikeState?articleId=26,,227,UTF-8,1,0,FOUNDSJJ,0,0
1779177355893,49,HTTP Request,200,,Thread Group 1-309,text,true,,819,270,13,13,http://localhost.com:7010/api/bbs/sso/login,,49,UTF-8,1,0,FOUNDSJJ,0,0
1779177355699,244,HTTP Request,200,,Thread Group 1-304,text,true,,365,437,13,13,http://localhost.com:7010/api/bbs/user/updateLikeState?articleId=26,,244,UTF-8,1,0,FOUNDSJJ,0,0
1779177355749,224,HTTP Request,200,,Thread Group 1-307,text,true,,365,437,13,13,http://localhost.com:7010/api/bbs/user/updateLikeState?articleId=26,,224,UTF-8,1,0,FOUNDSJJ,0,0
1779177355730,252,HTTP Request,200,,Thread Group 1-299,text,true,,365,437,13,13,http://localhost.com:7010/api/bbs/user/updateLikeState?articleId=26,,252,UTF-8,1,0,FOUNDSJJ,0,0
1779177355768,247,HTTP Request,200,,Thread Group 1-302,text,true,,365,437,14,14,http://localhost.com:7010/api/bbs/user/updateLikeState?articleId=26,,247,UTF-8,1,0,FOUNDSJJ,0,0
1779177355793,222,HTTP Request,200,,Thread Group 1-303,text,true,,365,437,14,14,http://localhost.com:7010/api/bbs/user/updateLikeState?articleId=26,,222,UTF-8,1,0,FOUNDSJJ,0,0
1779177355793,222,HTTP Request,200,,Thread Group 1-305,text,true,,365,437,14,14,http://localhost.com:7010/api/bbs/user/updateLikeState?articleId=26,,222,UTF-8,1,0,FOUNDSJJ,0,0
1779177355822,221,HTTP Request,200,,Thread Group 1-300,text,true,,365,437,14,14,http://localhost.com:7010/api/bbs/user/updateLikeState?articleId=26,,221,UTF-8,1,0,FOUNDSJJ,0,0
1779177355998,45,HTTP Request,200,,Thread Group 1-310,text,true,,819,270,14,14,http://localhost.com:7010/api/bbs/sso/login,,44,UTF-8,1,0,FOUNDSJJ,0,1
1779177355792,251,HTTP Request,200,,Thread Group 1-297,text,true,,365,437,14,14,http://localhost.com:7010/api/bbs/user/updateLikeState?articleId=26,,251,UTF-8,1,0,FOUNDSJJ,0,0
1779177355841,340,HTTP Request,200,,Thread Group 1-308,text,true,,365,437,14,14,http://localhost.com:7010/api/bbs/user/updateLikeState?articleId=26,,340,UTF-8,1,0,FOUNDSJJ,0,0
1779177356086,95,HTTP Request,200,,Thread Group 1-311,text,true,,819,270,14,14,http://localhost.com:7010/api/bbs/sso/login,,94,UTF-8,1,0,FOUNDSJJ,0,1
1779177355840,341,HTTP Request,200,,Thread Group 1-298,text,true,,365,437,14,14,http://localhost.com:7010/api/bbs/user/updateLikeState?articleId=26,,341,UTF-8,1,0,FOUNDSJJ,0,0
1779177355868,344,HTTP Request,200,,Thread Group 1-301,text,true,,365,437,14,14,http://localhost.com:7010/api/bbs/user/updateLikeState?articleId=26,,344,UTF-8,1,0,FOUNDSJJ,0,0
1779177355898,350,HTTP Request,200,,Thread Group 1-306,text,true,,365,437,14,14,http://localhost.com:7010/api/bbs/user/updateLikeState?articleId=26,,350,UTF-8,1,0,FOUNDSJJ,0,0
1779177356198,81,HTTP Request,200,,Thread Group 1-312,text,true,,819,270,14,14,http://localhost.com:7010/api/bbs/sso/login,,81,UTF-8,1,0,FOUNDSJJ,0,1
1779177355974,373,HTTP Request,200,,Thread Group 1-307,text,true,,365,437,15,15,http://localhost.com:7010/api/bbs/user/updateLikeState?articleId=26,,373,UTF-8,1,0,FOUNDSJJ,0,0
1779177356291,56,HTTP Request,200,,Thread Group 1-313,text,true,,819,270,15,15,http://localhost.com:7010/api/bbs/sso/login,,56,UTF-8,1,0,FOUNDSJJ,0,1
1779177355943,404,HTTP Request,200,,Thread Group 1-309,text,true,,365,437,15,15,http://localhost.com:7010/api/bbs/user/updateLikeState?articleId=26,,404,UTF-8,1,0,FOUNDSJJ,0,0
1779177355983,365,HTTP Request,200,,Thread Group 1-299,text,true,,365,437,15,15,http://localhost.com:7010/api/bbs/user/updateLikeState?articleId=26,,364,UTF-8,1,0,FOUNDSJJ,0,0
1779177355943,435,HTTP Request,200,,Thread Group 1-304,text,true,,365,437,14,14,http://localhost.com:7010/api/bbs/user/updateLikeState?articleId=26,,435,UTF-8,1,0,FOUNDSJJ,0,0
1779177356044,384,HTTP Request,200,,Thread Group 1-310,text,true,,365,437,15,15,http://localhost.com:7010/api/bbs/user/updateLikeState?articleId=26,,384,UTF-8,1,0,FOUNDSJJ,0,0
1779177356389,46,HTTP Request,200,,Thread Group 1-314,text,true,,819,270,15,15,http://localhost.com:7010/api/bbs/sso/login,,46,UTF-8,1,0,FOUNDSJJ,0,1
1779177356037,405,HTTP Request,200,,Thread Group 1-305,text,true,,365,437,15,15,http://localhost.com:7010/api/bbs/user/updateLikeState?articleId=26,,405,UTF-8,1,0,FOUNDSJJ,0,0
1779177356036,407,HTTP Request,200,,Thread Group 1-303,text,true,,365,437,15,15,http://localhost.com:7010/api/bbs/user/updateLikeState?articleId=26,,407,UTF-8,1,0,FOUNDSJJ,0,0
1779177356044,399,HTTP Request,200,,Thread Group 1-300,text,true,,365,437,15,15,http://localhost.com:7010/api/bbs/user/updateLikeState?articleId=26,,399,UTF-8,1,0,FOUNDSJJ,0,0
1779177356036,407,HTTP Request,200,,Thread Group 1-302,text,true,,365,437,15,15,http://localhost.com:7010/api/bbs/user/updateLikeState?articleId=26,,407,UTF-8,1,0,FOUNDSJJ,0,0
1779177356181,261,HTTP Request,200,,Thread Group 1-311,text,true,,365,437,15,15,http://localhost.com:7010/api/bbs/user/updateLikeState?articleId=26,,261,UTF-8,1,0,FOUNDSJJ,0,0
1779177356181,276,HTTP Request,200,,Thread Group 1-308,text,true,,365,437,14,14,http://localhost.com:7010/api/bbs/user/updateLikeState?articleId=26,,276,UTF-8,1,0,FOUNDSJJ,0,0
1779177356213,282,HTTP Request,200,,Thread Group 1-301,text,true,,365,437,15,15,http://localhost.com:7010/api/bbs/user/updateLikeState?articleId=26,,282,UTF-8,1,0,FOUNDSJJ,0,0
1779177356494,51,HTTP Request,200,,Thread Group 1-315,text,true,,819,270,14,14,http://localhost.com:7010/api/bbs/sso/login,,51,UTF-8,1,0,FOUNDSJJ,0,1
1779177356249,278,HTTP Request,200,,Thread Group 1-306,text,true,,365,437,14,14,http://localhost.com:7010/api/bbs/user/updateLikeState?articleId=26,,278,UTF-8,1,0,FOUNDSJJ,0,0
1779177356281,276,HTTP Request,200,,Thread Group 1-312,text,true,,365,437,14,14,http://localhost.com:7010/api/bbs/user/updateLikeState?articleId=26,,276,UTF-8,1,0,FOUNDSJJ,0,0
1779177356348,243,HTTP Request,200,,Thread Group 1-313,text,true,,365,437,15,15,http://localhost.com:7010/api/bbs/user/updateLikeState?articleId=26,,242,UTF-8,1,0,FOUNDSJJ,0,0
1779177356348,261,HTTP Request,200,,Thread Group 1-307,text,true,,365,437,15,15,http://localhost.com:7010/api/bbs/user/updateLikeState?articleId=26,,261,UTF-8,1,0,FOUNDSJJ,0,0
1779177356348,261,HTTP Request,200,,Thread Group 1-309,text,true,,365,437,15,15,http://localhost.com:7010/api/bbs/user/updateLikeState?articleId=26,,261,UTF-8,1,0,FOUNDSJJ,0,0
1779177356591,51,HTTP Request,200,,Thread Group 1-316,text,true,,819,270,15,15,http://localhost.com:7010/api/bbs/sso/login,,51,UTF-8,1,0,FOUNDSJJ,0,1
1779177356379,263,HTTP Request,200,,Thread Group 1-304,text,true,,365,437,15,15,http://localhost.com:7010/api/bbs/user/updateLikeState?articleId=26,,263,UTF-8,1,0,FOUNDSJJ,0,0
1779177356430,244,HTTP Request,200,,Thread Group 1-310,text,true,,365,437,15,15,http://localhost.com:7010/api/bbs/user/updateLikeState?articleId=26,,244,UTF-8,1,0,FOUNDSJJ,0,0
1779177356437,243,HTTP Request,200,,Thread Group 1-314,text,true,,365,437,15,15,http://localhost.com:7010/api/bbs/user/updateLikeState?articleId=26,,243,UTF-8,1,0,FOUNDSJJ,0,0
1779177356443,296,HTTP Request,200,,Thread Group 1-305,text,true,,365,437,16,16,http://localhost.com:7010/api/bbs/user/updateLikeState?articleId=26,,296,UTF-8,1,0,FOUNDSJJ,0,0
1779177356444,295,HTTP Request,200,,Thread Group 1-302,text,true,,365,437,16,16,http://localhost.com:7010/api/bbs/user/updateLikeState?articleId=26,,295,UTF-8,1,0,FOUNDSJJ,0,0
1779177356444,295,HTTP Request,200,,Thread Group 1-311,text,true,,365,437,16,16,http://localhost.com:7010/api/bbs/user/updateLikeState?articleId=26,,295,UTF-8,1,0,FOUNDSJJ,0,0
1779177356691,48,HTTP Request,200,,Thread Group 1-317,text,true,,819,270,16,16,http://localhost.com:7010/api/bbs/sso/login,,48,UTF-8,1,0,FOUNDSJJ,0,2
1779177356458,309,HTTP Request,200,,Thread Group 1-308,text,true,,365,437,15,15,http://localhost.com:7010/api/bbs/user/updateLikeState?articleId=26,,309,UTF-8,1,0,FOUNDSJJ,0,0
1779177356443,324,HTTP Request,200,,Thread Group 1-303,text,true,,365,437,15,15,http://localhost.com:7010/api/bbs/user/updateLikeState?articleId=26,,324,UTF-8,1,0,FOUNDSJJ,0,0
1779177356558,274,HTTP Request,200,,Thread Group 1-312,text,true,,365,437,15,15,http://localhost.com:7010/api/bbs/user/updateLikeState?articleId=26,,274,UTF-8,1,0,FOUNDSJJ,0,0
1779177356556,276,HTTP Request,200,,Thread Group 1-306,text,true,,365,437,15,15,http://localhost.com:7010/api/bbs/user/updateLikeState?articleId=26,,276,UTF-8,1,0,FOUNDSJJ,0,0
1779177356591,241,HTTP Request,200,,Thread Group 1-313,text,true,,365,437,15,15,http://localhost.com:7010/api/bbs/user/updateLikeState?articleId=26,,241,UTF-8,1,0,FOUNDSJJ,0,0
1779177356793,58,HTTP Request,200,,Thread Group 1-318,text,true,,819,270,15,15,http://localhost.com:7010/api/bbs/sso/login,,58,UTF-8,1,0,FOUNDSJJ,0,1
1779177356610,248,HTTP Request,200,,Thread Group 1-309,text,true,,365,437,15,15,http://localhost.com:7010/api/bbs/user/updateLikeState?articleId=26,,248,UTF-8,1,0,FOUNDSJJ,0,0
1779177356610,248,HTTP Request,200,,Thread Group 1-307,text,true,,365,437,15,15,http://localhost.com:7010/api/bbs/user/updateLikeState?articleId=26,,248,UTF-8,1,0,FOUNDSJJ,0,0
1779177356556,304,HTTP Request,200,,Thread Group 1-315,text,true,,365,437,15,15,http://localhost.com:7010/api/bbs/user/updateLikeState?articleId=26,,304,UTF-8,1,0,FOUNDSJJ,0,0
1779177356643,263,HTTP Request,200,,Thread Group 1-316,text,true,,365,437,16,16,http://localhost.com:7010/api/bbs/user/updateLikeState?articleId=26,,263,UTF-8,1,0,FOUNDSJJ,0,0
1779177356643,263,HTTP Request,200,,Thread Group 1-304,text,true,,365,437,16,16,http://localhost.com:7010/api/bbs/user/updateLikeState?articleId=26,,263,UTF-8,1,0,FOUNDSJJ,0,0
1779177356676,260,HTTP Request,200,,Thread Group 1-310,text,true,,365,437,15,15,http://localhost.com:7010/api/bbs/user/updateLikeState?articleId=26,,260,UTF-8,1,0,FOUNDSJJ,0,0
1779177356681,279,HTTP Request,200,,Thread Group 1-314,text,true,,365,437,15,15,http://localhost.com:7010/api/bbs/user/updateLikeState?articleId=26,,278,UTF-8,1,0,FOUNDSJJ,0,0
1779177356891,77,HTTP Request,200,,Thread Group 1-319,text,true,,819,270,15,15,http://localhost.com:7010/api/bbs/sso/login,,76,UTF-8,1,0,FOUNDSJJ,0,1
1779177356741,227,HTTP Request,200,,Thread Group 1-311,text,true,,365,437,15,15,http://localhost.com:7010/api/bbs/user/updateLikeState?articleId=26,,227,UTF-8,1,0,FOUNDSJJ,0,0
1779177356742,259,HTTP Request,200,,Thread Group 1-317,text,true,,365,437,16,16,http://localhost.com:7010/api/bbs/user/updateLikeState?articleId=26,,259,UTF-8,1,0,FOUNDSJJ,0,0
1779177356741,260,HTTP Request,200,,Thread Group 1-305,text,true,,365,437,16,16,http://localhost.com:7010/api/bbs/user/updateLikeState?articleId=26,,260,UTF-8,1,0,FOUNDSJJ,0,0
1779177356767,242,HTTP Request,200,,Thread Group 1-308,text,true,,365,437,15,15,http://localhost.com:7010/api/bbs/user/updateLikeState?articleId=26,,242,UTF-8,1,0,FOUNDSJJ,0,0
1779177356991,56,HTTP Request,200,,Thread Group 1-320,text,true,,819,270,15,15,http://localhost.com:7010/api/bbs/sso/login,,56,UTF-8,1,0,FOUNDSJJ,0,0
1779177356834,340,HTTP Request,200,,Thread Group 1-313,text,true,,365,437,16,16,http://localhost.com:7010/api/bbs/user/updateLikeState?articleId=26,,340,UTF-8,1,0,FOUNDSJJ,0,0
1779177356833,341,HTTP Request,200,,Thread Group 1-306,text,true,,365,437,16,16,http://localhost.com:7010/api/bbs/user/updateLikeState?articleId=26,,341,UTF-8,1,0,FOUNDSJJ,0,0
1779177356859,315,HTTP Request,200,,Thread Group 1-309,text,true,,365,437,16,16,http://localhost.com:7010/api/bbs/user/updateLikeState?articleId=26,,315,UTF-8,1,0,FOUNDSJJ,0,0
1779177356833,341,HTTP Request,200,,Thread Group 1-312,text,true,,365,437,16,16,http://localhost.com:7010/api/bbs/user/updateLikeState?articleId=26,,341,UTF-8,1,0,FOUNDSJJ,0,0
1779177357098,76,HTTP Request,200,,Thread Group 1-321,text,true,,819,270,16,16,http://localhost.com:7010/api/bbs/sso/login,,75,UTF-8,1,0,FOUNDSJJ,0,1
1779177356859,343,HTTP Request,200,,Thread Group 1-307,text,true,,365,437,16,16,http://localhost.com:7010/api/bbs/user/updateLikeState?articleId=26,,343,UTF-8,1,0,FOUNDSJJ,0,0
1779177356853,350,HTTP Request,200,,Thread Group 1-318,text,true,,365,437,16,16,http://localhost.com:7010/api/bbs/user/updateLikeState?articleId=26,,350,UTF-8,1,0,FOUNDSJJ,0,0
1779177356860,343,HTTP Request,200,,Thread Group 1-315,text,true,,365,437,15,15,http://localhost.com:7010/api/bbs/user/updateLikeState?articleId=26,,343,UTF-8,1,0,FOUNDSJJ,0,0
1779177356936,311,HTTP Request,200,,Thread Group 1-310,text,true,,365,437,15,15,http://localhost.com:7010/api/bbs/user/updateLikeState?articleId=26,,311,UTF-8,1,0,FOUNDSJJ,0,0
1779177357191,56,HTTP Request,200,,Thread Group 1-322,text,true,,819,270,15,15,http://localhost.com:7010/api/bbs/sso/login,,56,UTF-8,1,0,FOUNDSJJ,0,0
1779177356907,340,HTTP Request,200,,Thread Group 1-316,text,true,,365,437,15,15,http://localhost.com:7010/api/bbs/user/updateLikeState?articleId=26,,340,UTF-8,1,0,FOUNDSJJ,0,0
1779177356961,298,HTTP Request,200,,Thread Group 1-314,text,true,,365,437,15,15,http://localhost.com:7010/api/bbs/user/updateLikeState?articleId=26,,298,UTF-8,1,0,FOUNDSJJ,0,0
1779177356968,291,HTTP Request,200,,Thread Group 1-311,text,true,,365,437,15,15,http://localhost.com:7010/api/bbs/user/updateLikeState?articleId=26,,291,UTF-8,1,0,FOUNDSJJ,0,0
1779177356968,332,HTTP Request,200,,Thread Group 1-319,text,true,,365,437,16,16,http://localhost.com:7010/api/bbs/user/updateLikeState?articleId=26,,332,UTF-8,1,0,FOUNDSJJ,0,0
1779177357002,395,HTTP Request,200,,Thread Group 1-317,text,true,,365,437,17,17,http://localhost.com:7010/api/bbs/user/updateLikeState?articleId=26,,395,UTF-8,1,0,FOUNDSJJ,0,0
1779177357290,107,HTTP Request,200,,Thread Group 1-323,text,true,,819,270,17,17,http://localhost.com:7010/api/bbs/sso/login,,107,UTF-8,1,0,FOUNDSJJ,0,1
1779177357010,387,HTTP Request,200,,Thread Group 1-308,text,true,,365,437,17,17,http://localhost.com:7010/api/bbs/user/updateLikeState?articleId=26,,387,UTF-8,1,0,FOUNDSJJ,0,0
1779177357048,383,HTTP Request,200,,Thread Group 1-320,text,true,,365,437,16,16,http://localhost.com:7010/api/bbs/user/updateLikeState?articleId=26,,383,UTF-8,1,0,FOUNDSJJ,0,0
1779177357395,93,HTTP Request,200,,Thread Group 1-324,text,true,,819,270,16,16,http://localhost.com:7010/api/bbs/sso/login,,93,UTF-8,1,0,FOUNDSJJ,0,1
1779177357175,344,HTTP Request,200,,Thread Group 1-321,text,true,,365,437,17,17,http://localhost.com:7010/api/bbs/user/updateLikeState?articleId=26,,344,UTF-8,1,0,FOUNDSJJ,0,0
1779177357175,345,HTTP Request,200,,Thread Group 1-313,text,true,,365,437,17,17,http://localhost.com:7010/api/bbs/user/updateLikeState?articleId=26,,345,UTF-8,1,0,FOUNDSJJ,0,0
1779177357175,344,HTTP Request,200,,Thread Group 1-309,text,true,,365,437,17,17,http://localhost.com:7010/api/bbs/user/updateLikeState?articleId=26,,344,UTF-8,1,0,FOUNDSJJ,0,0
1779177357203,323,HTTP Request,200,,Thread Group 1-318,text,true,,365,437,16,16,http://localhost.com:7010/api/bbs/user/updateLikeState?articleId=26,,323,UTF-8,1,0,FOUNDSJJ,0,0
1779177357204,352,HTTP Request,200,,Thread Group 1-315,text,true,,365,437,16,16,http://localhost.com:7010/api/bbs/user/updateLikeState?articleId=26,,352,UTF-8,1,0,FOUNDSJJ,0,0
1779177357489,54,HTTP Request,200,,Thread Group 1-325,text,true,,819,270,16,16,http://localhost.com:7010/api/bbs/sso/login,,54,UTF-8,1,0,FOUNDSJJ,0,1
1779177357175,381,HTTP Request,200,,Thread Group 1-312,text,true,,365,437,16,16,http://localhost.com:7010/api/bbs/user/updateLikeState?articleId=26,,381,UTF-8,1,0,FOUNDSJJ,0,0
1779177357260,369,HTTP Request,200,,Thread Group 1-314,text,true,,365,437,17,17,http://localhost.com:7010/api/bbs/user/updateLikeState?articleId=26,,369,UTF-8,1,0,FOUNDSJJ,0,0
1779177357248,381,HTTP Request,200,,Thread Group 1-322,text,true,,365,437,17,17,http://localhost.com:7010/api/bbs/user/updateLikeState?articleId=26,,381,UTF-8,1,0,FOUNDSJJ,0,0
1779177357261,368,HTTP Request,200,,Thread Group 1-311,text,true,,365,437,17,17,http://localhost.com:7010/api/bbs/user/updateLikeState?articleId=26,,368,UTF-8,1,0,FOUNDSJJ,0,0
1779177357248,381,HTTP Request,200,,Thread Group 1-310,text,true,,365,437,17,17,http://localhost.com:7010/api/bbs/user/updateLikeState?articleId=26,,381,UTF-8,1,0,FOUNDSJJ,0,0
1779177357249,380,HTTP Request,200,,Thread Group 1-316,text,true,,365,437,17,17,http://localhost.com:7010/api/bbs/user/updateLikeState?articleId=26,,380,UTF-8,1,0,FOUNDSJJ,0,0
1779177357590,69,HTTP Request,200,,Thread Group 1-326,text,true,,819,270,15,15,http://localhost.com:7010/api/bbs/sso/login,,69,UTF-8,1,0,FOUNDSJJ,0,1
1779177357301,367,HTTP Request,200,,Thread Group 1-319,text,true,,365,437,15,15,http://localhost.com:7010/api/bbs/user/updateLikeState?articleId=26,,367,UTF-8,1,0,FOUNDSJJ,0,0
1779177357398,271,HTTP Request,200,,Thread Group 1-317,text,true,,365,437,15,15,http://localhost.com:7010/api/bbs/user/updateLikeState?articleId=26,,271,UTF-8,1,0,FOUNDSJJ,0,0
1779177357398,300,HTTP Request,200,,Thread Group 1-323,text,true,,365,437,16,16,http://localhost.com:7010/api/bbs/user/updateLikeState?articleId=26,,300,UTF-8,1,0,FOUNDSJJ,0,0
1779177357432,300,HTTP Request,200,,Thread Group 1-320,text,true,,365,437,16,16,http://localhost.com:7010/api/bbs/user/updateLikeState?articleId=26,,300,UTF-8,1,0,FOUNDSJJ,0,0
1779177357690,45,HTTP Request,200,,Thread Group 1-327,text,true,,819,270,16,16,http://localhost.com:7010/api/bbs/sso/login,,45,UTF-8,1,0,FOUNDSJJ,0,1
1779177357489,255,HTTP Request,200,,Thread Group 1-324,text,true,,365,437,16,16,http://localhost.com:7010/api/bbs/user/updateLikeState?articleId=26,,255,UTF-8,1,0,FOUNDSJJ,0,0
1779177357527,254,HTTP Request,200,,Thread Group 1-318,text,true,,365,437,16,16,http://localhost.com:7010/api/bbs/user/updateLikeState?articleId=26,,254,UTF-8,1,0,FOUNDSJJ,0,0
1779177357568,253,HTTP Request,200,,Thread Group 1-312,text,true,,365,437,17,17,http://localhost.com:7010/api/bbs/user/updateLikeState?articleId=26,,253,UTF-8,1,0,FOUNDSJJ,0,0
1779177357520,301,HTTP Request,200,,Thread Group 1-321,text,true,,365,437,17,17,http://localhost.com:7010/api/bbs/user/updateLikeState?articleId=26,,301,UTF-8,1,0,FOUNDSJJ,0,0
1779177357521,300,HTTP Request,200,,Thread Group 1-313,text,true,,365,437,17,17,http://localhost.com:7010/api/bbs/user/updateLikeState?articleId=26,,300,UTF-8,1,0,FOUNDSJJ,0,0
1779177357568,264,HTTP Request,200,,Thread Group 1-315,text,true,,365,437,15,15,http://localhost.com:7010/api/bbs/user/updateLikeState?articleId=26,,264,UTF-8,1,0,FOUNDSJJ,0,0
1779177357790,53,HTTP Request,200,,Thread Group 1-328,text,true,,819,270,15,15,http://localhost.com:7010/api/bbs/sso/login,,53,UTF-8,1,0,FOUNDSJJ,0,0
1779177357568,289,HTTP Request,200,,Thread Group 1-325,text,true,,365,437,15,15,http://localhost.com:7010/api/bbs/user/updateLikeState?articleId=26,,289,UTF-8,1,0,FOUNDSJJ,0,0
1779177357669,260,HTTP Request,200,,Thread Group 1-319,text,true,,365,437,16,16,http://localhost.com:7010/api/bbs/user/updateLikeState?articleId=26,,260,UTF-8,1,0,FOUNDSJJ,0,0
1779177357630,300,HTTP Request,200,,Thread Group 1-314,text,true,,365,437,16,16,http://localhost.com:7010/api/bbs/user/updateLikeState?articleId=26,,300,UTF-8,1,0,FOUNDSJJ,0,0
1779177357630,299,HTTP Request,200,,Thread Group 1-322,text,true,,365,437,16,16,http://localhost.com:7010/api/bbs/user/updateLikeState?articleId=26,,299,UTF-8,1,0,FOUNDSJJ,0,0
1779177357631,299,HTTP Request,200,,Thread Group 1-316,text,true,,365,437,16,16,http://localhost.com:7010/api/bbs/user/updateLikeState?articleId=26,,299,UTF-8,1,0,FOUNDSJJ,0,0
1779177357661,268,HTTP Request,200,,Thread Group 1-326,text,true,,365,437,16,16,http://localhost.com:7010/api/bbs/user/updateLikeState?articleId=26,,268,UTF-8,1,0,FOUNDSJJ,0,0
1779177357669,336,HTTP Request,200,,Thread Group 1-317,text,true,,365,437,16,16,http://localhost.com:7010/api/bbs/user/updateLikeState?articleId=26,,336,UTF-8,1,0,FOUNDSJJ,0,0
1779177357889,116,HTTP Request,200,,Thread Group 1-329,text,true,,819,270,16,16,http://localhost.com:7010/api/bbs/sso/login,,116,UTF-8,1,0,FOUNDSJJ,0,1
1779177357699,306,HTTP Request,200,,Thread Group 1-323,text,true,,365,437,16,16,http://localhost.com:7010/api/bbs/user/updateLikeState?articleId=26,,306,UTF-8,1,0,FOUNDSJJ,0,0
1779177357989,58,HTTP Request,200,,Thread Group 1-330,text,true,,819,270,16,16,http://localhost.com:7010/api/bbs/sso/login,,58,UTF-8,1,0,FOUNDSJJ,0,2
1779177357733,311,HTTP Request,200,,Thread Group 1-320,text,true,,365,437,16,16,http://localhost.com:7010/api/bbs/user/updateLikeState?articleId=26,,311,UTF-8,1,0,FOUNDSJJ,0,0
1779177357736,308,HTTP Request,200,,Thread Group 1-327,text,true,,365,437,16,16,http://localhost.com:7010/api/bbs/user/updateLikeState?articleId=26,,308,UTF-8,1,0,FOUNDSJJ,0,0
1779177357745,327,HTTP Request,200,,Thread Group 1-324,text,true,,365,437,16,16,http://localhost.com:7010/api/bbs/user/updateLikeState?articleId=26,,327,UTF-8,1,0,FOUNDSJJ,0,0
1779177357782,291,HTTP Request,200,,Thread Group 1-318,text,true,,365,437,16,16,http://localhost.com:7010/api/bbs/user/updateLikeState?articleId=26,,291,UTF-8,1,0,FOUNDSJJ,0,0
1779177357833,334,HTTP Request,200,,Thread Group 1-315,text,true,,365,437,17,17,http://localhost.com:7010/api/bbs/user/updateLikeState?articleId=26,,334,UTF-8,1,0,FOUNDSJJ,0,0
1779177357822,345,HTTP Request,200,,Thread Group 1-321,text,true,,365,437,17,17,http://localhost.com:7010/api/bbs/user/updateLikeState?articleId=26,,345,UTF-8,1,0,FOUNDSJJ,0,0
1779177357843,375,HTTP Request,200,,Thread Group 1-328,text,true,,365,437,17,17,http://localhost.com:7010/api/bbs/user/updateLikeState?articleId=26,,375,UTF-8,1,0,FOUNDSJJ,0,0
1779177357857,361,HTTP Request,200,,Thread Group 1-325,text,true,,365,437,17,17,http://localhost.com:7010/api/bbs/user/updateLikeState?articleId=26,,361,UTF-8,1,0,FOUNDSJJ,0,0
1779177358086,132,HTTP Request,200,,Thread Group 1-331,text,true,,819,270,17,17,http://localhost.com:7010/api/bbs/sso/login,,131,UTF-8,1,0,FOUNDSJJ,0,1
1779177358188,87,HTTP Request,200,,Thread Group 1-332,text,true,,819,270,17,17,http://localhost.com:7010/api/bbs/sso/login,,87,UTF-8,1,0,FOUNDSJJ,0,1
1779177357931,398,HTTP Request,200,,Thread Group 1-322,text,true,,365,437,18,18,http://localhost.com:7010/api/bbs/user/updateLikeState?articleId=26,,398,UTF-8,1,0,FOUNDSJJ,0,0
1779177357931,398,HTTP Request,200,,Thread Group 1-319,text,true,,365,437,18,18,http://localhost.com:7010/api/bbs/user/updateLikeState?articleId=26,,398,UTF-8,1,0,FOUNDSJJ,0,0
1779177358007,324,HTTP Request,200,,Thread Group 1-323,text,true,,365,437,18,18,http://localhost.com:7010/api/bbs/user/updateLikeState?articleId=26,,324,UTF-8,1,0,FOUNDSJJ,0,0
1779177357931,409,HTTP Request,200,,Thread Group 1-316,text,true,,365,437,18,18,http://localhost.com:7010/api/bbs/user/updateLikeState?articleId=26,,409,UTF-8,1,0,FOUNDSJJ,0,0
1779177357931,413,HTTP Request,200,,Thread Group 1-326,text,true,,365,437,17,17,http://localhost.com:7010/api/bbs/user/updateLikeState?articleId=26,,413,UTF-8,1,0,FOUNDSJJ,0,0
1779177358303,71,HTTP Request,200,,Thread Group 1-333,text,true,,819,270,17,17,http://localhost.com:7010/api/bbs/sso/login,,71,UTF-8,1,0,FOUNDSJJ,0,1
1779177358049,326,HTTP Request,200,,Thread Group 1-320,text,true,,365,437,17,17,http://localhost.com:7010/api/bbs/user/updateLikeState?articleId=26,,326,UTF-8,1,0,FOUNDSJJ,0,0
1779177358007,368,HTTP Request,200,,Thread Group 1-317,text,true,,365,437,17,17,http://localhost.com:7010/api/bbs/user/updateLikeState?articleId=26,,368,UTF-8,1,0,FOUNDSJJ,0,0
1779177358049,326,HTTP Request,200,,Thread Group 1-327,text,true,,365,437,17,17,http://localhost.com:7010/api/bbs/user/updateLikeState?articleId=26,,326,UTF-8,1,0,FOUNDSJJ,0,0
1779177358007,368,HTTP Request,200,,Thread Group 1-329,text,true,,365,437,17,17,http://localhost.com:7010/api/bbs/user/updateLikeState?articleId=26,,368,UTF-8,1,0,FOUNDSJJ,0,0
1779177358049,326,HTTP Request,200,,Thread Group 1-330,text,true,,365,437,17,17,http://localhost.com:7010/api/bbs/user/updateLikeState?articleId=26,,326,UTF-8,1,0,FOUNDSJJ,0,0
1779177358073,328,HTTP Request,200,,Thread Group 1-324,text,true,,365,437,17,17,http://localhost.com:7010/api/bbs/user/updateLikeState?articleId=26,,328,UTF-8,1,0,FOUNDSJJ,0,0
1779177358073,328,HTTP Request,200,,Thread Group 1-318,text,true,,365,437,17,17,http://localhost.com:7010/api/bbs/user/updateLikeState?articleId=26,,328,UTF-8,1,0,FOUNDSJJ,0,0
1779177358167,267,HTTP Request,200,,Thread Group 1-321,text,true,,365,437,16,16,http://localhost.com:7010/api/bbs/user/updateLikeState?articleId=26,,267,UTF-8,1,0,FOUNDSJJ,0,0
1779177358389,68,HTTP Request,200,,Thread Group 1-334,text,true,,819,270,16,16,http://localhost.com:7010/api/bbs/sso/login,,68,UTF-8,1,0,FOUNDSJJ,0,2
1779177358218,245,HTTP Request,200,,Thread Group 1-328,text,true,,365,437,16,16,http://localhost.com:7010/api/bbs/user/updateLikeState?articleId=26,,245,UTF-8,1,0,FOUNDSJJ,0,0
1779177358219,250,HTTP Request,200,,Thread Group 1-325,text,true,,365,437,16,16,http://localhost.com:7010/api/bbs/user/updateLikeState?articleId=26,,250,UTF-8,1,0,FOUNDSJJ,0,0
1779177358219,339,HTTP Request,200,,Thread Group 1-331,text,true,,365,437,17,17,http://localhost.com:7010/api/bbs/user/updateLikeState?articleId=26,,339,UTF-8,1,0,FOUNDSJJ,0,0
1779177358276,302,HTTP Request,200,,Thread Group 1-332,text,true,,365,437,17,17,http://localhost.com:7010/api/bbs/user/updateLikeState?articleId=26,,302,UTF-8,1,0,FOUNDSJJ,0,0
1779177358489,89,HTTP Request,200,,Thread Group 1-335,text,true,,819,270,17,17,http://localhost.com:7010/api/bbs/sso/login,,89,UTF-8,1,0,FOUNDSJJ,0,1
1779177358330,287,HTTP Request,200,,Thread Group 1-322,text,true,,365,437,18,18,http://localhost.com:7010/api/bbs/user/updateLikeState?articleId=26,,287,UTF-8,1,0,FOUNDSJJ,0,0
1779177358330,366,HTTP Request,200,,Thread Group 1-319,text,true,,365,437,19,19,http://localhost.com:7010/api/bbs/user/updateLikeState?articleId=26,,366,UTF-8,1,0,FOUNDSJJ,0,0
1779177358598,99,HTTP Request,200,,Thread Group 1-336,text,true,,819,270,19,19,http://localhost.com:7010/api/bbs/sso/login,,98,UTF-8,1,0,FOUNDSJJ,0,1
1779177358344,353,HTTP Request,200,,Thread Group 1-326,text,true,,365,437,18,18,http://localhost.com:7010/api/bbs/user/updateLikeState?articleId=26,,353,UTF-8,1,0,FOUNDSJJ,0,0
1779177358332,365,HTTP Request,200,,Thread Group 1-323,text,true,,365,437,18,18,http://localhost.com:7010/api/bbs/user/updateLikeState?articleId=26,,365,UTF-8,1,0,FOUNDSJJ,0,0
1779177358376,348,HTTP Request,200,,Thread Group 1-320,text,true,,365,437,18,18,http://localhost.com:7010/api/bbs/user/updateLikeState?articleId=26,,348,UTF-8,1,0,FOUNDSJJ,0,0
1779177358376,348,HTTP Request,200,,Thread Group 1-330,text,true,,365,437,18,18,http://localhost.com:7010/api/bbs/user/updateLikeState?articleId=26,,348,UTF-8,1,0,FOUNDSJJ,0,0
1779177358687,65,HTTP Request,200,,Thread Group 1-337,text,true,,819,270,17,17,http://localhost.com:7010/api/bbs/sso/login,,65,UTF-8,1,0,FOUNDSJJ,0,0
1779177358376,376,HTTP Request,200,,Thread Group 1-333,text,true,,365,437,17,17,http://localhost.com:7010/api/bbs/user/updateLikeState?articleId=26,,376,UTF-8,1,0,FOUNDSJJ,0,0
1779177358376,402,HTTP Request,200,,Thread Group 1-329,text,true,,365,437,17,17,http://localhost.com:7010/api/bbs/user/updateLikeState?articleId=26,,402,UTF-8,1,0,FOUNDSJJ,0,0
1779177358376,402,HTTP Request,200,,Thread Group 1-327,text,true,,365,437,17,17,http://localhost.com:7010/api/bbs/user/updateLikeState?articleId=26,,402,UTF-8,1,0,FOUNDSJJ,0,0
1779177358402,381,HTTP Request,200,,Thread Group 1-324,text,true,,365,437,17,17,http://localhost.com:7010/api/bbs/user/updateLikeState?articleId=26,,381,UTF-8,1,0,FOUNDSJJ,0,0
1779177358434,381,HTTP Request,200,,Thread Group 1-321,text,true,,365,437,18,18,http://localhost.com:7010/api/bbs/user/updateLikeState?articleId=26,,381,UTF-8,1,0,FOUNDSJJ,0,0
1779177358785,86,HTTP Request,200,,Thread Group 1-338,text,true,,819,270,17,17,http://localhost.com:7010/api/bbs/sso/login,,86,UTF-8,1,0,FOUNDSJJ,0,1
1779177358470,401,HTTP Request,200,,Thread Group 1-325,text,true,,365,437,17,17,http://localhost.com:7010/api/bbs/user/updateLikeState?articleId=26,,401,UTF-8,1,0,FOUNDSJJ,0,0
1779177358464,408,HTTP Request,200,,Thread Group 1-328,text,true,,365,437,17,17,http://localhost.com:7010/api/bbs/user/updateLikeState?articleId=26,,407,UTF-8,1,0,FOUNDSJJ,0,0
1779177358457,415,HTTP Request,200,,Thread Group 1-334,text,true,,365,437,17,17,http://localhost.com:7010/api/bbs/user/updateLikeState?articleId=26,,415,UTF-8,1,0,FOUNDSJJ,0,0
1779177358559,367,HTTP Request,200,,Thread Group 1-331,text,true,,365,437,18,18,http://localhost.com:7010/api/bbs/user/updateLikeState?articleId=26,,367,UTF-8,1,0,FOUNDSJJ,0,0
1779177358579,347,HTTP Request,200,,Thread Group 1-335,text,true,,365,437,18,18,http://localhost.com:7010/api/bbs/user/updateLikeState?articleId=26,,347,UTF-8,1,0,FOUNDSJJ,0,0
1779177358887,90,HTTP Request,200,,Thread Group 1-339,text,true,,819,270,18,18,http://localhost.com:7010/api/bbs/sso/login,,90,UTF-8,1,0,FOUNDSJJ,0,1
1779177358579,399,HTTP Request,200,,Thread Group 1-332,text,true,,365,437,18,18,http://localhost.com:7010/api/bbs/user/updateLikeState?articleId=26,,399,UTF-8,1,0,FOUNDSJJ,0,0
1779177358618,399,HTTP Request,200,,Thread Group 1-322,text,true,,365,437,19,19,http://localhost.com:7010/api/bbs/user/updateLikeState?articleId=26,,399,UTF-8,1,0,FOUNDSJJ,0,0
1779177358698,382,HTTP Request,200,,Thread Group 1-323,text,true,,365,437,18,18,http://localhost.com:7010/api/bbs/user/updateLikeState?articleId=26,,382,UTF-8,1,0,FOUNDSJJ,0,0
1779177358988,92,HTTP Request,200,,Thread Group 1-340,text,true,,819,270,18,18,http://localhost.com:7010/api/bbs/sso/login,,92,UTF-8,1,0,FOUNDSJJ,0,1
1779177358698,382,HTTP Request,200,,Thread Group 1-336,text,true,,365,437,18,18,http://localhost.com:7010/api/bbs/user/updateLikeState?articleId=26,,382,UTF-8,1,0,FOUNDSJJ,0,0
1779177358698,382,HTTP Request,200,,Thread Group 1-326,text,true,,365,437,18,18,http://localhost.com:7010/api/bbs/user/updateLikeState?articleId=26,,382,UTF-8,1,0,FOUNDSJJ,0,0
1779177358779,387,HTTP Request,200,,Thread Group 1-327,text,true,,365,437,18,18,http://localhost.com:7010/api/bbs/user/updateLikeState?articleId=26,,387,UTF-8,1,0,FOUNDSJJ,0,0
1779177358778,388,HTTP Request,200,,Thread Group 1-329,text,true,,365,437,18,18,http://localhost.com:7010/api/bbs/user/updateLikeState?articleId=26,,388,UTF-8,1,0,FOUNDSJJ,0,0
1779177358754,412,HTTP Request,200,,Thread Group 1-333,text,true,,365,437,18,18,http://localhost.com:7010/api/bbs/user/updateLikeState?articleId=26,,412,UTF-8,1,0,FOUNDSJJ,0,0
1779177358753,413,HTTP Request,200,,Thread Group 1-337,text,true,,365,437,18,18,http://localhost.com:7010/api/bbs/user/updateLikeState?articleId=26,,413,UTF-8,1,0,FOUNDSJJ,0,0
1779177359087,79,HTTP Request,200,,Thread Group 1-341,text,true,,819,270,18,18,http://localhost.com:7010/api/bbs/sso/login,,79,UTF-8,1,0,FOUNDSJJ,0,1
1779177358725,441,HTTP Request,200,,Thread Group 1-330,text,true,,365,437,18,18,http://localhost.com:7010/api/bbs/user/updateLikeState?articleId=26,,441,UTF-8,1,0,FOUNDSJJ,0,0
1779177358783,425,HTTP Request,200,,Thread Group 1-324,text,true,,365,437,19,19,http://localhost.com:7010/api/bbs/user/updateLikeState?articleId=26,,425,UTF-8,1,0,FOUNDSJJ,0,0
1779177359190,44,HTTP Request,200,,Thread Group 1-342,text,true,,819,270,18,18,http://localhost.com:7010/api/bbs/sso/login,,44,UTF-8,1,0,FOUNDSJJ,0,1
1779177358873,361,HTTP Request,200,,Thread Group 1-334,text,true,,365,437,18,18,http://localhost.com:7010/api/bbs/user/updateLikeState?articleId=26,,361,UTF-8,1,0,FOUNDSJJ,0,0
1779177358872,365,HTTP Request,200,,Thread Group 1-325,text,true,,365,437,18,18,http://localhost.com:7010/api/bbs/user/updateLikeState?articleId=26,,365,UTF-8,1,0,FOUNDSJJ,0,0
1779177358872,365,HTTP Request,200,,Thread Group 1-328,text,true,,365,437,18,18,http://localhost.com:7010/api/bbs/user/updateLikeState?articleId=26,,365,UTF-8,1,0,FOUNDSJJ,0,0
1779177358927,345,HTTP Request,200,,Thread Group 1-335,text,true,,365,437,17,17,http://localhost.com:7010/api/bbs/user/updateLikeState?articleId=26,,345,UTF-8,1,0,FOUNDSJJ,0,0
1779177358979,314,HTTP Request,200,,Thread Group 1-332,text,true,,365,437,18,18,http://localhost.com:7010/api/bbs/user/updateLikeState?articleId=26,,314,UTF-8,1,0,FOUNDSJJ,0,0
1779177358927,367,HTTP Request,200,,Thread Group 1-331,text,true,,365,437,18,18,http://localhost.com:7010/api/bbs/user/updateLikeState?articleId=26,,366,UTF-8,1,0,FOUNDSJJ,0,0
1779177358872,421,HTTP Request,200,,Thread Group 1-338,text,true,,365,437,18,18,http://localhost.com:7010/api/bbs/user/updateLikeState?articleId=26,,421,UTF-8,1,0,FOUNDSJJ,0,0
1779177358978,452,HTTP Request,200,,Thread Group 1-339,text,true,,365,437,19,19,http://localhost.com:7010/api/bbs/user/updateLikeState?articleId=26,,452,UTF-8,1,0,FOUNDSJJ,0,0
1779177359290,168,HTTP Request,200,,Thread Group 1-343,text,true,,819,270,19,19,http://localhost.com:7010/api/bbs/sso/login,,168,UTF-8,1,0,FOUNDSJJ,0,1
1779177359391,92,HTTP Request,200,,Thread Group 1-344,text,true,,819,270,19,19,http://localhost.com:7010/api/bbs/sso/login,,92,UTF-8,1,0,FOUNDSJJ,0,1
1779177359081,445,HTTP Request,200,,Thread Group 1-326,text,true,,365,437,20,20,http://localhost.com:7010/api/bbs/user/updateLikeState?articleId=26,,445,UTF-8,1,0,FOUNDSJJ,0,0
1779177359490,100,HTTP Request,200,,Thread Group 1-345,text,true,,819,270,19,19,http://localhost.com:7010/api/bbs/sso/login,,100,UTF-8,1,0,FOUNDSJJ,0,1
1779177359167,472,HTTP Request,200,,Thread Group 1-333,text,true,,365,437,20,20,http://localhost.com:7010/api/bbs/user/updateLikeState?articleId=26,,472,UTF-8,1,0,FOUNDSJJ,0,0
1779177359167,472,HTTP Request,200,,Thread Group 1-327,text,true,,365,437,20,20,http://localhost.com:7010/api/bbs/user/updateLikeState?articleId=26,,472,UTF-8,1,0,FOUNDSJJ,0,0
1779177359238,401,HTTP Request,200,,Thread Group 1-328,text,true,,365,437,20,20,http://localhost.com:7010/api/bbs/user/updateLikeState?articleId=26,,401,UTF-8,1,0,FOUNDSJJ,0,0
1779177359167,472,HTTP Request,200,,Thread Group 1-329,text,true,,365,437,20,20,http://localhost.com:7010/api/bbs/user/updateLikeState?articleId=26,,472,UTF-8,1,0,FOUNDSJJ,0,0
1779177359168,471,HTTP Request,200,,Thread Group 1-330,text,true,,365,437,20,20,http://localhost.com:7010/api/bbs/user/updateLikeState?articleId=26,,471,UTF-8,1,0,FOUNDSJJ,0,0
1779177359081,558,HTTP Request,200,,Thread Group 1-336,text,true,,365,437,20,20,http://localhost.com:7010/api/bbs/user/updateLikeState?articleId=26,,558,UTF-8,1,0,FOUNDSJJ,0,0
1779177359168,471,HTTP Request,200,,Thread Group 1-337,text,true,,365,437,20,20,http://localhost.com:7010/api/bbs/user/updateLikeState?articleId=26,,471,UTF-8,1,0,FOUNDSJJ,0,0
1779177359168,472,HTTP Request,200,,Thread Group 1-341,text,true,,365,437,18,18,http://localhost.com:7010/api/bbs/user/updateLikeState?articleId=26,,472,UTF-8,1,0,FOUNDSJJ,0,0
1779177359081,559,HTTP Request,200,,Thread Group 1-340,text,true,,365,437,18,18,http://localhost.com:7010/api/bbs/user/updateLikeState?articleId=26,,559,UTF-8,1,0,FOUNDSJJ,0,0
1779177359236,433,HTTP Request,200,,Thread Group 1-334,text,true,,365,437,18,18,http://localhost.com:7010/api/bbs/user/updateLikeState?articleId=26,,433,UTF-8,1,0,FOUNDSJJ,0,0
1779177359598,71,HTTP Request,200,,Thread Group 1-346,text,true,,819,270,18,18,http://localhost.com:7010/api/bbs/sso/login,,71,UTF-8,1,0,FOUNDSJJ,0,1
1779177359235,439,HTTP Request,200,,Thread Group 1-342,text,true,,365,437,18,18,http://localhost.com:7010/api/bbs/user/updateLikeState?articleId=26,,439,UTF-8,1,0,FOUNDSJJ,0,0
1779177359274,469,HTTP Request,200,,Thread Group 1-335,text,true,,365,437,19,19,http://localhost.com:7010/api/bbs/user/updateLikeState?articleId=26,,469,UTF-8,1,0,FOUNDSJJ,0,0
1779177359294,449,HTTP Request,200,,Thread Group 1-331,text,true,,365,437,19,19,http://localhost.com:7010/api/bbs/user/updateLikeState?articleId=26,,449,UTF-8,1,0,FOUNDSJJ,0,0
1779177359295,456,HTTP Request,200,,Thread Group 1-338,text,true,,365,437,19,19,http://localhost.com:7010/api/bbs/user/updateLikeState?articleId=26,,456,UTF-8,1,0,FOUNDSJJ,0,0
1779177359696,55,HTTP Request,200,,Thread Group 1-347,text,true,,819,270,19,19,http://localhost.com:7010/api/bbs/sso/login,,54,UTF-8,1,0,FOUNDSJJ,0,1
1779177359294,457,HTTP Request,200,,Thread Group 1-332,text,true,,365,437,19,19,http://localhost.com:7010/api/bbs/user/updateLikeState?articleId=26,,457,UTF-8,1,0,FOUNDSJJ,0,0
1779177359459,385,HTTP Request,200,,Thread Group 1-343,text,true,,365,437,20,20,http://localhost.com:7010/api/bbs/user/updateLikeState?articleId=26,,385,UTF-8,1,0,FOUNDSJJ,0,0
1779177359431,436,HTTP Request,200,,Thread Group 1-339,text,true,,365,437,20,20,http://localhost.com:7010/api/bbs/user/updateLikeState?articleId=26,,436,UTF-8,1,0,FOUNDSJJ,0,0
1779177359786,139,HTTP Request,200,,Thread Group 1-348,text,true,,819,270,21,21,http://localhost.com:7010/api/bbs/sso/login,,138,UTF-8,1,0,FOUNDSJJ,0,1
1779177359484,441,HTTP Request,200,,Thread Group 1-344,text,true,,365,437,21,21,http://localhost.com:7010/api/bbs/user/updateLikeState?articleId=26,,441,UTF-8,1,0,FOUNDSJJ,0,0
1779177359888,212,HTTP Request,200,,Thread Group 1-349,text,true,,819,270,23,23,http://localhost.com:7010/api/bbs/sso/login,,212,UTF-8,1,0,FOUNDSJJ,0,1
1779177359591,537,HTTP Request,200,,Thread Group 1-345,text,true,,365,437,23,23,http://localhost.com:7010/api/bbs/user/updateLikeState?articleId=26,,537,UTF-8,1,0,FOUNDSJJ,0,0
1779177359987,141,HTTP Request,200,,Thread Group 1-350,text,true,,819,270,23,23,http://localhost.com:7010/api/bbs/sso/login,,141,UTF-8,1,0,FOUNDSJJ,0,1
1779177360090,1236,HTTP Request,200,,Thread Group 1-351,text,true,,819,270,35,35,http://localhost.com:7010/api/bbs/sso/login,,1236,UTF-8,1,0,FOUNDSJJ,0,2
1779177360389,965,HTTP Request,200,,Thread Group 1-354,text,true,,819,270,35,35,http://localhost.com:7010/api/bbs/sso/login,,965,UTF-8,1,0,FOUNDSJJ,0,1
1779177360187,1167,HTTP Request,200,,Thread Group 1-352,text,true,,819,270,35,35,http://localhost.com:7010/api/bbs/sso/login,,1167,UTF-8,1,0,FOUNDSJJ,0,2
1779177359639,1716,HTTP Request,200,,Thread Group 1-333,text,true,,365,437,35,35,http://localhost.com:7010/api/bbs/user/updateLikeState?articleId=26,,1716,UTF-8,1,0,FOUNDSJJ,0,0
1779177360290,1064,HTTP Request,200,,Thread Group 1-353,text,true,,819,270,35,35,http://localhost.com:7010/api/bbs/sso/login,,1064,UTF-8,1,0,FOUNDSJJ,0,0
1779177359640,1715,HTTP Request,200,,Thread Group 1-330,text,true,,365,437,35,35,http://localhost.com:7010/api/bbs/user/updateLikeState?articleId=26,,1715,UTF-8,1,0,FOUNDSJJ,0,0
1779177359640,1715,HTTP Request,200,,Thread Group 1-336,text,true,,365,437,35,35,http://localhost.com:7010/api/bbs/user/updateLikeState?articleId=26,,1715,UTF-8,1,0,FOUNDSJJ,0,0
1779177359670,1732,HTTP Request,200,,Thread Group 1-334,text,true,,365,437,35,35,http://localhost.com:7010/api/bbs/user/updateLikeState?articleId=26,,1732,UTF-8,1,0,FOUNDSJJ,0,0
1779177359640,1762,HTTP Request,200,,Thread Group 1-337,text,true,,365,437,35,35,http://localhost.com:7010/api/bbs/user/updateLikeState?articleId=26,,1762,UTF-8,1,0,FOUNDSJJ,0,0
1779177359641,1761,HTTP Request,200,,Thread Group 1-341,text,true,,365,437,35,35,http://localhost.com:7010/api/bbs/user/updateLikeState?articleId=26,,1761,UTF-8,1,0,FOUNDSJJ,0,0
1779177361187,250,HTTP Request,200,,Thread Group 1-362,text,true,,819,270,35,35,http://localhost.com:7010/api/bbs/sso/login,,250,UTF-8,1,0,FOUNDSJJ,0,1
1779177359640,1797,HTTP Request,200,,Thread Group 1-329,text,true,,365,437,35,35,http://localhost.com:7010/api/bbs/user/updateLikeState?articleId=26,,1797,UTF-8,1,0,FOUNDSJJ,0,0
1779177360689,774,HTTP Request,200,,Thread Group 1-357,text,true,,819,270,34,34,http://localhost.com:7010/api/bbs/sso/login,,773,UTF-8,1,0,FOUNDSJJ,0,1
1779177360790,673,HTTP Request,200,,Thread Group 1-358,text,true,,819,270,34,34,http://localhost.com:7010/api/bbs/sso/login,,673,UTF-8,1,0,FOUNDSJJ,0,0
1779177361086,377,HTTP Request,200,,Thread Group 1-361,text,true,,819,270,34,34,http://localhost.com:7010/api/bbs/sso/login,,376,UTF-8,1,0,FOUNDSJJ,0,1
1779177361292,171,HTTP Request,200,,Thread Group 1-363,text,true,,819,270,34,34,http://localhost.com:7010/api/bbs/sso/login,,170,UTF-8,1,0,FOUNDSJJ,0,1
1779177360486,977,HTTP Request,200,,Thread Group 1-355,text,true,,819,270,34,34,http://localhost.com:7010/api/bbs/sso/login,,977,UTF-8,1,0,FOUNDSJJ,0,1
1779177360898,565,HTTP Request,200,,Thread Group 1-359,text,true,,819,270,34,34,http://localhost.com:7010/api/bbs/sso/login,,564,UTF-8,1,0,FOUNDSJJ,0,0
1779177360989,562,HTTP Request,200,,Thread Group 1-360,text,true,,819,270,35,35,http://localhost.com:7010/api/bbs/sso/login,,562,UTF-8,1,0,FOUNDSJJ,0,1
1779177360598,953,HTTP Request,200,,Thread Group 1-356,text,true,,819,270,35,35,http://localhost.com:7010/api/bbs/sso/login,,953,UTF-8,1,0,FOUNDSJJ,0,1
1779177359671,1880,HTTP Request,200,,Thread Group 1-346,text,true,,365,437,35,35,http://localhost.com:7010/api/bbs/user/updateLikeState?articleId=26,,1880,UTF-8,1,0,FOUNDSJJ,0,0
1779177359674,1877,HTTP Request,200,,Thread Group 1-342,text,true,,365,437,35,35,http://localhost.com:7010/api/bbs/user/updateLikeState?articleId=26,,1877,UTF-8,1,0,FOUNDSJJ,0,0
1779177359641,2004,HTTP Request,200,,Thread Group 1-340,text,true,,365,437,36,36,http://localhost.com:7010/api/bbs/user/updateLikeState?articleId=26,,2004,UTF-8,1,0,FOUNDSJJ,0,0
1779177361487,221,HTTP Request,200,,Thread Group 1-365,text,true,,819,270,37,37,http://localhost.com:7010/api/bbs/sso/login,,221,UTF-8,1,0,FOUNDSJJ,0,1
1779177361388,320,HTTP Request,200,,Thread Group 1-364,text,true,,819,270,37,37,http://localhost.com:7010/api/bbs/sso/login,,320,UTF-8,1,0,FOUNDSJJ,0,1
1779177359744,2002,HTTP Request,200,,Thread Group 1-335,text,true,,365,437,37,37,http://localhost.com:7010/api/bbs/user/updateLikeState?articleId=26,,2002,UTF-8,1,0,FOUNDSJJ,0,0
1779177361588,158,HTTP Request,200,,Thread Group 1-366,text,true,,819,270,37,37,http://localhost.com:7010/api/bbs/sso/login,,157,UTF-8,1,0,FOUNDSJJ,0,1
1779177359752,1994,HTTP Request,200,,Thread Group 1-347,text,true,,365,437,37,37,http://localhost.com:7010/api/bbs/user/updateLikeState?articleId=26,,1994,UTF-8,1,0,FOUNDSJJ,0,0
1779177359753,1993,HTTP Request,200,,Thread Group 1-332,text,true,,365,437,37,37,http://localhost.com:7010/api/bbs/user/updateLikeState?articleId=26,,1993,UTF-8,1,0,FOUNDSJJ,0,0
1779177359744,2002,HTTP Request,200,,Thread Group 1-331,text,true,,365,437,37,37,http://localhost.com:7010/api/bbs/user/updateLikeState?articleId=26,,2002,UTF-8,1,0,FOUNDSJJ,0,0
1779177359752,1994,HTTP Request,200,,Thread Group 1-338,text,true,,365,437,37,37,http://localhost.com:7010/api/bbs/user/updateLikeState?articleId=26,,1994,UTF-8,1,0,FOUNDSJJ,0,0
1779177361689,88,HTTP Request,200,,Thread Group 1-367,text,true,,819,270,35,35,http://localhost.com:7010/api/bbs/sso/login,,88,UTF-8,1,0,FOUNDSJJ,0,1
1779177359845,2035,HTTP Request,200,,Thread Group 1-343,text,true,,365,437,36,36,http://localhost.com:7010/api/bbs/user/updateLikeState?articleId=26,,2035,UTF-8,1,0,FOUNDSJJ,0,0
1779177359868,2764,HTTP Request,200,,Thread Group 1-339,text,true,,365,437,44,44,http://localhost.com:7010/api/bbs/user/updateLikeState?articleId=26,,2764,UTF-8,1,0,FOUNDSJJ,0,0
1779177359925,2810,HTTP Request,200,,Thread Group 1-348,text,true,,365,437,45,45,http://localhost.com:7010/api/bbs/user/updateLikeState?articleId=26,,2810,UTF-8,1,0,FOUNDSJJ,0,0
1779177361798,1002,HTTP Request,200,,Thread Group 1-368,text,true,,819,270,45,45,http://localhost.com:7010/api/bbs/sso/login,,1002,UTF-8,1,0,FOUNDSJJ,0,1
1779177361888,1132,HTTP Request,200,,Thread Group 1-369,text,true,,819,270,48,48,http://localhost.com:7010/api/bbs/sso/login,,1132,UTF-8,1,0,FOUNDSJJ,0,1
1779177362301,745,HTTP Request,200,,Thread Group 1-373,text,true,,819,270,48,48,http://localhost.com:7010/api/bbs/sso/login,,744,UTF-8,1,0,FOUNDSJJ,0,1
1779177362194,852,HTTP Request,200,,Thread Group 1-372,text,true,,819,270,48,48,http://localhost.com:7010/api/bbs/sso/login,,851,UTF-8,1,0,FOUNDSJJ,0,1
1779177362087,959,HTTP Request,200,,Thread Group 1-371,text,true,,819,270,48,48,http://localhost.com:7010/api/bbs/sso/login,,958,UTF-8,1,0,FOUNDSJJ,0,2
1779177361989,1057,HTTP Request,200,,Thread Group 1-370,text,true,,819,270,48,48,http://localhost.com:7010/api/bbs/sso/login,,1056,UTF-8,1,0,FOUNDSJJ,0,2
1779177360101,2946,HTTP Request,200,,Thread Group 1-349,text,true,,365,437,48,48,http://localhost.com:7010/api/bbs/user/updateLikeState?articleId=26,,2946,UTF-8,1,0,FOUNDSJJ,0,0
1779177362498,549,HTTP Request,200,,Thread Group 1-375,text,true,,819,270,48,48,http://localhost.com:7010/api/bbs/sso/login,,548,UTF-8,1,0,FOUNDSJJ,0,1
1779177360129,2918,HTTP Request,200,,Thread Group 1-345,text,true,,365,437,48,48,http://localhost.com:7010/api/bbs/user/updateLikeState?articleId=26,,2918,UTF-8,1,0,FOUNDSJJ,0,0
1779177362390,656,HTTP Request,200,,Thread Group 1-374,text,true,,819,270,48,48,http://localhost.com:7010/api/bbs/sso/login,,656,UTF-8,1,0,FOUNDSJJ,0,1
1779177359926,3121,HTTP Request,200,,Thread Group 1-344,text,true,,365,437,48,48,http://localhost.com:7010/api/bbs/user/updateLikeState?articleId=26,,3121,UTF-8,1,0,FOUNDSJJ,0,0
1779177362699,378,HTTP Request,200,,Thread Group 1-377,text,true,,819,270,48,48,http://localhost.com:7010/api/bbs/sso/login,,377,UTF-8,1,0,FOUNDSJJ,0,1
1779177362801,276,HTTP Request,200,,Thread Group 1-378,text,true,,819,270,48,48,http://localhost.com:7010/api/bbs/sso/login,,275,UTF-8,1,0,FOUNDSJJ,0,0
1779177362587,628,HTTP Request,200,,Thread Group 1-376,text,true,,819,270,50,50,http://localhost.com:7010/api/bbs/sso/login,,627,UTF-8,1,0,FOUNDSJJ,0,1
1779177362998,217,HTTP Request,200,,Thread Group 1-380,text,true,,819,270,50,50,http://localhost.com:7010/api/bbs/sso/login,,216,UTF-8,1,0,FOUNDSJJ,0,1
1779177362890,325,HTTP Request,200,,Thread Group 1-379,text,true,,819,270,50,50,http://localhost.com:7010/api/bbs/sso/login,,324,UTF-8,1,0,FOUNDSJJ,0,1
1779177361355,1899,HTTP Request,200,,Thread Group 1-333,text,true,,365,437,50,50,http://localhost.com:7010/api/bbs/user/updateLikeState?articleId=26,,1899,UTF-8,1,0,FOUNDSJJ,0,0
1779177360130,3125,HTTP Request,200,,Thread Group 1-350,text,true,,365,437,50,50,http://localhost.com:7010/api/bbs/user/updateLikeState?articleId=26,,3125,UTF-8,1,0,FOUNDSJJ,0,0
1779177363192,92,HTTP Request,200,,Thread Group 1-382,text,true,,819,270,49,49,http://localhost.com:7010/api/bbs/sso/login,,92,UTF-8,1,0,FOUNDSJJ,0,1
1779177363088,196,HTTP Request,200,,Thread Group 1-381,text,true,,819,270,49,49,http://localhost.com:7010/api/bbs/sso/login,,196,UTF-8,1,0,FOUNDSJJ,0,1
1779177361404,1881,HTTP Request,200,,Thread Group 1-337,text,true,,365,437,49,49,http://localhost.com:7010/api/bbs/user/updateLikeState?articleId=26,,1881,UTF-8,1,0,FOUNDSJJ,0,0
1779177361355,2000,HTTP Request,200,,Thread Group 1-353,text,true,,365,437,50,50,http://localhost.com:7010/api/bbs/user/updateLikeState?articleId=26,,2000,UTF-8,1,0,FOUNDSJJ,0,0
1779177361404,1956,HTTP Request,200,,Thread Group 1-341,text,true,,365,437,50,50,http://localhost.com:7010/api/bbs/user/updateLikeState?articleId=26,,1956,UTF-8,1,0,FOUNDSJJ,0,0
1779177361355,2006,HTTP Request,200,,Thread Group 1-352,text,true,,365,437,50,50,http://localhost.com:7010/api/bbs/user/updateLikeState?articleId=26,,2005,UTF-8,1,0,FOUNDSJJ,0,0
1779177361438,1923,HTTP Request,200,,Thread Group 1-362,text,true,,365,437,50,50,http://localhost.com:7010/api/bbs/user/updateLikeState?articleId=26,,1923,UTF-8,1,0,FOUNDSJJ,0,0
1779177361552,1809,HTTP Request,200,,Thread Group 1-356,text,true,,365,437,50,50,http://localhost.com:7010/api/bbs/user/updateLikeState?articleId=26,,1809,UTF-8,1,0,FOUNDSJJ,0,0
1779177361465,1895,HTTP Request,200,,Thread Group 1-359,text,true,,365,437,50,50,http://localhost.com:7010/api/bbs/user/updateLikeState?articleId=26,,1895,UTF-8,1,0,FOUNDSJJ,0,0
1779177361464,1897,HTTP Request,200,,Thread Group 1-358,text,true,,365,437,50,50,http://localhost.com:7010/api/bbs/user/updateLikeState?articleId=26,,1897,UTF-8,1,0,FOUNDSJJ,0,0
1779177361403,1959,HTTP Request,200,,Thread Group 1-334,text,true,,365,437,50,50,http://localhost.com:7010/api/bbs/user/updateLikeState?articleId=26,,1959,UTF-8,1,0,FOUNDSJJ,0,0
1779177361711,1650,HTTP Request,200,,Thread Group 1-365,text,true,,365,437,50,50,http://localhost.com:7010/api/bbs/user/updateLikeState?articleId=26,,1650,UTF-8,1,0,FOUNDSJJ,0,0
1779177361552,1809,HTTP Request,200,,Thread Group 1-346,text,true,,365,437,50,50,http://localhost.com:7010/api/bbs/user/updateLikeState?articleId=26,,1809,UTF-8,1,0,FOUNDSJJ,0,0
1779177361465,1942,HTTP Request,200,,Thread Group 1-361,text,true,,365,437,50,50,http://localhost.com:7010/api/bbs/user/updateLikeState?articleId=26,,1942,UTF-8,1,0,FOUNDSJJ,0,0
1779177361464,1943,HTTP Request,200,,Thread Group 1-357,text,true,,365,437,50,50,http://localhost.com:7010/api/bbs/user/updateLikeState?articleId=26,,1943,UTF-8,1,0,FOUNDSJJ,0,0
1779177361355,2052,HTTP Request,200,,Thread Group 1-354,text,true,,365,437,50,50,http://localhost.com:7010/api/bbs/user/updateLikeState?articleId=26,,2052,UTF-8,1,0,FOUNDSJJ,0,0
1779177361356,2051,HTTP Request,200,,Thread Group 1-336,text,true,,365,437,50,50,http://localhost.com:7010/api/bbs/user/updateLikeState?articleId=26,,2051,UTF-8,1,0,FOUNDSJJ,0,0
1779177361551,1857,HTTP Request,200,,Thread Group 1-360,text,true,,365,437,50,50,http://localhost.com:7010/api/bbs/user/updateLikeState?articleId=26,,1857,UTF-8,1,0,FOUNDSJJ,0,0
1779177361465,1943,HTTP Request,200,,Thread Group 1-355,text,true,,365,437,50,50,http://localhost.com:7010/api/bbs/user/updateLikeState?articleId=26,,1943,UTF-8,1,0,FOUNDSJJ,0,0
1779177361712,1696,HTTP Request,200,,Thread Group 1-364,text,true,,365,437,50,50,http://localhost.com:7010/api/bbs/user/updateLikeState?articleId=26,,1696,UTF-8,1,0,FOUNDSJJ,0,0
1779177361327,2081,HTTP Request,200,,Thread Group 1-351,text,true,,365,437,50,50,http://localhost.com:7010/api/bbs/user/updateLikeState?articleId=26,,2081,UTF-8,1,0,FOUNDSJJ,0,0
1779177361647,1762,HTTP Request,200,,Thread Group 1-340,text,true,,365,437,50,50,http://localhost.com:7010/api/bbs/user/updateLikeState?articleId=26,,1762,UTF-8,1,0,FOUNDSJJ,0,0
1779177361465,1943,HTTP Request,200,,Thread Group 1-363,text,true,,365,437,50,50,http://localhost.com:7010/api/bbs/user/updateLikeState?articleId=26,,1943,UTF-8,1,0,FOUNDSJJ,0,0
1779177361748,1748,HTTP Request,200,,Thread Group 1-366,text,true,,365,437,51,51,http://localhost.com:7010/api/bbs/user/updateLikeState?articleId=26,,1748,UTF-8,1,0,FOUNDSJJ,0,0
1779177361747,1750,HTTP Request,200,,Thread Group 1-335,text,true,,365,437,51,51,http://localhost.com:7010/api/bbs/user/updateLikeState?articleId=26,,1750,UTF-8,1,0,FOUNDSJJ,0,0
1779177361748,1749,HTTP Request,200,,Thread Group 1-338,text,true,,365,437,51,51,http://localhost.com:7010/api/bbs/user/updateLikeState?articleId=26,,1749,UTF-8,1,0,FOUNDSJJ,0,0
1779177361553,1944,HTTP Request,200,,Thread Group 1-342,text,true,,365,437,51,51,http://localhost.com:7010/api/bbs/user/updateLikeState?articleId=26,,1943,UTF-8,1,0,FOUNDSJJ,0,0
1779177361748,1748,HTTP Request,200,,Thread Group 1-347,text,true,,365,437,51,51,http://localhost.com:7010/api/bbs/user/updateLikeState?articleId=26,,1748,UTF-8,1,0,FOUNDSJJ,0,0
1779177361780,1774,HTTP Request,200,,Thread Group 1-367,text,true,,365,437,50,50,http://localhost.com:7010/api/bbs/user/updateLikeState?articleId=26,,1774,UTF-8,1,0,FOUNDSJJ,0,0
1779177361881,1775,HTTP Request,200,,Thread Group 1-343,text,true,,365,437,51,51,http://localhost.com:7010/api/bbs/user/updateLikeState?articleId=26,,1775,UTF-8,1,0,FOUNDSJJ,0,0
1779177363299,357,HTTP Request,200,,Thread Group 1-383,text,true,,819,270,51,51,http://localhost.com:7010/api/bbs/sso/login,,357,UTF-8,1,0,FOUNDSJJ,0,0
1779177362737,1030,HTTP Request,200,,Thread Group 1-348,text,true,,365,437,52,52,http://localhost.com:7010/api/bbs/user/updateLikeState?articleId=26,,1030,UTF-8,1,0,FOUNDSJJ,0,0
1779177362801,967,HTTP Request,200,,Thread Group 1-368,text,true,,365,437,52,52,http://localhost.com:7010/api/bbs/user/updateLikeState?articleId=26,,967,UTF-8,1,0,FOUNDSJJ,0,0
1779177362634,1162,HTTP Request,200,,Thread Group 1-339,text,true,,365,437,53,53,http://localhost.com:7010/api/bbs/user/updateLikeState?articleId=26,,1162,UTF-8,1,0,FOUNDSJJ,0,0
1779177363398,448,HTTP Request,200,,Thread Group 1-384,text,true,,819,270,53,53,http://localhost.com:7010/api/bbs/sso/login,,448,UTF-8,1,0,FOUNDSJJ,0,0
1779177363586,380,HTTP Request,200,,Thread Group 1-386,text,true,,819,270,54,54,http://localhost.com:7010/api/bbs/sso/login,,380,UTF-8,1,0,FOUNDSJJ,0,1
1779177363497,469,HTTP Request,200,,Thread Group 1-385,text,true,,819,270,54,54,http://localhost.com:7010/api/bbs/sso/login,,469,UTF-8,1,0,FOUNDSJJ,0,1
1779177363687,470,HTTP Request,200,,Thread Group 1-387,text,true,,819,270,56,56,http://localhost.com:7010/api/bbs/sso/login,,470,UTF-8,1,0,FOUNDSJJ,0,1
1779177363789,368,HTTP Request,200,,Thread Group 1-388,text,true,,819,270,56,56,http://localhost.com:7010/api/bbs/sso/login,,368,UTF-8,1,0,FOUNDSJJ,0,1
1779177363887,333,HTTP Request,200,,Thread Group 1-389,text,true,,819,270,57,57,http://localhost.com:7010/api/bbs/sso/login,,332,UTF-8,1,0,FOUNDSJJ,0,1
1779177363022,1199,HTTP Request,200,,Thread Group 1-369,text,true,,365,437,57,57,http://localhost.com:7010/api/bbs/user/updateLikeState?articleId=26,,1199,UTF-8,1,0,FOUNDSJJ,0,0
1779177363048,1173,HTTP Request,200,,Thread Group 1-345,text,true,,365,437,57,57,http://localhost.com:7010/api/bbs/user/updateLikeState?articleId=26,,1173,UTF-8,1,0,FOUNDSJJ,0,0
1779177363047,1174,HTTP Request,200,,Thread Group 1-371,text,true,,365,437,57,57,http://localhost.com:7010/api/bbs/user/updateLikeState?articleId=26,,1174,UTF-8,1,0,FOUNDSJJ,0,0
1779177364090,130,HTTP Request,200,,Thread Group 1-391,text,true,,819,270,57,57,http://localhost.com:7010/api/bbs/sso/login,,128,UTF-8,1,0,FOUNDSJJ,0,1
1779177363989,232,HTTP Request,200,,Thread Group 1-390,text,true,,819,270,57,57,http://localhost.com:7010/api/bbs/sso/login,,230,UTF-8,1,0,FOUNDSJJ,0,2
1779177363048,1173,HTTP Request,200,,Thread Group 1-344,text,true,,365,437,57,57,http://localhost.com:7010/api/bbs/user/updateLikeState?articleId=26,,1173,UTF-8,1,0,FOUNDSJJ,0,0
1779177363047,1174,HTTP Request,200,,Thread Group 1-372,text,true,,365,437,57,57,http://localhost.com:7010/api/bbs/user/updateLikeState?articleId=26,,1174,UTF-8,1,0,FOUNDSJJ,0,0
1779177363048,1234,HTTP Request,200,,Thread Group 1-374,text,true,,365,437,57,57,http://localhost.com:7010/api/bbs/user/updateLikeState?articleId=26,,1234,UTF-8,1,0,FOUNDSJJ,0,0
1779177364190,91,HTTP Request,200,,Thread Group 1-392,text,true,,819,270,57,57,http://localhost.com:7010/api/bbs/sso/login,,90,UTF-8,1,0,FOUNDSJJ,0,0
1779177363047,1236,HTTP Request,200,,Thread Group 1-370,text,true,,365,437,57,57,http://localhost.com:7010/api/bbs/user/updateLikeState?articleId=26,,1236,UTF-8,1,0,FOUNDSJJ,0,0
1779177363048,1235,HTTP Request,200,,Thread Group 1-349,text,true,,365,437,57,57,http://localhost.com:7010/api/bbs/user/updateLikeState?articleId=26,,1235,UTF-8,1,0,FOUNDSJJ,0,0
1779177363048,1235,HTTP Request,200,,Thread Group 1-375,text,true,,365,437,57,57,http://localhost.com:7010/api/bbs/user/updateLikeState?articleId=26,,1235,UTF-8,1,0,FOUNDSJJ,0,0
1779177363047,1236,HTTP Request,200,,Thread Group 1-373,text,true,,365,437,57,57,http://localhost.com:7010/api/bbs/user/updateLikeState?articleId=26,,1236,UTF-8,1,0,FOUNDSJJ,0,0
1779177363285,1165,HTTP Request,200,,Thread Group 1-382,text,true,,365,437,59,59,http://localhost.com:7010/api/bbs/user/updateLikeState?articleId=26,,1165,UTF-8,1,0,FOUNDSJJ,0,0
1779177363285,1166,HTTP Request,200,,Thread Group 1-337,text,true,,365,437,59,59,http://localhost.com:7010/api/bbs/user/updateLikeState?articleId=26,,1166,UTF-8,1,0,FOUNDSJJ,0,0
1779177363361,1090,HTTP Request,200,,Thread Group 1-341,text,true,,365,437,59,59,http://localhost.com:7010/api/bbs/user/updateLikeState?articleId=26,,1090,UTF-8,1,0,FOUNDSJJ,0,0
1779177363215,1236,HTTP Request,200,,Thread Group 1-376,text,true,,365,437,59,59,http://localhost.com:7010/api/bbs/user/updateLikeState?articleId=26,,1236,UTF-8,1,0,FOUNDSJJ,0,0
1779177363362,1089,HTTP Request,200,,Thread Group 1-362,text,true,,365,437,59,59,http://localhost.com:7010/api/bbs/user/updateLikeState?articleId=26,,1089,UTF-8,1,0,FOUNDSJJ,0,0
1779177363216,1234,HTTP Request,200,,Thread Group 1-379,text,true,,365,437,59,59,http://localhost.com:7010/api/bbs/user/updateLikeState?articleId=26,,1234,UTF-8,1,0,FOUNDSJJ,0,0
1779177363363,1088,HTTP Request,200,,Thread Group 1-346,text,true,,365,437,59,59,http://localhost.com:7010/api/bbs/user/updateLikeState?articleId=26,,1088,UTF-8,1,0,FOUNDSJJ,0,0
1779177363256,1195,HTTP Request,200,,Thread Group 1-350,text,true,,365,437,59,59,http://localhost.com:7010/api/bbs/user/updateLikeState?articleId=26,,1195,UTF-8,1,0,FOUNDSJJ,0,0
1779177363356,1095,HTTP Request,200,,Thread Group 1-353,text,true,,365,437,58,58,http://localhost.com:7010/api/bbs/user/updateLikeState?articleId=26,,1095,UTF-8,1,0,FOUNDSJJ,0,0
1779177363362,1089,HTTP Request,200,,Thread Group 1-359,text,true,,365,437,59,59,http://localhost.com:7010/api/bbs/user/updateLikeState?articleId=26,,1089,UTF-8,1,0,FOUNDSJJ,0,0
1779177363078,1374,HTTP Request,200,,Thread Group 1-378,text,true,,365,437,58,58,http://localhost.com:7010/api/bbs/user/updateLikeState?articleId=26,,1374,UTF-8,1,0,FOUNDSJJ,0,0
1779177363078,1374,HTTP Request,200,,Thread Group 1-377,text,true,,365,437,58,58,http://localhost.com:7010/api/bbs/user/updateLikeState?articleId=26,,1374,UTF-8,1,0,FOUNDSJJ,0,0
1779177363215,1237,HTTP Request,200,,Thread Group 1-380,text,true,,365,437,58,58,http://localhost.com:7010/api/bbs/user/updateLikeState?articleId=26,,1237,UTF-8,1,0,FOUNDSJJ,0,0
1779177363285,1167,HTTP Request,200,,Thread Group 1-381,text,true,,365,437,58,58,http://localhost.com:7010/api/bbs/user/updateLikeState?articleId=26,,1167,UTF-8,1,0,FOUNDSJJ,0,0
1779177363361,1091,HTTP Request,200,,Thread Group 1-352,text,true,,365,437,58,58,http://localhost.com:7010/api/bbs/user/updateLikeState?articleId=26,,1091,UTF-8,1,0,FOUNDSJJ,0,0
1779177363408,1227,HTTP Request,200,,Thread Group 1-357,text,true,,365,437,60,60,http://localhost.com:7010/api/bbs/user/updateLikeState?articleId=26,,1227,UTF-8,1,0,FOUNDSJJ,0,0
1779177363363,1273,HTTP Request,200,,Thread Group 1-365,text,true,,365,437,60,60,http://localhost.com:7010/api/bbs/user/updateLikeState?articleId=26,,1273,UTF-8,1,0,FOUNDSJJ,0,0
1779177363411,1225,HTTP Request,200,,Thread Group 1-363,text,true,,365,437,60,60,http://localhost.com:7010/api/bbs/user/updateLikeState?articleId=26,,1225,UTF-8,1,0,FOUNDSJJ,0,0
1779177364387,245,HTTP Request,200,,Thread Group 1-394,text,true,,819,270,60,60,http://localhost.com:7010/api/bbs/sso/login,,245,UTF-8,1,0,FOUNDSJJ,0,1
1779177363362,1274,HTTP Request,200,,Thread Group 1-356,text,true,,365,437,60,60,http://localhost.com:7010/api/bbs/user/updateLikeState?articleId=26,,1274,UTF-8,1,0,FOUNDSJJ,0,0
1779177363408,1228,HTTP Request,200,,Thread Group 1-361,text,true,,365,437,60,60,http://localhost.com:7010/api/bbs/user/updateLikeState?articleId=26,,1228,UTF-8,1,0,FOUNDSJJ,0,0
1779177363409,1227,HTTP Request,200,,Thread Group 1-360,text,true,,365,437,60,60,http://localhost.com:7010/api/bbs/user/updateLikeState?articleId=26,,1227,UTF-8,1,0,FOUNDSJJ,0,0
1779177363408,1226,HTTP Request,200,,Thread Group 1-354,text,true,,365,437,60,60,http://localhost.com:7010/api/bbs/user/updateLikeState?articleId=26,,1226,UTF-8,1,0,FOUNDSJJ,0,0
1779177364297,335,HTTP Request,200,,Thread Group 1-393,text,true,,819,270,60,60,http://localhost.com:7010/api/bbs/sso/login,,335,UTF-8,1,0,FOUNDSJJ,0,1
1779177363362,1273,HTTP Request,200,,Thread Group 1-358,text,true,,365,437,60,60,http://localhost.com:7010/api/bbs/user/updateLikeState?articleId=26,,1273,UTF-8,1,0,FOUNDSJJ,0,0
1779177363497,1137,HTTP Request,200,,Thread Group 1-366,text,true,,365,437,60,60,http://localhost.com:7010/api/bbs/user/updateLikeState?articleId=26,,1137,UTF-8,1,0,FOUNDSJJ,0,0
1779177363409,1227,HTTP Request,200,,Thread Group 1-336,text,true,,365,437,60,60,http://localhost.com:7010/api/bbs/user/updateLikeState?articleId=26,,1227,UTF-8,1,0,FOUNDSJJ,0,0
1779177363409,1226,HTTP Request,200,,Thread Group 1-355,text,true,,365,437,60,60,http://localhost.com:7010/api/bbs/user/updateLikeState?articleId=26,,1226,UTF-8,1,0,FOUNDSJJ,0,0
1779177363410,1225,HTTP Request,200,,Thread Group 1-351,text,true,,365,437,60,60,http://localhost.com:7010/api/bbs/user/updateLikeState?articleId=26,,1225,UTF-8,1,0,FOUNDSJJ,0,0
1779177363410,1224,HTTP Request,200,,Thread Group 1-340,text,true,,365,437,60,60,http://localhost.com:7010/api/bbs/user/updateLikeState?articleId=26,,1224,UTF-8,1,0,FOUNDSJJ,0,0
1779177363409,1227,HTTP Request,200,,Thread Group 1-364,text,true,,365,437,60,60,http://localhost.com:7010/api/bbs/user/updateLikeState?articleId=26,,1227,UTF-8,1,0,FOUNDSJJ,0,0
1779177364588,248,HTTP Request,200,,Thread Group 1-396,text,true,,819,270,61,61,http://localhost.com:7010/api/bbs/sso/login,,248,UTF-8,1,0,FOUNDSJJ,0,1
1779177364497,339,HTTP Request,200,,Thread Group 1-395,text,true,,819,270,61,61,http://localhost.com:7010/api/bbs/sso/login,,339,UTF-8,1,0,FOUNDSJJ,0,1
1779177363555,1293,HTTP Request,200,,Thread Group 1-367,text,true,,365,437,61,61,http://localhost.com:7010/api/bbs/user/updateLikeState?articleId=26,,1293,UTF-8,1,0,FOUNDSJJ,0,0
1779177363497,1351,HTTP Request,200,,Thread Group 1-338,text,true,,365,437,61,61,http://localhost.com:7010/api/bbs/user/updateLikeState?articleId=26,,1351,UTF-8,1,0,FOUNDSJJ,0,0
1779177363498,1350,HTTP Request,200,,Thread Group 1-342,text,true,,365,437,61,61,http://localhost.com:7010/api/bbs/user/updateLikeState?articleId=26,,1350,UTF-8,1,0,FOUNDSJJ,0,0
1779177363657,1191,HTTP Request,200,,Thread Group 1-343,text,true,,365,437,61,61,http://localhost.com:7010/api/bbs/user/updateLikeState?articleId=26,,1191,UTF-8,1,0,FOUNDSJJ,0,0
1779177363498,1350,HTTP Request,200,,Thread Group 1-347,text,true,,365,437,61,61,http://localhost.com:7010/api/bbs/user/updateLikeState?articleId=26,,1350,UTF-8,1,0,FOUNDSJJ,0,0
1779177364686,270,HTTP Request,200,,Thread Group 1-397,text,true,,819,270,61,61,http://localhost.com:7010/api/bbs/sso/login,,270,UTF-8,1,0,FOUNDSJJ,0,1
1779177364789,167,HTTP Request,200,,Thread Group 1-398,text,true,,819,270,61,61,http://localhost.com:7010/api/bbs/sso/login,,167,UTF-8,1,0,FOUNDSJJ,0,0
1779177363658,1333,HTTP Request,200,,Thread Group 1-383,text,true,,365,437,62,62,http://localhost.com:7010/api/bbs/user/updateLikeState?articleId=26,,1333,UTF-8,1,0,FOUNDSJJ,0,0
1779177364898,310,HTTP Request,200,,Thread Group 1-399,text,true,,819,270,64,64,http://localhost.com:7010/api/bbs/sso/login,,309,UTF-8,1,0,FOUNDSJJ,0,2
1779177363768,1448,HTTP Request,200,,Thread Group 1-348,text,true,,365,437,64,64,http://localhost.com:7010/api/bbs/user/updateLikeState?articleId=26,,1448,UTF-8,1,0,FOUNDSJJ,0,0
1779177363796,1420,HTTP Request,200,,Thread Group 1-339,text,true,,365,437,64,64,http://localhost.com:7010/api/bbs/user/updateLikeState?articleId=26,,1420,UTF-8,1,0,FOUNDSJJ,0,0
1779177363768,1448,HTTP Request,200,,Thread Group 1-368,text,true,,365,437,64,64,http://localhost.com:7010/api/bbs/user/updateLikeState?articleId=26,,1448,UTF-8,1,0,FOUNDSJJ,0,0
1779177364987,343,HTTP Request,200,,Thread Group 1-400,text,true,,819,270,64,64,http://localhost.com:7010/api/bbs/sso/login,,343,UTF-8,1,0,FOUNDSJJ,0,1
1779177365100,318,HTTP Request,200,,Thread Group 1-401,text,true,,819,270,65,65,http://localhost.com:7010/api/bbs/sso/login,,317,UTF-8,1,0,FOUNDSJJ,0,1
1779177363967,1452,HTTP Request,200,,Thread Group 1-385,text,true,,365,437,65,65,http://localhost.com:7010/api/bbs/user/updateLikeState?articleId=26,,1452,UTF-8,1,0,FOUNDSJJ,0,0
1779177363846,1573,HTTP Request,200,,Thread Group 1-384,text,true,,365,437,65,65,http://localhost.com:7010/api/bbs/user/updateLikeState?articleId=26,,1573,UTF-8,1,0,FOUNDSJJ,0,0
1779177364158,1260,HTTP Request,200,,Thread Group 1-388,text,true,,365,437,65,65,http://localhost.com:7010/api/bbs/user/updateLikeState?articleId=26,,1260,UTF-8,1,0,FOUNDSJJ,0,0
1779177364157,1262,HTTP Request,200,,Thread Group 1-387,text,true,,365,437,65,65,http://localhost.com:7010/api/bbs/user/updateLikeState?articleId=26,,1261,UTF-8,1,0,FOUNDSJJ,0,0
1779177363967,1453,HTTP Request,200,,Thread Group 1-386,text,true,,365,437,65,65,http://localhost.com:7010/api/bbs/user/updateLikeState?articleId=26,,1453,UTF-8,1,0,FOUNDSJJ,0,0
1779177364221,1198,HTTP Request,200,,Thread Group 1-345,text,true,,365,437,65,65,http://localhost.com:7010/api/bbs/user/updateLikeState?articleId=26,,1197,UTF-8,1,0,FOUNDSJJ,0,0
1779177365196,253,HTTP Request,200,,Thread Group 1-402,text,true,,819,270,65,65,http://localhost.com:7010/api/bbs/sso/login,,253,UTF-8,1,0,FOUNDSJJ,0,1
1779177365388,122,HTTP Request,200,,Thread Group 1-404,text,true,,819,270,66,66,http://localhost.com:7010/api/bbs/sso/login,,121,UTF-8,1,0,FOUNDSJJ,0,1
1779177364222,1288,HTTP Request,200,,Thread Group 1-344,text,true,,365,437,66,66,http://localhost.com:7010/api/bbs/user/updateLikeState?articleId=26,,1288,UTF-8,1,0,FOUNDSJJ,0,0
1779177365288,222,HTTP Request,200,,Thread Group 1-403,text,true,,819,270,66,66,http://localhost.com:7010/api/bbs/sso/login,,221,UTF-8,1,0,FOUNDSJJ,0,1
1779177364282,1228,HTTP Request,200,,Thread Group 1-374,text,true,,365,437,66,66,http://localhost.com:7010/api/bbs/user/updateLikeState?articleId=26,,1228,UTF-8,1,0,FOUNDSJJ,0,0
1779177364282,1229,HTTP Request,200,,Thread Group 1-370,text,true,,365,437,66,66,http://localhost.com:7010/api/bbs/user/updateLikeState?articleId=26,,1229,UTF-8,1,0,FOUNDSJJ,0,0
1779177364282,1228,HTTP Request,200,,Thread Group 1-392,text,true,,365,437,66,66,http://localhost.com:7010/api/bbs/user/updateLikeState?articleId=26,,1228,UTF-8,1,0,FOUNDSJJ,0,0
1779177364222,1289,HTTP Request,200,,Thread Group 1-372,text,true,,365,437,66,66,http://localhost.com:7010/api/bbs/user/updateLikeState?articleId=26,,1289,UTF-8,1,0,FOUNDSJJ,0,0
1779177364282,1230,HTTP Request,200,,Thread Group 1-349,text,true,,365,437,66,66,http://localhost.com:7010/api/bbs/user/updateLikeState?articleId=26,,1229,UTF-8,1,0,FOUNDSJJ,0,0
1779177364221,1290,HTTP Request,200,,Thread Group 1-369,text,true,,365,437,66,66,http://localhost.com:7010/api/bbs/user/updateLikeState?articleId=26,,1290,UTF-8,1,0,FOUNDSJJ,0,0
1779177364220,1291,HTTP Request,200,,Thread Group 1-389,text,true,,365,437,66,66,http://localhost.com:7010/api/bbs/user/updateLikeState?articleId=26,,1291,UTF-8,1,0,FOUNDSJJ,0,0
1779177364283,1228,HTTP Request,200,,Thread Group 1-373,text,true,,365,437,66,66,http://localhost.com:7010/api/bbs/user/updateLikeState?articleId=26,,1227,UTF-8,1,0,FOUNDSJJ,0,0
1779177364221,1290,HTTP Request,200,,Thread Group 1-371,text,true,,365,437,66,66,http://localhost.com:7010/api/bbs/user/updateLikeState?articleId=26,,1290,UTF-8,1,0,FOUNDSJJ,0,0
1779177364221,1290,HTTP Request,200,,Thread Group 1-391,text,true,,365,437,66,66,http://localhost.com:7010/api/bbs/user/updateLikeState?articleId=26,,1290,UTF-8,1,0,FOUNDSJJ,0,0
1779177364222,1290,HTTP Request,200,,Thread Group 1-390,text,true,,365,437,66,66,http://localhost.com:7010/api/bbs/user/updateLikeState?articleId=26,,1290,UTF-8,1,0,FOUNDSJJ,0,0
1779177364451,1179,HTTP Request,200,,Thread Group 1-376,text,true,,365,437,67,67,http://localhost.com:7010/api/bbs/user/updateLikeState?articleId=26,,1179,UTF-8,1,0,FOUNDSJJ,0,0
1779177365488,135,HTTP Request,200,,Thread Group 1-405,text,true,,819,270,67,67,http://localhost.com:7010/api/bbs/sso/login,,135,UTF-8,1,0,FOUNDSJJ,0,1
1779177364283,1347,HTTP Request,200,,Thread Group 1-375,text,true,,365,437,67,67,http://localhost.com:7010/api/bbs/user/updateLikeState?articleId=26,,1347,UTF-8,1,0,FOUNDSJJ,0,0
1779177364452,1178,HTTP Request,200,,Thread Group 1-380,text,true,,365,437,67,67,http://localhost.com:7010/api/bbs/user/updateLikeState?articleId=26,,1178,UTF-8,1,0,FOUNDSJJ,0,0
1779177365595,64,HTTP Request,200,,Thread Group 1-406,text,true,,819,270,67,67,http://localhost.com:7010/api/bbs/sso/login,,63,UTF-8,1,0,FOUNDSJJ,0,0
1779177364451,1208,HTTP Request,200,,Thread Group 1-350,text,true,,365,437,67,67,http://localhost.com:7010/api/bbs/user/updateLikeState?articleId=26,,1208,UTF-8,1,0,FOUNDSJJ,0,0
1779177364451,1238,HTTP Request,200,,Thread Group 1-346,text,true,,365,437,68,68,http://localhost.com:7010/api/bbs/user/updateLikeState?articleId=26,,1238,UTF-8,1,0,FOUNDSJJ,0,0
1779177364452,1238,HTTP Request,200,,Thread Group 1-377,text,true,,365,437,68,68,http://localhost.com:7010/api/bbs/user/updateLikeState?articleId=26,,1238,UTF-8,1,0,FOUNDSJJ,0,0
1779177364451,1239,HTTP Request,200,,Thread Group 1-362,text,true,,365,437,68,68,http://localhost.com:7010/api/bbs/user/updateLikeState?articleId=26,,1239,UTF-8,1,0,FOUNDSJJ,0,0
1779177364451,1238,HTTP Request,200,,Thread Group 1-379,text,true,,365,437,68,68,http://localhost.com:7010/api/bbs/user/updateLikeState?articleId=26,,1238,UTF-8,1,0,FOUNDSJJ,0,0
1779177364450,1240,HTTP Request,200,,Thread Group 1-341,text,true,,365,437,68,68,http://localhost.com:7010/api/bbs/user/updateLikeState?articleId=26,,1240,UTF-8,1,0,FOUNDSJJ,0,0
1779177364452,1238,HTTP Request,200,,Thread Group 1-352,text,true,,365,437,68,68,http://localhost.com:7010/api/bbs/user/updateLikeState?articleId=26,,1238,UTF-8,1,0,FOUNDSJJ,0,0
1779177364637,1053,HTTP Request,200,,Thread Group 1-356,text,true,,365,437,68,68,http://localhost.com:7010/api/bbs/user/updateLikeState?articleId=26,,1053,UTF-8,1,0,FOUNDSJJ,0,0
1779177364639,1052,HTTP Request,200,,Thread Group 1-351,text,true,,365,437,68,68,http://localhost.com:7010/api/bbs/user/updateLikeState?articleId=26,,1052,UTF-8,1,0,FOUNDSJJ,0,0
1779177364451,1239,HTTP Request,200,,Thread Group 1-359,text,true,,365,437,68,68,http://localhost.com:7010/api/bbs/user/updateLikeState?articleId=26,,1239,UTF-8,1,0,FOUNDSJJ,0,0
1779177364450,1239,HTTP Request,200,,Thread Group 1-382,text,true,,365,437,68,68,http://localhost.com:7010/api/bbs/user/updateLikeState?articleId=26,,1239,UTF-8,1,0,FOUNDSJJ,0,0
1779177364451,1239,HTTP Request,200,,Thread Group 1-353,text,true,,365,437,68,68,http://localhost.com:7010/api/bbs/user/updateLikeState?articleId=26,,1239,UTF-8,1,0,FOUNDSJJ,0,0
1779177364452,1238,HTTP Request,200,,Thread Group 1-378,text,true,,365,437,68,68,http://localhost.com:7010/api/bbs/user/updateLikeState?articleId=26,,1238,UTF-8,1,0,FOUNDSJJ,0,0
1779177364452,1238,HTTP Request,200,,Thread Group 1-381,text,true,,365,437,68,68,http://localhost.com:7010/api/bbs/user/updateLikeState?articleId=26,,1238,UTF-8,1,0,FOUNDSJJ,0,0
1779177364637,1291,HTTP Request,200,,Thread Group 1-394,text,true,,365,437,69,69,http://localhost.com:7010/api/bbs/user/updateLikeState?articleId=26,,1291,UTF-8,1,0,FOUNDSJJ,0,0
1779177364638,1290,HTTP Request,200,,Thread Group 1-366,text,true,,365,437,69,69,http://localhost.com:7010/api/bbs/user/updateLikeState?articleId=26,,1290,UTF-8,1,0,FOUNDSJJ,0,0
1779177364638,1290,HTTP Request,200,,Thread Group 1-358,text,true,,365,437,69,69,http://localhost.com:7010/api/bbs/user/updateLikeState?articleId=26,,1290,UTF-8,1,0,FOUNDSJJ,0,0
1779177364636,1292,HTTP Request,200,,Thread Group 1-363,text,true,,365,437,69,69,http://localhost.com:7010/api/bbs/user/updateLikeState?articleId=26,,1292,UTF-8,1,0,FOUNDSJJ,0,0
1779177364639,1289,HTTP Request,200,,Thread Group 1-364,text,true,,365,437,69,69,http://localhost.com:7010/api/bbs/user/updateLikeState?articleId=26,,1289,UTF-8,1,0,FOUNDSJJ,0,0
1779177364638,1360,HTTP Request,200,,Thread Group 1-354,text,true,,365,437,70,70,http://localhost.com:7010/api/bbs/user/updateLikeState?articleId=26,,1360,UTF-8,1,0,FOUNDSJJ,0,0
1779177364639,1359,HTTP Request,200,,Thread Group 1-340,text,true,,365,437,70,70,http://localhost.com:7010/api/bbs/user/updateLikeState?articleId=26,,1359,UTF-8,1,0,FOUNDSJJ,0,0
1779177364636,1393,HTTP Request,200,,Thread Group 1-357,text,true,,365,437,69,69,http://localhost.com:7010/api/bbs/user/updateLikeState?articleId=26,,1393,UTF-8,1,0,FOUNDSJJ,0,0
1779177364637,1393,HTTP Request,200,,Thread Group 1-361,text,true,,365,437,69,69,http://localhost.com:7010/api/bbs/user/updateLikeState?articleId=26,,1393,UTF-8,1,0,FOUNDSJJ,0,0
1779177364847,1183,HTTP Request,200,,Thread Group 1-367,text,true,,365,437,69,69,http://localhost.com:7010/api/bbs/user/updateLikeState?articleId=26,,1183,UTF-8,1,0,FOUNDSJJ,0,0
1779177364638,1392,HTTP Request,200,,Thread Group 1-393,text,true,,365,437,69,69,http://localhost.com:7010/api/bbs/user/updateLikeState?articleId=26,,1392,UTF-8,1,0,FOUNDSJJ,0,0
1779177364636,1394,HTTP Request,200,,Thread Group 1-365,text,true,,365,437,69,69,http://localhost.com:7010/api/bbs/user/updateLikeState?articleId=26,,1394,UTF-8,1,0,FOUNDSJJ,0,0
1779177364638,1391,HTTP Request,200,,Thread Group 1-360,text,true,,365,437,69,69,http://localhost.com:7010/api/bbs/user/updateLikeState?articleId=26,,1391,UTF-8,1,0,FOUNDSJJ,0,0
1779177364848,1181,HTTP Request,200,,Thread Group 1-343,text,true,,365,437,69,69,http://localhost.com:7010/api/bbs/user/updateLikeState?articleId=26,,1181,UTF-8,1,0,FOUNDSJJ,0,0
1779177364848,1182,HTTP Request,200,,Thread Group 1-342,text,true,,365,437,69,69,http://localhost.com:7010/api/bbs/user/updateLikeState?articleId=26,,1181,UTF-8,1,0,FOUNDSJJ,0,0
1779177364848,1182,HTTP Request,200,,Thread Group 1-347,text,true,,365,437,69,69,http://localhost.com:7010/api/bbs/user/updateLikeState?articleId=26,,1182,UTF-8,1,0,FOUNDSJJ,0,0
1779177364639,1392,HTTP Request,200,,Thread Group 1-355,text,true,,365,437,69,69,http://localhost.com:7010/api/bbs/user/updateLikeState?articleId=26,,1392,UTF-8,1,0,FOUNDSJJ,0,0
1779177365687,632,HTTP Request,200,,Thread Group 1-407,text,true,,819,270,70,70,http://localhost.com:7010/api/bbs/sso/login,,632,UTF-8,1,0,FOUNDSJJ,0,2
1779177365788,590,HTTP Request,200,,Thread Group 1-408,text,true,,819,270,70,70,http://localhost.com:7010/api/bbs/sso/login,,590,UTF-8,1,0,FOUNDSJJ,0,1
1779177365895,483,HTTP Request,200,,Thread Group 1-409,text,true,,819,270,70,70,http://localhost.com:7010/api/bbs/sso/login,,482,UTF-8,1,0,FOUNDSJJ,0,0
1779177366086,391,HTTP Request,200,,Thread Group 1-411,text,true,,819,270,71,71,http://localhost.com:7010/api/bbs/sso/login,,390,UTF-8,1,0,FOUNDSJJ,0,1
1779177364837,1640,HTTP Request,200,,Thread Group 1-395,text,true,,365,437,71,71,http://localhost.com:7010/api/bbs/user/updateLikeState?articleId=26,,1640,UTF-8,1,0,FOUNDSJJ,0,0
1779177364991,1487,HTTP Request,200,,Thread Group 1-383,text,true,,365,437,71,71,http://localhost.com:7010/api/bbs/user/updateLikeState?articleId=26,,1487,UTF-8,1,0,FOUNDSJJ,0,0
1779177366286,191,HTTP Request,200,,Thread Group 1-413,text,true,,819,270,71,71,http://localhost.com:7010/api/bbs/sso/login,,190,UTF-8,1,0,FOUNDSJJ,0,1
1779177366387,90,HTTP Request,200,,Thread Group 1-414,text,true,,819,270,71,71,http://localhost.com:7010/api/bbs/sso/login,,90,UTF-8,1,0,FOUNDSJJ,0,0
1779177365988,489,HTTP Request,200,,Thread Group 1-410,text,true,,819,270,71,71,http://localhost.com:7010/api/bbs/sso/login,,488,UTF-8,1,0,FOUNDSJJ,0,2
1779177366188,289,HTTP Request,200,,Thread Group 1-412,text,true,,819,270,71,71,http://localhost.com:7010/api/bbs/sso/login,,288,UTF-8,1,0,FOUNDSJJ,0,1
1779177364836,1642,HTTP Request,200,,Thread Group 1-396,text,true,,365,437,71,71,http://localhost.com:7010/api/bbs/user/updateLikeState?articleId=26,,1642,UTF-8,1,0,FOUNDSJJ,0,0
1779177364957,1521,HTTP Request,200,,Thread Group 1-397,text,true,,365,437,71,71,http://localhost.com:7010/api/bbs/user/updateLikeState?articleId=26,,1521,UTF-8,1,0,FOUNDSJJ,0,0
1779177364958,1520,HTTP Request,200,,Thread Group 1-398,text,true,,365,437,71,71,http://localhost.com:7010/api/bbs/user/updateLikeState?articleId=26,,1520,UTF-8,1,0,FOUNDSJJ,0,0
1779177365208,1333,HTTP Request,200,,Thread Group 1-399,text,true,,365,437,72,72,http://localhost.com:7010/api/bbs/user/updateLikeState?articleId=26,,1333,UTF-8,1,0,FOUNDSJJ,0,0
1779177365217,1324,HTTP Request,200,,Thread Group 1-368,text,true,,365,437,72,72,http://localhost.com:7010/api/bbs/user/updateLikeState?articleId=26,,1324,UTF-8,1,0,FOUNDSJJ,0,0
1779177365216,1325,HTTP Request,200,,Thread Group 1-348,text,true,,365,437,72,72,http://localhost.com:7010/api/bbs/user/updateLikeState?articleId=26,,1325,UTF-8,1,0,FOUNDSJJ,0,0
1779177365418,1178,HTTP Request,200,,Thread Group 1-385,text,true,,365,437,73,73,http://localhost.com:7010/api/bbs/user/updateLikeState?articleId=26,,1178,UTF-8,1,0,FOUNDSJJ,0,0
1779177365419,1177,HTTP Request,200,,Thread Group 1-388,text,true,,365,437,73,73,http://localhost.com:7010/api/bbs/user/updateLikeState?articleId=26,,1177,UTF-8,1,0,FOUNDSJJ,0,0
1779177365331,1265,HTTP Request,200,,Thread Group 1-400,text,true,,365,437,73,73,http://localhost.com:7010/api/bbs/user/updateLikeState?articleId=26,,1265,UTF-8,1,0,FOUNDSJJ,0,0
1779177365419,1179,HTTP Request,200,,Thread Group 1-387,text,true,,365,437,73,73,http://localhost.com:7010/api/bbs/user/updateLikeState?articleId=26,,1179,UTF-8,1,0,FOUNDSJJ,0,0
1779177365419,1179,HTTP Request,200,,Thread Group 1-384,text,true,,365,437,73,73,http://localhost.com:7010/api/bbs/user/updateLikeState?articleId=26,,1179,UTF-8,1,0,FOUNDSJJ,0,0
1779177365450,1183,HTTP Request,200,,Thread Group 1-402,text,true,,365,437,73,73,http://localhost.com:7010/api/bbs/user/updateLikeState?articleId=26,,1183,UTF-8,1,0,FOUNDSJJ,0,0
1779177365419,1239,HTTP Request,200,,Thread Group 1-386,text,true,,365,437,73,73,http://localhost.com:7010/api/bbs/user/updateLikeState?articleId=26,,1239,UTF-8,1,0,FOUNDSJJ,0,0
1779177365513,1145,HTTP Request,200,,Thread Group 1-391,text,true,,365,437,73,73,http://localhost.com:7010/api/bbs/user/updateLikeState?articleId=26,,1145,UTF-8,1,0,FOUNDSJJ,0,0
1779177365511,1147,HTTP Request,200,,Thread Group 1-344,text,true,,365,437,73,73,http://localhost.com:7010/api/bbs/user/updateLikeState?articleId=26,,1147,UTF-8,1,0,FOUNDSJJ,0,0
1779177365513,1145,HTTP Request,200,,Thread Group 1-371,text,true,,365,437,73,73,http://localhost.com:7010/api/bbs/user/updateLikeState?articleId=26,,1145,UTF-8,1,0,FOUNDSJJ,0,0
1779177365513,1168,HTTP Request,200,,Thread Group 1-390,text,true,,365,437,72,72,http://localhost.com:7010/api/bbs/user/updateLikeState?articleId=26,,1168,UTF-8,1,0,FOUNDSJJ,0,0
1779177365512,1170,HTTP Request,200,,Thread Group 1-349,text,true,,365,437,72,72,http://localhost.com:7010/api/bbs/user/updateLikeState?articleId=26,,1170,UTF-8,1,0,FOUNDSJJ,0,0
1779177365511,1170,HTTP Request,200,,Thread Group 1-403,text,true,,365,437,72,72,http://localhost.com:7010/api/bbs/user/updateLikeState?articleId=26,,1170,UTF-8,1,0,FOUNDSJJ,0,0
1779177365512,1170,HTTP Request,200,,Thread Group 1-369,text,true,,365,437,72,72,http://localhost.com:7010/api/bbs/user/updateLikeState?articleId=26,,1170,UTF-8,1,0,FOUNDSJJ,0,0
1779177365511,1238,HTTP Request,200,,Thread Group 1-404,text,true,,365,437,73,73,http://localhost.com:7010/api/bbs/user/updateLikeState?articleId=26,,1238,UTF-8,1,0,FOUNDSJJ,0,0
1779177365655,1095,HTTP Request,200,,Thread Group 1-380,text,true,,365,437,73,73,http://localhost.com:7010/api/bbs/user/updateLikeState?articleId=26,,1095,UTF-8,1,0,FOUNDSJJ,0,0
1779177365512,1237,HTTP Request,200,,Thread Group 1-372,text,true,,365,437,73,73,http://localhost.com:7010/api/bbs/user/updateLikeState?articleId=26,,1237,UTF-8,1,0,FOUNDSJJ,0,0
1779177365512,1238,HTTP Request,200,,Thread Group 1-373,text,true,,365,437,73,73,http://localhost.com:7010/api/bbs/user/updateLikeState?articleId=26,,1238,UTF-8,1,0,FOUNDSJJ,0,0
1779177365654,1096,HTTP Request,200,,Thread Group 1-405,text,true,,365,437,73,73,http://localhost.com:7010/api/bbs/user/updateLikeState?articleId=26,,1096,UTF-8,1,0,FOUNDSJJ,0,0
1779177365418,1332,HTTP Request,200,,Thread Group 1-401,text,true,,365,437,73,73,http://localhost.com:7010/api/bbs/user/updateLikeState?articleId=26,,1332,UTF-8,1,0,FOUNDSJJ,0,0
1779177365660,1091,HTTP Request,200,,Thread Group 1-350,text,true,,365,437,73,73,http://localhost.com:7010/api/bbs/user/updateLikeState?articleId=26,,1091,UTF-8,1,0,FOUNDSJJ,0,0
1779177365511,1240,HTTP Request,200,,Thread Group 1-374,text,true,,365,437,73,73,http://localhost.com:7010/api/bbs/user/updateLikeState?articleId=26,,1239,UTF-8,1,0,FOUNDSJJ,0,0
1779177365419,1331,HTTP Request,200,,Thread Group 1-345,text,true,,365,437,73,73,http://localhost.com:7010/api/bbs/user/updateLikeState?articleId=26,,1331,UTF-8,1,0,FOUNDSJJ,0,0
1779177365512,1238,HTTP Request,200,,Thread Group 1-389,text,true,,365,437,73,73,http://localhost.com:7010/api/bbs/user/updateLikeState?articleId=26,,1238,UTF-8,1,0,FOUNDSJJ,0,0
1779177365511,1240,HTTP Request,200,,Thread Group 1-392,text,true,,365,437,73,73,http://localhost.com:7010/api/bbs/user/updateLikeState?articleId=26,,1240,UTF-8,1,0,FOUNDSJJ,0,0
1779177365511,1240,HTTP Request,200,,Thread Group 1-370,text,true,,365,437,73,73,http://localhost.com:7010/api/bbs/user/updateLikeState?articleId=26,,1240,UTF-8,1,0,FOUNDSJJ,0,0
1779177365655,1096,HTTP Request,200,,Thread Group 1-375,text,true,,365,437,73,73,http://localhost.com:7010/api/bbs/user/updateLikeState?articleId=26,,1096,UTF-8,1,0,FOUNDSJJ,0,0
1779177365660,1124,HTTP Request,200,,Thread Group 1-406,text,true,,365,437,72,72,http://localhost.com:7010/api/bbs/user/updateLikeState?articleId=26,,1124,UTF-8,1,0,FOUNDSJJ,0,0
1779177365694,1090,HTTP Request,200,,Thread Group 1-353,text,true,,365,437,72,72,http://localhost.com:7010/api/bbs/user/updateLikeState?articleId=26,,1090,UTF-8,1,0,FOUNDSJJ,0,0
1779177365654,1204,HTTP Request,200,,Thread Group 1-376,text,true,,365,437,73,73,http://localhost.com:7010/api/bbs/user/updateLikeState?articleId=26,,1204,UTF-8,1,0,FOUNDSJJ,0,0
1779177365692,1166,HTTP Request,200,,Thread Group 1-352,text,true,,365,437,73,73,http://localhost.com:7010/api/bbs/user/updateLikeState?articleId=26,,1166,UTF-8,1,0,FOUNDSJJ,0,0
1779177366484,634,HTTP Request,200,,Thread Group 1-415,text,true,,819,270,76,76,http://localhost.com:7010/api/bbs/sso/login,,633,UTF-8,1,0,FOUNDSJJ,0,1
1779177365695,1542,HTTP Request,200,,Thread Group 1-378,text,true,,365,437,77,77,http://localhost.com:7010/api/bbs/user/updateLikeState?articleId=26,,1542,UTF-8,1,0,FOUNDSJJ,0,0
1779177366586,651,HTTP Request,200,,Thread Group 1-416,text,true,,819,270,77,77,http://localhost.com:7010/api/bbs/sso/login,,650,UTF-8,1,0,FOUNDSJJ,0,1
1779177366696,754,HTTP Request,200,,Thread Group 1-417,text,true,,819,270,79,79,http://localhost.com:7010/api/bbs/sso/login,,752,UTF-8,1,0,FOUNDSJJ,0,1
1779177366786,665,HTTP Request,200,,Thread Group 1-418,text,true,,819,270,79,79,http://localhost.com:7010/api/bbs/sso/login,,663,UTF-8,1,0,FOUNDSJJ,0,1
1779177366885,785,HTTP Request,200,,Thread Group 1-419,text,true,,819,270,81,81,http://localhost.com:7010/api/bbs/sso/login,,785,UTF-8,1,0,FOUNDSJJ,0,1
1779177365692,2154,HTTP Request,200,,Thread Group 1-356,text,true,,365,437,83,83,http://localhost.com:7010/api/bbs/user/updateLikeState?articleId=26,,2154,UTF-8,1,0,FOUNDSJJ,0,0
1779177366985,1091,HTTP Request,200,,Thread Group 1-420,text,true,,819,270,85,85,http://localhost.com:7010/api/bbs/sso/login,,1090,UTF-8,1,0,FOUNDSJJ,0,2
1779177367486,622,HTTP Request,200,,Thread Group 1-425,text,true,,819,270,86,86,http://localhost.com:7010/api/bbs/sso/login,,622,UTF-8,1,0,FOUNDSJJ,0,1
1779177367184,924,HTTP Request,200,,Thread Group 1-422,text,true,,819,270,86,86,http://localhost.com:7010/api/bbs/sso/login,,923,UTF-8,1,0,FOUNDSJJ,0,1
1779177365692,2416,HTTP Request,200,,Thread Group 1-379,text,true,,365,437,86,86,http://localhost.com:7010/api/bbs/user/updateLikeState?articleId=26,,2416,UTF-8,1,0,FOUNDSJJ,0,0
1779177365691,2417,HTTP Request,200,,Thread Group 1-377,text,true,,365,437,86,86,http://localhost.com:7010/api/bbs/user/updateLikeState?articleId=26,,2417,UTF-8,1,0,FOUNDSJJ,0,0
1779177367387,721,HTTP Request,200,,Thread Group 1-424,text,true,,819,270,86,86,http://localhost.com:7010/api/bbs/sso/login,,720,UTF-8,1,0,FOUNDSJJ,0,1
1779177367292,816,HTTP Request,200,,Thread Group 1-423,text,true,,819,270,86,86,http://localhost.com:7010/api/bbs/sso/login,,815,UTF-8,1,0,FOUNDSJJ,0,1
1779177365691,2418,HTTP Request,200,,Thread Group 1-362,text,true,,365,437,86,86,http://localhost.com:7010/api/bbs/user/updateLikeState?articleId=26,,2418,UTF-8,1,0,FOUNDSJJ,0,0
1779177365694,2415,HTTP Request,200,,Thread Group 1-382,text,true,,365,437,86,86,http://localhost.com:7010/api/bbs/user/updateLikeState?articleId=26,,2415,UTF-8,1,0,FOUNDSJJ,0,0
1779177367589,520,HTTP Request,200,,Thread Group 1-426,text,true,,819,270,86,86,http://localhost.com:7010/api/bbs/sso/login,,519,UTF-8,1,0,FOUNDSJJ,0,1
1779177367088,1020,HTTP Request,200,,Thread Group 1-421,text,true,,819,270,86,86,http://localhost.com:7010/api/bbs/sso/login,,1019,UTF-8,1,0,FOUNDSJJ,0,2
1779177365693,2416,HTTP Request,200,,Thread Group 1-359,text,true,,365,437,86,86,http://localhost.com:7010/api/bbs/user/updateLikeState?articleId=26,,2416,UTF-8,1,0,FOUNDSJJ,0,0
1779177365691,2418,HTTP Request,200,,Thread Group 1-346,text,true,,365,437,86,86,http://localhost.com:7010/api/bbs/user/updateLikeState?articleId=26,,2418,UTF-8,1,0,FOUNDSJJ,0,0
1779177365693,2444,HTTP Request,200,,Thread Group 1-351,text,true,,365,437,85,85,http://localhost.com:7010/api/bbs/user/updateLikeState?articleId=26,,2444,UTF-8,1,0,FOUNDSJJ,0,0
1779177367792,345,HTTP Request,200,,Thread Group 1-428,text,true,,819,270,85,85,http://localhost.com:7010/api/bbs/sso/login,,344,UTF-8,1,0,FOUNDSJJ,0,1
1779177367988,149,HTTP Request,200,,Thread Group 1-430,text,true,,819,270,85,85,http://localhost.com:7010/api/bbs/sso/login,,148,UTF-8,1,0,FOUNDSJJ,0,1
1779177367694,444,HTTP Request,200,,Thread Group 1-427,text,true,,819,270,85,85,http://localhost.com:7010/api/bbs/sso/login,,443,UTF-8,1,0,FOUNDSJJ,0,1
1779177365695,2443,HTTP Request,200,,Thread Group 1-381,text,true,,365,437,85,85,http://localhost.com:7010/api/bbs/user/updateLikeState?articleId=26,,2443,UTF-8,1,0,FOUNDSJJ,0,0
1779177367895,242,HTTP Request,200,,Thread Group 1-429,text,true,,819,270,85,85,http://localhost.com:7010/api/bbs/sso/login,,241,UTF-8,1,0,FOUNDSJJ,0,1
1779177365929,2209,HTTP Request,200,,Thread Group 1-394,text,true,,365,437,85,85,http://localhost.com:7010/api/bbs/user/updateLikeState?articleId=26,,2209,UTF-8,1,0,FOUNDSJJ,0,0
1779177366031,2139,HTTP Request,200,,Thread Group 1-361,text,true,,365,437,85,85,http://localhost.com:7010/api/bbs/user/updateLikeState?articleId=26,,2139,UTF-8,1,0,FOUNDSJJ,0,0
1779177368088,78,HTTP Request,200,,Thread Group 1-431,text,true,,819,270,85,85,http://localhost.com:7010/api/bbs/sso/login,,78,UTF-8,1,0,FOUNDSJJ,0,1
1779177366479,1690,HTTP Request,200,,Thread Group 1-412,text,true,,365,437,85,85,http://localhost.com:7010/api/bbs/user/updateLikeState?articleId=26,,1690,UTF-8,1,0,FOUNDSJJ,0,0
1779177365930,2239,HTTP Request,200,,Thread Group 1-364,text,true,,365,437,85,85,http://localhost.com:7010/api/bbs/user/updateLikeState?articleId=26,,2239,UTF-8,1,0,FOUNDSJJ,0,0
1779177365929,2240,HTTP Request,200,,Thread Group 1-363,text,true,,365,437,85,85,http://localhost.com:7010/api/bbs/user/updateLikeState?articleId=26,,2240,UTF-8,1,0,FOUNDSJJ,0,0
1779177365929,2240,HTTP Request,200,,Thread Group 1-366,text,true,,365,437,85,85,http://localhost.com:7010/api/bbs/user/updateLikeState?articleId=26,,2240,UTF-8,1,0,FOUNDSJJ,0,0
1779177366031,2139,HTTP Request,200,,Thread Group 1-360,text,true,,365,437,85,85,http://localhost.com:7010/api/bbs/user/updateLikeState?articleId=26,,2139,UTF-8,1,0,FOUNDSJJ,0,0
1779177365929,2240,HTTP Request,200,,Thread Group 1-358,text,true,,365,437,85,85,http://localhost.com:7010/api/bbs/user/updateLikeState?articleId=26,,2240,UTF-8,1,0,FOUNDSJJ,0,0
1779177366032,2137,HTTP Request,200,,Thread Group 1-347,text,true,,365,437,85,85,http://localhost.com:7010/api/bbs/user/updateLikeState?articleId=26,,2137,UTF-8,1,0,FOUNDSJJ,0,0
1779177366031,2189,HTTP Request,200,,Thread Group 1-393,text,true,,365,437,85,85,http://localhost.com:7010/api/bbs/user/updateLikeState?articleId=26,,2189,UTF-8,1,0,FOUNDSJJ,0,0
1779177366032,2189,HTTP Request,200,,Thread Group 1-355,text,true,,365,437,85,85,http://localhost.com:7010/api/bbs/user/updateLikeState?articleId=26,,2189,UTF-8,1,0,FOUNDSJJ,0,0
1779177365999,2222,HTTP Request,200,,Thread Group 1-354,text,true,,365,437,85,85,http://localhost.com:7010/api/bbs/user/updateLikeState?articleId=26,,2222,UTF-8,1,0,FOUNDSJJ,0,0
1779177366541,1707,HTTP Request,200,,Thread Group 1-399,text,true,,365,437,85,85,http://localhost.com:7010/api/bbs/user/updateLikeState?articleId=26,,1707,UTF-8,1,0,FOUNDSJJ,0,0
1779177366542,1707,HTTP Request,200,,Thread Group 1-348,text,true,,365,437,85,85,http://localhost.com:7010/api/bbs/user/updateLikeState?articleId=26,,1707,UTF-8,1,0,FOUNDSJJ,0,0
1779177366479,1770,HTTP Request,200,,Thread Group 1-397,text,true,,365,437,85,85,http://localhost.com:7010/api/bbs/user/updateLikeState?articleId=26,,1770,UTF-8,1,0,FOUNDSJJ,0,0
1779177366478,1771,HTTP Request,200,,Thread Group 1-383,text,true,,365,437,85,85,http://localhost.com:7010/api/bbs/user/updateLikeState?articleId=26,,1771,UTF-8,1,0,FOUNDSJJ,0,0
1779177366031,2217,HTTP Request,200,,Thread Group 1-367,text,true,,365,437,85,85,http://localhost.com:7010/api/bbs/user/updateLikeState?articleId=26,,2217,UTF-8,1,0,FOUNDSJJ,0,0
1779177366379,1871,HTTP Request,200,,Thread Group 1-409,text,true,,365,437,84,84,http://localhost.com:7010/api/bbs/user/updateLikeState?articleId=26,,1871,UTF-8,1,0,FOUNDSJJ,0,0
1779177366479,1769,HTTP Request,200,,Thread Group 1-398,text,true,,365,437,85,85,http://localhost.com:7010/api/bbs/user/updateLikeState?articleId=26,,1769,UTF-8,1,0,FOUNDSJJ,0,0
1779177366478,1771,HTTP Request,200,,Thread Group 1-395,text,true,,365,437,85,85,http://localhost.com:7010/api/bbs/user/updateLikeState?articleId=26,,1771,UTF-8,1,0,FOUNDSJJ,0,0
1779177366030,2219,HTTP Request,200,,Thread Group 1-357,text,true,,365,437,85,85,http://localhost.com:7010/api/bbs/user/updateLikeState?articleId=26,,2219,UTF-8,1,0,FOUNDSJJ,0,0
1779177366479,1770,HTTP Request,200,,Thread Group 1-410,text,true,,365,437,85,85,http://localhost.com:7010/api/bbs/user/updateLikeState?articleId=26,,1770,UTF-8,1,0,FOUNDSJJ,0,0
1779177366320,1929,HTTP Request,200,,Thread Group 1-407,text,true,,365,437,85,85,http://localhost.com:7010/api/bbs/user/updateLikeState?articleId=26,,1929,UTF-8,1,0,FOUNDSJJ,0,0
1779177366478,1771,HTTP Request,200,,Thread Group 1-411,text,true,,365,437,85,85,http://localhost.com:7010/api/bbs/user/updateLikeState?articleId=26,,1771,UTF-8,1,0,FOUNDSJJ,0,0
1779177366031,2218,HTTP Request,200,,Thread Group 1-365,text,true,,365,437,85,85,http://localhost.com:7010/api/bbs/user/updateLikeState?articleId=26,,2218,UTF-8,1,0,FOUNDSJJ,0,0
1779177366542,1741,HTTP Request,200,,Thread Group 1-368,text,true,,365,437,84,84,http://localhost.com:7010/api/bbs/user/updateLikeState?articleId=26,,1741,UTF-8,1,0,FOUNDSJJ,0,0
1779177368187,96,HTTP Request,200,,Thread Group 1-432,text,true,,819,270,84,84,http://localhost.com:7010/api/bbs/sso/login,,96,UTF-8,1,0,FOUNDSJJ,0,0
1779177366478,1805,HTTP Request,200,,Thread Group 1-413,text,true,,365,437,84,84,http://localhost.com:7010/api/bbs/user/updateLikeState?articleId=26,,1805,UTF-8,1,0,FOUNDSJJ,0,0
1779177366478,1805,HTTP Request,200,,Thread Group 1-414,text,true,,365,437,84,84,http://localhost.com:7010/api/bbs/user/updateLikeState?articleId=26,,1805,UTF-8,1,0,FOUNDSJJ,0,0
1779177366597,1686,HTTP Request,200,,Thread Group 1-385,text,true,,365,437,84,84,http://localhost.com:7010/api/bbs/user/updateLikeState?articleId=26,,1686,UTF-8,1,0,FOUNDSJJ,0,0
1779177366661,1627,HTTP Request,200,,Thread Group 1-386,text,true,,365,437,85,85,http://localhost.com:7010/api/bbs/user/updateLikeState?articleId=26,,1627,UTF-8,1,0,FOUNDSJJ,0,0
1779177366598,1691,HTTP Request,200,,Thread Group 1-400,text,true,,365,437,85,85,http://localhost.com:7010/api/bbs/user/updateLikeState?articleId=26,,1691,UTF-8,1,0,FOUNDSJJ,0,0
1779177366682,1606,HTTP Request,200,,Thread Group 1-390,text,true,,365,437,85,85,http://localhost.com:7010/api/bbs/user/updateLikeState?articleId=26,,1606,UTF-8,1,0,FOUNDSJJ,0,0
1779177366378,1911,HTTP Request,200,,Thread Group 1-408,text,true,,365,437,85,85,http://localhost.com:7010/api/bbs/user/updateLikeState?articleId=26,,1911,UTF-8,1,0,FOUNDSJJ,0,0
1779177366599,1689,HTTP Request,200,,Thread Group 1-387,text,true,,365,437,85,85,http://localhost.com:7010/api/bbs/user/updateLikeState?articleId=26,,1689,UTF-8,1,0,FOUNDSJJ,0,0
1779177366634,1655,HTTP Request,200,,Thread Group 1-402,text,true,,365,437,85,85,http://localhost.com:7010/api/bbs/user/updateLikeState?articleId=26,,1655,UTF-8,1,0,FOUNDSJJ,0,0
1779177366598,1692,HTTP Request,200,,Thread Group 1-388,text,true,,365,437,85,85,http://localhost.com:7010/api/bbs/user/updateLikeState?articleId=26,,1691,UTF-8,1,0,FOUNDSJJ,0,0
1779177366599,1690,HTTP Request,200,,Thread Group 1-384,text,true,,365,437,85,85,http://localhost.com:7010/api/bbs/user/updateLikeState?articleId=26,,1690,UTF-8,1,0,FOUNDSJJ,0,0
1779177366684,1606,HTTP Request,200,,Thread Group 1-369,text,true,,365,437,85,85,http://localhost.com:7010/api/bbs/user/updateLikeState?articleId=26,,1606,UTF-8,1,0,FOUNDSJJ,0,0
1779177366661,1629,HTTP Request,200,,Thread Group 1-391,text,true,,365,437,85,85,http://localhost.com:7010/api/bbs/user/updateLikeState?articleId=26,,1629,UTF-8,1,0,FOUNDSJJ,0,0
1779177366683,1607,HTTP Request,200,,Thread Group 1-403,text,true,,365,437,85,85,http://localhost.com:7010/api/bbs/user/updateLikeState?articleId=26,,1607,UTF-8,1,0,FOUNDSJJ,0,0
1779177366750,1540,HTTP Request,200,,Thread Group 1-372,text,true,,365,437,85,85,http://localhost.com:7010/api/bbs/user/updateLikeState?articleId=26,,1540,UTF-8,1,0,FOUNDSJJ,0,0
1779177366683,1607,HTTP Request,200,,Thread Group 1-349,text,true,,365,437,85,85,http://localhost.com:7010/api/bbs/user/updateLikeState?articleId=26,,1607,UTF-8,1,0,FOUNDSJJ,0,0
1779177366479,1811,HTTP Request,200,,Thread Group 1-396,text,true,,365,437,85,85,http://localhost.com:7010/api/bbs/user/updateLikeState?articleId=26,,1811,UTF-8,1,0,FOUNDSJJ,0,0
1779177366859,1502,HTTP Request,200,,Thread Group 1-376,text,true,,365,437,84,84,http://localhost.com:7010/api/bbs/user/updateLikeState?articleId=26,,1502,UTF-8,1,0,FOUNDSJJ,0,0
1779177366753,1609,HTTP Request,200,,Thread Group 1-375,text,true,,365,437,84,84,http://localhost.com:7010/api/bbs/user/updateLikeState?articleId=26,,1609,UTF-8,1,0,FOUNDSJJ,0,0
1779177366752,1610,HTTP Request,200,,Thread Group 1-370,text,true,,365,437,84,84,http://localhost.com:7010/api/bbs/user/updateLikeState?articleId=26,,1610,UTF-8,1,0,FOUNDSJJ,0,0
1779177366750,1612,HTTP Request,200,,Thread Group 1-380,text,true,,365,437,84,84,http://localhost.com:7010/api/bbs/user/updateLikeState?articleId=26,,1612,UTF-8,1,0,FOUNDSJJ,0,0
1779177366751,1611,HTTP Request,200,,Thread Group 1-401,text,true,,365,437,84,84,http://localhost.com:7010/api/bbs/user/updateLikeState?articleId=26,,1611,UTF-8,1,0,FOUNDSJJ,0,0
1779177366785,1577,HTTP Request,200,,Thread Group 1-406,text,true,,365,437,84,84,http://localhost.com:7010/api/bbs/user/updateLikeState?articleId=26,,1577,UTF-8,1,0,FOUNDSJJ,0,0
1779177366751,1611,HTTP Request,200,,Thread Group 1-350,text,true,,365,437,84,84,http://localhost.com:7010/api/bbs/user/updateLikeState?articleId=26,,1611,UTF-8,1,0,FOUNDSJJ,0,0
1779177366751,1625,HTTP Request,200,,Thread Group 1-405,text,true,,365,437,83,83,http://localhost.com:7010/api/bbs/user/updateLikeState?articleId=26,,1625,UTF-8,1,0,FOUNDSJJ,0,0
1779177366752,1629,HTTP Request,200,,Thread Group 1-392,text,true,,365,437,83,83,http://localhost.com:7010/api/bbs/user/updateLikeState?articleId=26,,1624,UTF-8,1,0,FOUNDSJJ,0,0
1779177366752,1629,HTTP Request,200,,Thread Group 1-374,text,true,,365,437,83,83,http://localhost.com:7010/api/bbs/user/updateLikeState?articleId=26,,1629,UTF-8,1,0,FOUNDSJJ,0,0
1779177366785,1596,HTTP Request,200,,Thread Group 1-353,text,true,,365,437,83,83,http://localhost.com:7010/api/bbs/user/updateLikeState?articleId=26,,1596,UTF-8,1,0,FOUNDSJJ,0,0
1779177366750,1631,HTTP Request,200,,Thread Group 1-373,text,true,,365,437,83,83,http://localhost.com:7010/api/bbs/user/updateLikeState?articleId=26,,1631,UTF-8,1,0,FOUNDSJJ,0,0
1779177366662,1719,HTTP Request,200,,Thread Group 1-371,text,true,,365,437,83,83,http://localhost.com:7010/api/bbs/user/updateLikeState?articleId=26,,1719,UTF-8,1,0,FOUNDSJJ,0,0
1779177366859,1522,HTTP Request,200,,Thread Group 1-352,text,true,,365,437,83,83,http://localhost.com:7010/api/bbs/user/updateLikeState?articleId=26,,1522,UTF-8,1,0,FOUNDSJJ,0,0
1779177366752,1629,HTTP Request,200,,Thread Group 1-389,text,true,,365,437,83,83,http://localhost.com:7010/api/bbs/user/updateLikeState?articleId=26,,1629,UTF-8,1,0,FOUNDSJJ,0,0
1779177366750,1637,HTTP Request,200,,Thread Group 1-404,text,true,,365,437,82,82,http://localhost.com:7010/api/bbs/user/updateLikeState?articleId=26,,1637,UTF-8,1,0,FOUNDSJJ,0,0
1779177367118,1397,HTTP Request,200,,Thread Group 1-415,text,true,,365,437,83,83,http://localhost.com:7010/api/bbs/user/updateLikeState?articleId=26,,1397,UTF-8,1,0,FOUNDSJJ,0,0
1779177367452,1101,HTTP Request,200,,Thread Group 1-417,text,true,,365,437,83,83,http://localhost.com:7010/api/bbs/user/updateLikeState?articleId=26,,1101,UTF-8,1,0,FOUNDSJJ,0,0
1779177367238,1362,HTTP Request,200,,Thread Group 1-416,text,true,,365,437,84,84,http://localhost.com:7010/api/bbs/user/updateLikeState?articleId=26,,1362,UTF-8,1,0,FOUNDSJJ,0,0
1779177367452,1183,HTTP Request,200,,Thread Group 1-418,text,true,,365,437,84,84,http://localhost.com:7010/api/bbs/user/updateLikeState?articleId=26,,1183,UTF-8,1,0,FOUNDSJJ,0,0
1779177367238,1397,HTTP Request,200,,Thread Group 1-378,text,true,,365,437,84,84,http://localhost.com:7010/api/bbs/user/updateLikeState?articleId=26,,1397,UTF-8,1,0,FOUNDSJJ,0,0
1779177367847,844,HTTP Request,200,,Thread Group 1-356,text,true,,365,437,85,85,http://localhost.com:7010/api/bbs/user/updateLikeState?articleId=26,,844,UTF-8,1,0,FOUNDSJJ,0,0
1779177368110,581,HTTP Request,200,,Thread Group 1-382,text,true,,365,437,85,85,http://localhost.com:7010/api/bbs/user/updateLikeState?articleId=26,,581,UTF-8,1,0,FOUNDSJJ,0,0
1779177368110,607,HTTP Request,200,,Thread Group 1-426,text,true,,365,437,84,84,http://localhost.com:7010/api/bbs/user/updateLikeState?articleId=26,,607,UTF-8,1,0,FOUNDSJJ,0,0
1779177368109,608,HTTP Request,200,,Thread Group 1-424,text,true,,365,437,84,84,http://localhost.com:7010/api/bbs/user/updateLikeState?articleId=26,,608,UTF-8,1,0,FOUNDSJJ,0,0
1779177368109,608,HTTP Request,200,,Thread Group 1-423,text,true,,365,437,84,84,http://localhost.com:7010/api/bbs/user/updateLikeState?articleId=26,,608,UTF-8,1,0,FOUNDSJJ,0,0
1779177368111,671,HTTP Request,200,,Thread Group 1-359,text,true,,365,437,84,84,http://localhost.com:7010/api/bbs/user/updateLikeState?articleId=26,,671,UTF-8,1,0,FOUNDSJJ,0,0
1779177368109,673,HTTP Request,200,,Thread Group 1-379,text,true,,365,437,84,84,http://localhost.com:7010/api/bbs/user/updateLikeState?articleId=26,,673,UTF-8,1,0,FOUNDSJJ,0,0
1779177368108,674,HTTP Request,200,,Thread Group 1-425,text,true,,365,437,84,84,http://localhost.com:7010/api/bbs/user/updateLikeState?articleId=26,,674,UTF-8,1,0,FOUNDSJJ,0,0
1779177368110,706,HTTP Request,200,,Thread Group 1-362,text,true,,365,437,84,84,http://localhost.com:7010/api/bbs/user/updateLikeState?articleId=26,,706,UTF-8,1,0,FOUNDSJJ,0,0
1779177368077,771,HTTP Request,200,,Thread Group 1-420,text,true,,365,437,83,83,http://localhost.com:7010/api/bbs/user/updateLikeState?articleId=26,,771,UTF-8,1,0,FOUNDSJJ,0,0
1779177368109,739,HTTP Request,200,,Thread Group 1-422,text,true,,365,437,83,83,http://localhost.com:7010/api/bbs/user/updateLikeState?articleId=26,,739,UTF-8,1,0,FOUNDSJJ,0,0
1779177367671,1364,HTTP Request,200,,Thread Group 1-419,text,true,,365,437,85,85,http://localhost.com:7010/api/bbs/user/updateLikeState?articleId=26,,1364,UTF-8,1,0,FOUNDSJJ,0,0
1779177368287,748,HTTP Request,200,,Thread Group 1-433,text,true,,819,270,85,85,http://localhost.com:7010/api/bbs/sso/login,,748,UTF-8,1,0,FOUNDSJJ,0,1
1779177368110,982,HTTP Request,200,,Thread Group 1-421,text,true,,365,437,86,86,http://localhost.com:7010/api/bbs/user/updateLikeState?articleId=26,,982,UTF-8,1,0,FOUNDSJJ,0,0
1779177368179,1042,HTTP Request,200,,Thread Group 1-366,text,true,,365,437,87,87,http://localhost.com:7010/api/bbs/user/updateLikeState?articleId=26,,1042,UTF-8,1,0,FOUNDSJJ,0,0
1779177368140,1081,HTTP Request,200,,Thread Group 1-394,text,true,,365,437,87,87,http://localhost.com:7010/api/bbs/user/updateLikeState?articleId=26,,1081,UTF-8,1,0,FOUNDSJJ,0,0
1779177368178,1081,HTTP Request,200,,Thread Group 1-364,text,true,,365,437,86,86,http://localhost.com:7010/api/bbs/user/updateLikeState?articleId=26,,1081,UTF-8,1,0,FOUNDSJJ,0,0
1779177368385,908,HTTP Request,200,,Thread Group 1-434,text,true,,819,270,86,86,http://localhost.com:7010/api/bbs/sso/login,,908,UTF-8,1,0,FOUNDSJJ,0,0
1779177368109,1302,HTTP Request,200,,Thread Group 1-377,text,true,,365,437,87,87,http://localhost.com:7010/api/bbs/user/updateLikeState?articleId=26,,1302,UTF-8,1,0,FOUNDSJJ,0,0
1779177368138,1748,HTTP Request,200,,Thread Group 1-428,text,true,,365,437,91,91,http://localhost.com:7010/api/bbs/user/updateLikeState?articleId=26,,1748,UTF-8,1,0,FOUNDSJJ,0,0
1779177368139,1747,HTTP Request,200,,Thread Group 1-381,text,true,,365,437,91,91,http://localhost.com:7010/api/bbs/user/updateLikeState?articleId=26,,1747,UTF-8,1,0,FOUNDSJJ,0,0
1779177368180,1706,HTTP Request,200,,Thread Group 1-360,text,true,,365,437,91,91,http://localhost.com:7010/api/bbs/user/updateLikeState?articleId=26,,1706,UTF-8,1,0,FOUNDSJJ,0,0
1779177368497,1450,HTTP Request,200,,Thread Group 1-435,text,true,,819,270,91,91,http://localhost.com:7010/api/bbs/sso/login,,1449,UTF-8,1,0,FOUNDSJJ,0,1
1779177368588,1359,HTTP Request,200,,Thread Group 1-436,text,true,,819,270,91,91,http://localhost.com:7010/api/bbs/sso/login,,1358,UTF-8,1,0,FOUNDSJJ,0,2
1779177368688,1259,HTTP Request,200,,Thread Group 1-437,text,true,,819,270,91,91,http://localhost.com:7010/api/bbs/sso/login,,1258,UTF-8,1,0,FOUNDSJJ,0,2
1779177368139,1836,HTTP Request,200,,Thread Group 1-427,text,true,,365,437,91,91,http://localhost.com:7010/api/bbs/user/updateLikeState?articleId=26,,1836,UTF-8,1,0,FOUNDSJJ,0,0
1779177368138,1864,HTTP Request,200,,Thread Group 1-351,text,true,,365,437,92,92,http://localhost.com:7010/api/bbs/user/updateLikeState?articleId=26,,1864,UTF-8,1,0,FOUNDSJJ,0,0
1779177368787,1243,HTTP Request,200,,Thread Group 1-438,text,true,,819,270,91,91,http://localhost.com:7010/api/bbs/sso/login,,1243,UTF-8,1,0,FOUNDSJJ,0,1
1779177368988,1073,HTTP Request,200,,Thread Group 1-440,text,true,,819,270,91,91,http://localhost.com:7010/api/bbs/sso/login,,1073,UTF-8,1,0,FOUNDSJJ,0,1
1779177368889,1172,HTTP Request,200,,Thread Group 1-439,text,true,,819,270,91,91,http://localhost.com:7010/api/bbs/sso/login,,1172,UTF-8,1,0,FOUNDSJJ,0,1
1779177369088,973,HTTP Request,200,,Thread Group 1-441,text,true,,819,270,91,91,http://localhost.com:7010/api/bbs/sso/login,,973,UTF-8,1,0,FOUNDSJJ,0,1
1779177369386,704,HTTP Request,200,,Thread Group 1-444,text,true,,819,270,91,91,http://localhost.com:7010/api/bbs/sso/login,,703,UTF-8,1,0,FOUNDSJJ,0,0
1779177369202,888,HTTP Request,200,,Thread Group 1-442,text,true,,819,270,91,91,http://localhost.com:7010/api/bbs/sso/login,,887,UTF-8,1,0,FOUNDSJJ,0,1
1779177369498,593,HTTP Request,200,,Thread Group 1-445,text,true,,819,270,91,91,http://localhost.com:7010/api/bbs/sso/login,,591,UTF-8,1,0,FOUNDSJJ,0,1
1779177369889,201,HTTP Request,200,,Thread Group 1-449,text,true,,819,270,91,91,http://localhost.com:7010/api/bbs/sso/login,,200,UTF-8,1,0,FOUNDSJJ,0,1
1779177369286,805,HTTP Request,200,,Thread Group 1-443,text,true,,819,270,91,91,http://localhost.com:7010/api/bbs/sso/login,,803,UTF-8,1,0,FOUNDSJJ,0,1
1779177369598,493,HTTP Request,200,,Thread Group 1-446,text,true,,819,270,91,91,http://localhost.com:7010/api/bbs/sso/login,,492,UTF-8,1,0,FOUNDSJJ,0,1
1779177368139,1951,HTTP Request,200,,Thread Group 1-430,text,true,,365,437,91,91,http://localhost.com:7010/api/bbs/user/updateLikeState?articleId=26,,1951,UTF-8,1,0,FOUNDSJJ,0,0
1779177369790,301,HTTP Request,200,,Thread Group 1-448,text,true,,819,270,91,91,http://localhost.com:7010/api/bbs/sso/login,,300,UTF-8,1,0,FOUNDSJJ,0,1
1779177369690,402,HTTP Request,200,,Thread Group 1-447,text,true,,819,270,91,91,http://localhost.com:7010/api/bbs/sso/login,,400,UTF-8,1,0,FOUNDSJJ,0,1
1779177369990,102,HTTP Request,200,,Thread Group 1-450,text,true,,819,270,91,91,http://localhost.com:7010/api/bbs/sso/login,,100,UTF-8,1,0,FOUNDSJJ,0,1
1779177368178,1913,HTTP Request,200,,Thread Group 1-412,text,true,,365,437,91,91,http://localhost.com:7010/api/bbs/user/updateLikeState?articleId=26,,1913,UTF-8,1,0,FOUNDSJJ,0,0
1779177368177,1914,HTTP Request,200,,Thread Group 1-431,text,true,,365,437,91,91,http://localhost.com:7010/api/bbs/user/updateLikeState?articleId=26,,1914,UTF-8,1,0,FOUNDSJJ,0,0
1779177368177,1914,HTTP Request,200,,Thread Group 1-361,text,true,,365,437,91,91,http://localhost.com:7010/api/bbs/user/updateLikeState?articleId=26,,1914,UTF-8,1,0,FOUNDSJJ,0,0
1779177368140,1952,HTTP Request,200,,Thread Group 1-429,text,true,,365,437,91,91,http://localhost.com:7010/api/bbs/user/updateLikeState?articleId=26,,1951,UTF-8,1,0,FOUNDSJJ,0,0
1779177368249,1896,HTTP Request,200,,Thread Group 1-399,text,true,,365,437,91,91,http://localhost.com:7010/api/bbs/user/updateLikeState?articleId=26,,1896,UTF-8,1,0,FOUNDSJJ,0,0
1779177368250,1896,HTTP Request,200,,Thread Group 1-367,text,true,,365,437,91,91,http://localhost.com:7010/api/bbs/user/updateLikeState?articleId=26,,1896,UTF-8,1,0,FOUNDSJJ,0,0
1779177368180,1966,HTTP Request,200,,Thread Group 1-358,text,true,,365,437,91,91,http://localhost.com:7010/api/bbs/user/updateLikeState?articleId=26,,1966,UTF-8,1,0,FOUNDSJJ,0,0
1779177368179,1967,HTTP Request,200,,Thread Group 1-363,text,true,,365,437,91,91,http://localhost.com:7010/api/bbs/user/updateLikeState?articleId=26,,1967,UTF-8,1,0,FOUNDSJJ,0,0
1779177368222,1924,HTTP Request,200,,Thread Group 1-354,text,true,,365,437,91,91,http://localhost.com:7010/api/bbs/user/updateLikeState?articleId=26,,1924,UTF-8,1,0,FOUNDSJJ,0,0
1779177368252,1909,HTTP Request,200,,Thread Group 1-407,text,true,,365,437,87,87,http://localhost.com:7010/api/bbs/user/updateLikeState?articleId=26,,1908,UTF-8,1,0,FOUNDSJJ,0,0
1779177368250,1964,HTTP Request,200,,Thread Group 1-397,text,true,,365,437,88,88,http://localhost.com:7010/api/bbs/user/updateLikeState?articleId=26,,1964,UTF-8,1,0,FOUNDSJJ,0,0
1779177368251,1963,HTTP Request,200,,Thread Group 1-398,text,true,,365,437,88,88,http://localhost.com:7010/api/bbs/user/updateLikeState?articleId=26,,1963,UTF-8,1,0,FOUNDSJJ,0,0
1779177368250,1967,HTTP Request,200,,Thread Group 1-383,text,true,,365,437,88,88,http://localhost.com:7010/api/bbs/user/updateLikeState?articleId=26,,1964,UTF-8,1,0,FOUNDSJJ,0,0
1779177368284,1934,HTTP Request,200,,Thread Group 1-385,text,true,,365,437,88,88,http://localhost.com:7010/api/bbs/user/updateLikeState?articleId=26,,1934,UTF-8,1,0,FOUNDSJJ,0,0
1779177368251,1967,HTTP Request,200,,Thread Group 1-357,text,true,,365,437,88,88,http://localhost.com:7010/api/bbs/user/updateLikeState?articleId=26,,1967,UTF-8,1,0,FOUNDSJJ,0,0
1779177368253,1965,HTTP Request,200,,Thread Group 1-365,text,true,,365,437,88,88,http://localhost.com:7010/api/bbs/user/updateLikeState?articleId=26,,1965,UTF-8,1,0,FOUNDSJJ,0,0
1779177368251,1967,HTTP Request,200,,Thread Group 1-409,text,true,,365,437,88,88,http://localhost.com:7010/api/bbs/user/updateLikeState?articleId=26,,1967,UTF-8,1,0,FOUNDSJJ,0,0
1779177368383,1857,HTTP Request,200,,Thread Group 1-373,text,true,,365,437,86,86,http://localhost.com:7010/api/bbs/user/updateLikeState?articleId=26,,1857,UTF-8,1,0,FOUNDSJJ,0,0
1779177368516,1724,HTTP Request,200,,Thread Group 1-415,text,true,,365,437,86,86,http://localhost.com:7010/api/bbs/user/updateLikeState?articleId=26,,1724,UTF-8,1,0,FOUNDSJJ,0,0
1779177368284,1956,HTTP Request,200,,Thread Group 1-413,text,true,,365,437,86,86,http://localhost.com:7010/api/bbs/user/updateLikeState?articleId=26,,1956,UTF-8,1,0,FOUNDSJJ,0,0
1779177368289,1951,HTTP Request,200,,Thread Group 1-390,text,true,,365,437,86,86,http://localhost.com:7010/api/bbs/user/updateLikeState?articleId=26,,1951,UTF-8,1,0,FOUNDSJJ,0,0
1779177368252,1988,HTTP Request,200,,Thread Group 1-410,text,true,,365,437,86,86,http://localhost.com:7010/api/bbs/user/updateLikeState?articleId=26,,1988,UTF-8,1,0,FOUNDSJJ,0,0
1779177368290,1950,HTTP Request,200,,Thread Group 1-387,text,true,,365,437,86,86,http://localhost.com:7010/api/bbs/user/updateLikeState?articleId=26,,1950,UTF-8,1,0,FOUNDSJJ,0,0
1779177368290,1950,HTTP Request,200,,Thread Group 1-384,text,true,,365,437,86,86,http://localhost.com:7010/api/bbs/user/updateLikeState?articleId=26,,1950,UTF-8,1,0,FOUNDSJJ,0,0
1779177368383,1857,HTTP Request,200,,Thread Group 1-374,text,true,,365,437,86,86,http://localhost.com:7010/api/bbs/user/updateLikeState?articleId=26,,1857,UTF-8,1,0,FOUNDSJJ,0,0
1779177368290,1950,HTTP Request,200,,Thread Group 1-388,text,true,,365,437,86,86,http://localhost.com:7010/api/bbs/user/updateLikeState?articleId=26,,1950,UTF-8,1,0,FOUNDSJJ,0,0
1779177368363,1905,HTTP Request,200,,Thread Group 1-380,text,true,,365,437,84,84,http://localhost.com:7010/api/bbs/user/updateLikeState?articleId=26,,1905,UTF-8,1,0,FOUNDSJJ,0,0
1779177368363,1914,HTTP Request,200,,Thread Group 1-406,text,true,,365,437,83,83,http://localhost.com:7010/api/bbs/user/updateLikeState?articleId=26,,1914,UTF-8,1,0,FOUNDSJJ,0,0
1779177368388,1889,HTTP Request,200,,Thread Group 1-404,text,true,,365,437,83,83,http://localhost.com:7010/api/bbs/user/updateLikeState?articleId=26,,1889,UTF-8,1,0,FOUNDSJJ,0,0
1779177368362,1915,HTTP Request,200,,Thread Group 1-370,text,true,,365,437,83,83,http://localhost.com:7010/api/bbs/user/updateLikeState?articleId=26,,1915,UTF-8,1,0,FOUNDSJJ,0,0
1779177368284,1993,HTTP Request,200,,Thread Group 1-432,text,true,,365,437,83,83,http://localhost.com:7010/api/bbs/user/updateLikeState?articleId=26,,1993,UTF-8,1,0,FOUNDSJJ,0,0
1779177368601,1676,HTTP Request,200,,Thread Group 1-416,text,true,,365,437,83,83,http://localhost.com:7010/api/bbs/user/updateLikeState?articleId=26,,1676,UTF-8,1,0,FOUNDSJJ,0,0
1779177368290,1987,HTTP Request,200,,Thread Group 1-402,text,true,,365,437,83,83,http://localhost.com:7010/api/bbs/user/updateLikeState?articleId=26,,1987,UTF-8,1,0,FOUNDSJJ,0,0
1779177368363,1914,HTTP Request,200,,Thread Group 1-401,text,true,,365,437,83,83,http://localhost.com:7010/api/bbs/user/updateLikeState?articleId=26,,1914,UTF-8,1,0,FOUNDSJJ,0,0
1779177368291,1990,HTTP Request,200,,Thread Group 1-391,text,true,,365,437,82,82,http://localhost.com:7010/api/bbs/user/updateLikeState?articleId=26,,1990,UTF-8,1,0,FOUNDSJJ,0,0
1779177368382,1912,HTTP Request,200,,Thread Group 1-405,text,true,,365,437,83,83,http://localhost.com:7010/api/bbs/user/updateLikeState?articleId=26,,1912,UTF-8,1,0,FOUNDSJJ,0,0
1779177368289,2005,HTTP Request,200,,Thread Group 1-400,text,true,,365,437,83,83,http://localhost.com:7010/api/bbs/user/updateLikeState?articleId=26,,2005,UTF-8,1,0,FOUNDSJJ,0,0
1779177370097,207,HTTP Request,200,,Thread Group 1-451,text,true,,819,270,83,83,http://localhost.com:7010/api/bbs/sso/login,,207,UTF-8,1,0,FOUNDSJJ,0,1
1779177368717,1587,HTTP Request,200,,Thread Group 1-424,text,true,,365,437,83,83,http://localhost.com:7010/api/bbs/user/updateLikeState?articleId=26,,1587,UTF-8,1,0,FOUNDSJJ,0,0
1779177368362,1942,HTTP Request,200,,Thread Group 1-375,text,true,,365,437,83,83,http://localhost.com:7010/api/bbs/user/updateLikeState?articleId=26,,1942,UTF-8,1,0,FOUNDSJJ,0,0
1779177368717,1587,HTTP Request,200,,Thread Group 1-426,text,true,,365,437,83,83,http://localhost.com:7010/api/bbs/user/updateLikeState?articleId=26,,1587,UTF-8,1,0,FOUNDSJJ,0,0
1779177368717,1588,HTTP Request,200,,Thread Group 1-423,text,true,,365,437,83,83,http://localhost.com:7010/api/bbs/user/updateLikeState?articleId=26,,1588,UTF-8,1,0,FOUNDSJJ,0,0
1779177368783,1521,HTTP Request,200,,Thread Group 1-425,text,true,,365,437,83,83,http://localhost.com:7010/api/bbs/user/updateLikeState?articleId=26,,1521,UTF-8,1,0,FOUNDSJJ,0,0
1779177368289,2016,HTTP Request,200,,Thread Group 1-408,text,true,,365,437,83,83,http://localhost.com:7010/api/bbs/user/updateLikeState?articleId=26,,2016,UTF-8,1,0,FOUNDSJJ,0,0
1779177368362,1943,HTTP Request,200,,Thread Group 1-376,text,true,,365,437,83,83,http://localhost.com:7010/api/bbs/user/updateLikeState?articleId=26,,1943,UTF-8,1,0,FOUNDSJJ,0,0
1779177368251,2054,HTTP Request,200,,Thread Group 1-395,text,true,,365,437,83,83,http://localhost.com:7010/api/bbs/user/updateLikeState?articleId=26,,2054,UTF-8,1,0,FOUNDSJJ,0,0
1779177368222,2084,HTTP Request,200,,Thread Group 1-355,text,true,,365,437,82,82,http://localhost.com:7010/api/bbs/user/updateLikeState?articleId=26,,2083,UTF-8,1,0,FOUNDSJJ,0,0
1779177368221,2084,HTTP Request,200,,Thread Group 1-393,text,true,,365,437,82,82,http://localhost.com:7010/api/bbs/user/updateLikeState?articleId=26,,2084,UTF-8,1,0,FOUNDSJJ,0,0
1779177368284,2021,HTTP Request,200,,Thread Group 1-368,text,true,,365,437,83,83,http://localhost.com:7010/api/bbs/user/updateLikeState?articleId=26,,2021,UTF-8,1,0,FOUNDSJJ,0,0
1779177368554,1752,HTTP Request,200,,Thread Group 1-417,text,true,,365,437,81,81,http://localhost.com:7010/api/bbs/user/updateLikeState?articleId=26,,1752,UTF-8,1,0,FOUNDSJJ,0,0
1779177368636,1670,HTTP Request,200,,Thread Group 1-378,text,true,,365,437,81,81,http://localhost.com:7010/api/bbs/user/updateLikeState?articleId=26,,1670,UTF-8,1,0,FOUNDSJJ,0,0
1779177368291,2015,HTTP Request,200,,Thread Group 1-372,text,true,,365,437,82,82,http://localhost.com:7010/api/bbs/user/updateLikeState?articleId=26,,2015,UTF-8,1,0,FOUNDSJJ,0,0
1779177368692,1619,HTTP Request,200,,Thread Group 1-382,text,true,,365,437,77,77,http://localhost.com:7010/api/bbs/user/updateLikeState?articleId=26,,1619,UTF-8,1,0,FOUNDSJJ,0,0
1779177368291,2043,HTTP Request,200,,Thread Group 1-403,text,true,,365,437,76,76,http://localhost.com:7010/api/bbs/user/updateLikeState?articleId=26,,2043,UTF-8,1,0,FOUNDSJJ,0,0
1779177368384,1951,HTTP Request,200,,Thread Group 1-371,text,true,,365,437,76,76,http://localhost.com:7010/api/bbs/user/updateLikeState?articleId=26,,1951,UTF-8,1,0,FOUNDSJJ,0,0
1779177368384,1951,HTTP Request,200,,Thread Group 1-389,text,true,,365,437,76,76,http://localhost.com:7010/api/bbs/user/updateLikeState?articleId=26,,1951,UTF-8,1,0,FOUNDSJJ,0,0
1779177368383,1951,HTTP Request,200,,Thread Group 1-392,text,true,,365,437,76,76,http://localhost.com:7010/api/bbs/user/updateLikeState?articleId=26,,1951,UTF-8,1,0,FOUNDSJJ,0,0
1779177368291,2044,HTTP Request,200,,Thread Group 1-396,text,true,,365,437,76,76,http://localhost.com:7010/api/bbs/user/updateLikeState?articleId=26,,2044,UTF-8,1,0,FOUNDSJJ,0,0
1779177368290,2046,HTTP Request,200,,Thread Group 1-369,text,true,,365,437,75,75,http://localhost.com:7010/api/bbs/user/updateLikeState?articleId=26,,2046,UTF-8,1,0,FOUNDSJJ,0,0
1779177368635,1700,HTTP Request,200,,Thread Group 1-418,text,true,,365,437,76,76,http://localhost.com:7010/api/bbs/user/updateLikeState?articleId=26,,1700,UTF-8,1,0,FOUNDSJJ,0,0
1779177368783,1553,HTTP Request,200,,Thread Group 1-379,text,true,,365,437,75,75,http://localhost.com:7010/api/bbs/user/updateLikeState?articleId=26,,1553,UTF-8,1,0,FOUNDSJJ,0,0
1779177368253,2083,HTTP Request,200,,Thread Group 1-411,text,true,,365,437,75,75,http://localhost.com:7010/api/bbs/user/updateLikeState?articleId=26,,2083,UTF-8,1,0,FOUNDSJJ,0,0
1779177368849,1503,HTTP Request,200,,Thread Group 1-420,text,true,,365,437,73,73,http://localhost.com:7010/api/bbs/user/updateLikeState?articleId=26,,1502,UTF-8,1,0,FOUNDSJJ,0,0
1779177368284,2068,HTTP Request,200,,Thread Group 1-414,text,true,,365,437,73,73,http://localhost.com:7010/api/bbs/user/updateLikeState?articleId=26,,2068,UTF-8,1,0,FOUNDSJJ,0,0
1779177368289,2063,HTTP Request,200,,Thread Group 1-386,text,true,,365,437,73,73,http://localhost.com:7010/api/bbs/user/updateLikeState?articleId=26,,2063,UTF-8,1,0,FOUNDSJJ,0,0
1779177368849,1565,HTTP Request,200,,Thread Group 1-422,text,true,,365,437,74,74,http://localhost.com:7010/api/bbs/user/updateLikeState?articleId=26,,1565,UTF-8,1,0,FOUNDSJJ,0,0
1779177369036,1453,HTTP Request,200,,Thread Group 1-419,text,true,,365,437,75,75,http://localhost.com:7010/api/bbs/user/updateLikeState?articleId=26,,1453,UTF-8,1,0,FOUNDSJJ,0,0
1779177369887,603,HTTP Request,200,,Thread Group 1-428,text,true,,365,437,75,75,http://localhost.com:7010/api/bbs/user/updateLikeState?articleId=26,,603,UTF-8,1,0,FOUNDSJJ,0,0
1779177369036,1453,HTTP Request,200,,Thread Group 1-433,text,true,,365,437,75,75,http://localhost.com:7010/api/bbs/user/updateLikeState?articleId=26,,1453,UTF-8,1,0,FOUNDSJJ,0,0
1779177369093,1396,HTTP Request,200,,Thread Group 1-421,text,true,,365,437,75,75,http://localhost.com:7010/api/bbs/user/updateLikeState?articleId=26,,1396,UTF-8,1,0,FOUNDSJJ,0,0
1779177369948,592,HTTP Request,200,,Thread Group 1-435,text,true,,365,437,75,75,http://localhost.com:7010/api/bbs/user/updateLikeState?articleId=26,,592,UTF-8,1,0,FOUNDSJJ,0,0
1779177370032,508,HTTP Request,200,,Thread Group 1-438,text,true,,365,437,75,75,http://localhost.com:7010/api/bbs/user/updateLikeState?articleId=26,,508,UTF-8,1,0,FOUNDSJJ,0,0
1779177369294,2339,HTTP Request,200,,Thread Group 1-434,text,true,,365,437,86,86,http://localhost.com:7010/api/bbs/user/updateLikeState?articleId=26,,2339,UTF-8,1,0,FOUNDSJJ,0,0
1779177370197,1557,HTTP Request,200,,Thread Group 1-452,text,true,,819,270,87,87,http://localhost.com:7010/api/bbs/sso/login,,1557,UTF-8,1,0,FOUNDSJJ,0,1
1779177370290,2289,HTTP Request,200,,Thread Group 1-453,text,true,,819,270,95,95,http://localhost.com:7010/api/bbs/sso/login,,2289,UTF-8,1,0,FOUNDSJJ,0,2
1779177370589,2049,HTTP Request,200,,Thread Group 1-456,text,true,,819,270,96,96,http://localhost.com:7010/api/bbs/sso/login,,2049,UTF-8,1,0,FOUNDSJJ,0,2
1779177370389,2278,HTTP Request,200,,Thread Group 1-454,text,true,,819,270,96,96,http://localhost.com:7010/api/bbs/sso/login,,2278,UTF-8,1,0,FOUNDSJJ,0,2
1779177370789,1878,HTTP Request,200,,Thread Group 1-458,text,true,,819,270,96,96,http://localhost.com:7010/api/bbs/sso/login,,1878,UTF-8,1,0,FOUNDSJJ,0,1
1779177370889,1778,HTTP Request,200,,Thread Group 1-459,text,true,,819,270,96,96,http://localhost.com:7010/api/bbs/sso/login,,1778,UTF-8,1,0,FOUNDSJJ,0,1
1779177370485,2182,HTTP Request,200,,Thread Group 1-455,text,true,,819,270,96,96,http://localhost.com:7010/api/bbs/sso/login,,2182,UTF-8,1,0,FOUNDSJJ,0,2
1779177370992,1675,HTTP Request,200,,Thread Group 1-460,text,true,,819,270,96,96,http://localhost.com:7010/api/bbs/sso/login,,1675,UTF-8,1,0,FOUNDSJJ,0,1
1779177369949,2719,HTTP Request,200,,Thread Group 1-437,text,true,,365,437,96,96,http://localhost.com:7010/api/bbs/user/updateLikeState?articleId=26,,2718,UTF-8,1,0,FOUNDSJJ,0,0
1779177370689,1978,HTTP Request,200,,Thread Group 1-457,text,true,,819,270,96,96,http://localhost.com:7010/api/bbs/sso/login,,1978,UTF-8,1,0,FOUNDSJJ,0,1
1779177372589,113,HTTP Request,200,,Thread Group 1-476,text,true,,819,270,97,97,http://localhost.com:7010/api/bbs/sso/login,,112,UTF-8,1,0,FOUNDSJJ,0,1
1779177372290,410,HTTP Request,200,,Thread Group 1-473,text,true,,819,270,97,97,http://localhost.com:7010/api/bbs/sso/login,,410,UTF-8,1,0,FOUNDSJJ,0,1
1779177371587,1114,HTTP Request,200,,Thread Group 1-466,text,true,,819,270,97,97,http://localhost.com:7010/api/bbs/sso/login,,1113,UTF-8,1,0,FOUNDSJJ,0,1
1779177371295,1405,HTTP Request,200,,Thread Group 1-463,text,true,,819,270,97,97,http://localhost.com:7010/api/bbs/sso/login,,1405,UTF-8,1,0,FOUNDSJJ,0,1
1779177371390,1311,HTTP Request,200,,Thread Group 1-464,text,true,,819,270,97,97,http://localhost.com:7010/api/bbs/sso/login,,1310,UTF-8,1,0,FOUNDSJJ,0,0
1779177371098,1603,HTTP Request,200,,Thread Group 1-461,text,true,,819,270,97,97,http://localhost.com:7010/api/bbs/sso/login,,1602,UTF-8,1,0,FOUNDSJJ,0,1
1779177372096,605,HTTP Request,200,,Thread Group 1-471,text,true,,819,270,97,97,http://localhost.com:7010/api/bbs/sso/login,,604,UTF-8,1,0,FOUNDSJJ,0,1
1779177371189,1512,HTTP Request,200,,Thread Group 1-462,text,true,,819,270,97,97,http://localhost.com:7010/api/bbs/sso/login,,1511,UTF-8,1,0,FOUNDSJJ,0,1
1779177371889,812,HTTP Request,200,,Thread Group 1-469,text,true,,819,270,97,97,http://localhost.com:7010/api/bbs/sso/login,,811,UTF-8,1,0,FOUNDSJJ,0,1
1779177371489,1212,HTTP Request,200,,Thread Group 1-465,text,true,,819,270,97,97,http://localhost.com:7010/api/bbs/sso/login,,1211,UTF-8,1,0,FOUNDSJJ,0,1
1779177371789,912,HTTP Request,200,,Thread Group 1-468,text,true,,819,270,97,97,http://localhost.com:7010/api/bbs/sso/login,,911,UTF-8,1,0,FOUNDSJJ,0,1
1779177371986,715,HTTP Request,200,,Thread Group 1-470,text,true,,819,270,97,97,http://localhost.com:7010/api/bbs/sso/login,,714,UTF-8,1,0,FOUNDSJJ,0,1
1779177371690,1011,HTTP Request,200,,Thread Group 1-467,text,true,,819,270,97,97,http://localhost.com:7010/api/bbs/sso/login,,1010,UTF-8,1,0,FOUNDSJJ,0,1
1779177372490,212,HTTP Request,200,,Thread Group 1-475,text,true,,819,270,97,97,http://localhost.com:7010/api/bbs/sso/login,,210,UTF-8,1,0,FOUNDSJJ,0,1
1779177372389,313,HTTP Request,200,,Thread Group 1-474,text,true,,819,270,97,97,http://localhost.com:7010/api/bbs/sso/login,,311,UTF-8,1,0,FOUNDSJJ,0,1
1779177372186,515,HTTP Request,200,,Thread Group 1-472,text,true,,819,270,97,97,http://localhost.com:7010/api/bbs/sso/login,,514,UTF-8,1,0,FOUNDSJJ,0,0
1779177372691,78,HTTP Request,200,,Thread Group 1-477,text,true,,819,270,97,97,http://localhost.com:7010/api/bbs/sso/login,,75,UTF-8,1,0,FOUNDSJJ,0,1
1779177369977,2793,HTTP Request,200,,Thread Group 1-427,text,true,,365,437,97,97,http://localhost.com:7010/api/bbs/user/updateLikeState?articleId=26,,2793,UTF-8,1,0,FOUNDSJJ,0,0
1779177369888,2881,HTTP Request,200,,Thread Group 1-381,text,true,,365,437,97,97,http://localhost.com:7010/api/bbs/user/updateLikeState?articleId=26,,2881,UTF-8,1,0,FOUNDSJJ,0,0
1779177369413,3356,HTTP Request,200,,Thread Group 1-377,text,true,,365,437,97,97,http://localhost.com:7010/api/bbs/user/updateLikeState?articleId=26,,3356,UTF-8,1,0,FOUNDSJJ,0,0
1779177370093,2716,HTTP Request,200,,Thread Group 1-429,text,true,,365,437,96,96,http://localhost.com:7010/api/bbs/user/updateLikeState?articleId=26,,2716,UTF-8,1,0,FOUNDSJJ,0,0
1779177370063,2746,HTTP Request,200,,Thread Group 1-440,text,true,,365,437,96,96,http://localhost.com:7010/api/bbs/user/updateLikeState?articleId=26,,2746,UTF-8,1,0,FOUNDSJJ,0,0
1779177369223,3586,HTTP Request,200,,Thread Group 1-394,text,true,,365,437,96,96,http://localhost.com:7010/api/bbs/user/updateLikeState?articleId=26,,3586,UTF-8,1,0,FOUNDSJJ,0,0
1779177369949,2860,HTTP Request,200,,Thread Group 1-436,text,true,,365,437,96,96,http://localhost.com:7010/api/bbs/user/updateLikeState?articleId=26,,2860,UTF-8,1,0,FOUNDSJJ,0,0
1779177370063,2746,HTTP Request,200,,Thread Group 1-441,text,true,,365,437,96,96,http://localhost.com:7010/api/bbs/user/updateLikeState?articleId=26,,2746,UTF-8,1,0,FOUNDSJJ,0,0
1779177370162,2650,HTTP Request,200,,Thread Group 1-407,text,true,,365,437,96,96,http://localhost.com:7010/api/bbs/user/updateLikeState?articleId=26,,2650,UTF-8,1,0,FOUNDSJJ,0,0
1779177370091,2721,HTTP Request,200,,Thread Group 1-443,text,true,,365,437,96,96,http://localhost.com:7010/api/bbs/user/updateLikeState?articleId=26,,2721,UTF-8,1,0,FOUNDSJJ,0,0
1779177370091,2721,HTTP Request,200,,Thread Group 1-446,text,true,,365,437,96,96,http://localhost.com:7010/api/bbs/user/updateLikeState?articleId=26,,2721,UTF-8,1,0,FOUNDSJJ,0,0
1779177370243,2599,HTTP Request,200,,Thread Group 1-387,text,true,,365,437,96,96,http://localhost.com:7010/api/bbs/user/updateLikeState?articleId=26,,2599,UTF-8,1,0,FOUNDSJJ,0,0
1779177370092,2750,HTTP Request,200,,Thread Group 1-412,text,true,,365,437,96,96,http://localhost.com:7010/api/bbs/user/updateLikeState?articleId=26,,2750,UTF-8,1,0,FOUNDSJJ,0,0
1779177370063,2779,HTTP Request,200,,Thread Group 1-439,text,true,,365,437,96,96,http://localhost.com:7010/api/bbs/user/updateLikeState?articleId=26,,2779,UTF-8,1,0,FOUNDSJJ,0,0
1779177370280,2562,HTTP Request,200,,Thread Group 1-401,text,true,,365,437,96,96,http://localhost.com:7010/api/bbs/user/updateLikeState?articleId=26,,2562,UTF-8,1,0,FOUNDSJJ,0,0
1779177370147,2695,HTTP Request,200,,Thread Group 1-399,text,true,,365,437,96,96,http://localhost.com:7010/api/bbs/user/updateLikeState?articleId=26,,2695,UTF-8,1,0,FOUNDSJJ,0,0
1779177370091,2751,HTTP Request,200,,Thread Group 1-442,text,true,,365,437,96,96,http://localhost.com:7010/api/bbs/user/updateLikeState?articleId=26,,2751,UTF-8,1,0,FOUNDSJJ,0,0
1779177370221,2637,HTTP Request,200,,Thread Group 1-409,text,true,,365,437,95,95,http://localhost.com:7010/api/bbs/user/updateLikeState?articleId=26,,2636,UTF-8,1,0,FOUNDSJJ,0,0
1779177370216,2642,HTTP Request,200,,Thread Group 1-398,text,true,,365,437,95,95,http://localhost.com:7010/api/bbs/user/updateLikeState?articleId=26,,2642,UTF-8,1,0,FOUNDSJJ,0,0
1779177370093,2765,HTTP Request,200,,Thread Group 1-431,text,true,,365,437,95,95,http://localhost.com:7010/api/bbs/user/updateLikeState?articleId=26,,2765,UTF-8,1,0,FOUNDSJJ,0,0
1779177370354,2504,HTTP Request,200,,Thread Group 1-386,text,true,,365,437,95,95,http://localhost.com:7010/api/bbs/user/updateLikeState?articleId=26,,2504,UTF-8,1,0,FOUNDSJJ,0,0
1779177370220,2638,HTTP Request,200,,Thread Group 1-385,text,true,,365,437,95,95,http://localhost.com:7010/api/bbs/user/updateLikeState?articleId=26,,2638,UTF-8,1,0,FOUNDSJJ,0,0
1779177370491,2368,HTTP Request,200,,Thread Group 1-421,text,true,,365,437,95,95,http://localhost.com:7010/api/bbs/user/updateLikeState?articleId=26,,2368,UTF-8,1,0,FOUNDSJJ,0,0
1779177370297,2562,HTTP Request,200,,Thread Group 1-400,text,true,,365,437,95,95,http://localhost.com:7010/api/bbs/user/updateLikeState?articleId=26,,2562,UTF-8,1,0,FOUNDSJJ,0,0
1779177370306,2553,HTTP Request,200,,Thread Group 1-423,text,true,,365,437,94,94,http://localhost.com:7010/api/bbs/user/updateLikeState?articleId=26,,2553,UTF-8,1,0,FOUNDSJJ,0,0
1779177370091,2768,HTTP Request,200,,Thread Group 1-430,text,true,,365,437,95,95,http://localhost.com:7010/api/bbs/user/updateLikeState?articleId=26,,2768,UTF-8,1,0,FOUNDSJJ,0,0
1779177370242,2618,HTTP Request,200,,Thread Group 1-413,text,true,,365,437,93,93,http://localhost.com:7010/api/bbs/user/updateLikeState?articleId=26,,2618,UTF-8,1,0,FOUNDSJJ,0,0
1779177370279,2580,HTTP Request,200,,Thread Group 1-404,text,true,,365,437,94,94,http://localhost.com:7010/api/bbs/user/updateLikeState?articleId=26,,2580,UTF-8,1,0,FOUNDSJJ,0,0
1779177370092,2768,HTTP Request,200,,Thread Group 1-450,text,true,,365,437,93,93,http://localhost.com:7010/api/bbs/user/updateLikeState?articleId=26,,2767,UTF-8,1,0,FOUNDSJJ,0,0
1779177370092,2768,HTTP Request,200,,Thread Group 1-448,text,true,,365,437,93,93,http://localhost.com:7010/api/bbs/user/updateLikeState?articleId=26,,2768,UTF-8,1,0,FOUNDSJJ,0,0
1779177370242,2617,HTTP Request,200,,Thread Group 1-390,text,true,,365,437,93,93,http://localhost.com:7010/api/bbs/user/updateLikeState?articleId=26,,2617,UTF-8,1,0,FOUNDSJJ,0,0
1779177370092,2768,HTTP Request,200,,Thread Group 1-447,text,true,,365,437,93,93,http://localhost.com:7010/api/bbs/user/updateLikeState?articleId=26,,2767,UTF-8,1,0,FOUNDSJJ,0,0
1779177370243,2617,HTTP Request,200,,Thread Group 1-384,text,true,,365,437,93,93,http://localhost.com:7010/api/bbs/user/updateLikeState?articleId=26,,2617,UTF-8,1,0,FOUNDSJJ,0,0
1779177370416,2444,HTTP Request,200,,Thread Group 1-422,text,true,,365,437,93,93,http://localhost.com:7010/api/bbs/user/updateLikeState?articleId=26,,2444,UTF-8,1,0,FOUNDSJJ,0,0
1779177370280,2580,HTTP Request,200,,Thread Group 1-402,text,true,,365,437,93,93,http://localhost.com:7010/api/bbs/user/updateLikeState?articleId=26,,2580,UTF-8,1,0,FOUNDSJJ,0,0
1779177370091,2779,HTTP Request,200,,Thread Group 1-445,text,true,,365,437,91,91,http://localhost.com:7010/api/bbs/user/updateLikeState?articleId=26,,2779,UTF-8,1,0,FOUNDSJJ,0,0
1779177370283,2587,HTTP Request,200,,Thread Group 1-391,text,true,,365,437,91,91,http://localhost.com:7010/api/bbs/user/updateLikeState?articleId=26,,2587,UTF-8,1,0,FOUNDSJJ,0,0
1779177370306,2564,HTTP Request,200,,Thread Group 1-451,text,true,,365,437,91,91,http://localhost.com:7010/api/bbs/user/updateLikeState?articleId=26,,2564,UTF-8,1,0,FOUNDSJJ,0,0
1779177370306,2564,HTTP Request,200,,Thread Group 1-425,text,true,,365,437,91,91,http://localhost.com:7010/api/bbs/user/updateLikeState?articleId=26,,2564,UTF-8,1,0,FOUNDSJJ,0,0
1779177370091,2779,HTTP Request,200,,Thread Group 1-444,text,true,,365,437,91,91,http://localhost.com:7010/api/bbs/user/updateLikeState?articleId=26,,2779,UTF-8,1,0,FOUNDSJJ,0,0
1779177370354,2516,HTTP Request,200,,Thread Group 1-414,text,true,,365,437,91,91,http://localhost.com:7010/api/bbs/user/updateLikeState?articleId=26,,2516,UTF-8,1,0,FOUNDSJJ,0,0
1779177370242,2629,HTTP Request,200,,Thread Group 1-410,text,true,,365,437,91,91,http://localhost.com:7010/api/bbs/user/updateLikeState?articleId=26,,2629,UTF-8,1,0,FOUNDSJJ,0,0
1779177370338,2533,HTTP Request,200,,Thread Group 1-411,text,true,,365,437,91,91,http://localhost.com:7010/api/bbs/user/updateLikeState?articleId=26,,2533,UTF-8,1,0,FOUNDSJJ,0,0
1779177370297,2589,HTTP Request,200,,Thread Group 1-405,text,true,,365,437,90,90,http://localhost.com:7010/api/bbs/user/updateLikeState?articleId=26,,2589,UTF-8,1,0,FOUNDSJJ,0,0
1779177370491,2406,HTTP Request,200,,Thread Group 1-433,text,true,,365,437,90,90,http://localhost.com:7010/api/bbs/user/updateLikeState?articleId=26,,2406,UTF-8,1,0,FOUNDSJJ,0,0
1779177370279,2618,HTTP Request,200,,Thread Group 1-432,text,true,,365,437,91,91,http://localhost.com:7010/api/bbs/user/updateLikeState?articleId=26,,2618,UTF-8,1,0,FOUNDSJJ,0,0
1779177370219,2678,HTTP Request,200,,Thread Group 1-383,text,true,,365,437,91,91,http://localhost.com:7010/api/bbs/user/updateLikeState?articleId=26,,2678,UTF-8,1,0,FOUNDSJJ,0,0
1779177370338,2559,HTTP Request,200,,Thread Group 1-418,text,true,,365,437,90,90,http://localhost.com:7010/api/bbs/user/updateLikeState?articleId=26,,2559,UTF-8,1,0,FOUNDSJJ,0,0
1779177370542,2355,HTTP Request,200,,Thread Group 1-438,text,true,,365,437,90,90,http://localhost.com:7010/api/bbs/user/updateLikeState?articleId=26,,2355,UTF-8,1,0,FOUNDSJJ,0,0
1779177370242,2656,HTTP Request,200,,Thread Group 1-415,text,true,,365,437,91,91,http://localhost.com:7010/api/bbs/user/updateLikeState?articleId=26,,2656,UTF-8,1,0,FOUNDSJJ,0,0
1779177370280,2618,HTTP Request,200,,Thread Group 1-416,text,true,,365,437,91,91,http://localhost.com:7010/api/bbs/user/updateLikeState?articleId=26,,2618,UTF-8,1,0,FOUNDSJJ,0,0
1779177370337,2561,HTTP Request,200,,Thread Group 1-396,text,true,,365,437,91,91,http://localhost.com:7010/api/bbs/user/updateLikeState?articleId=26,,2561,UTF-8,1,0,FOUNDSJJ,0,0
1779177370216,2776,HTTP Request,200,,Thread Group 1-397,text,true,,365,437,91,91,http://localhost.com:7010/api/bbs/user/updateLikeState?articleId=26,,2776,UTF-8,1,0,FOUNDSJJ,0,0
1779177370541,2452,HTTP Request,200,,Thread Group 1-435,text,true,,365,437,91,91,http://localhost.com:7010/api/bbs/user/updateLikeState?articleId=26,,2451,UTF-8,1,0,FOUNDSJJ,0,0
1779177370336,2656,HTTP Request,200,,Thread Group 1-403,text,true,,365,437,91,91,http://localhost.com:7010/api/bbs/user/updateLikeState?articleId=26,,2656,UTF-8,1,0,FOUNDSJJ,0,0
1779177370279,2714,HTTP Request,200,,Thread Group 1-406,text,true,,365,437,91,91,http://localhost.com:7010/api/bbs/user/updateLikeState?articleId=26,,2714,UTF-8,1,0,FOUNDSJJ,0,0
1779177370490,2503,HTTP Request,200,,Thread Group 1-419,text,true,,365,437,91,91,http://localhost.com:7010/api/bbs/user/updateLikeState?articleId=26,,2503,UTF-8,1,0,FOUNDSJJ,0,0
1779177370306,2687,HTTP Request,200,,Thread Group 1-426,text,true,,365,437,91,91,http://localhost.com:7010/api/bbs/user/updateLikeState?articleId=26,,2687,UTF-8,1,0,FOUNDSJJ,0,0
1779177370337,2656,HTTP Request,200,,Thread Group 1-389,text,true,,365,437,91,91,http://localhost.com:7010/api/bbs/user/updateLikeState?articleId=26,,2656,UTF-8,1,0,FOUNDSJJ,0,0
1779177370306,2687,HTTP Request,200,,Thread Group 1-424,text,true,,365,437,91,91,http://localhost.com:7010/api/bbs/user/updateLikeState?articleId=26,,2687,UTF-8,1,0,FOUNDSJJ,0,0
1779177370308,2685,HTTP Request,200,,Thread Group 1-393,text,true,,365,437,91,91,http://localhost.com:7010/api/bbs/user/updateLikeState?articleId=26,,2685,UTF-8,1,0,FOUNDSJJ,0,0
1779177370308,2685,HTTP Request,200,,Thread Group 1-417,text,true,,365,437,91,91,http://localhost.com:7010/api/bbs/user/updateLikeState?articleId=26,,2684,UTF-8,1,0,FOUNDSJJ,0,0
1779177370337,2658,HTTP Request,200,,Thread Group 1-392,text,true,,365,437,90,90,http://localhost.com:7010/api/bbs/user/updateLikeState?articleId=26,,2658,UTF-8,1,0,FOUNDSJJ,0,0
1779177370307,2688,HTTP Request,200,,Thread Group 1-408,text,true,,365,437,90,90,http://localhost.com:7010/api/bbs/user/updateLikeState?articleId=26,,2688,UTF-8,1,0,FOUNDSJJ,0,0
1779177370091,2903,HTTP Request,200,,Thread Group 1-449,text,true,,365,437,91,91,http://localhost.com:7010/api/bbs/user/updateLikeState?articleId=26,,2903,UTF-8,1,0,FOUNDSJJ,0,0
1779177370490,2504,HTTP Request,200,,Thread Group 1-428,text,true,,365,437,91,91,http://localhost.com:7010/api/bbs/user/updateLikeState?articleId=26,,2504,UTF-8,1,0,FOUNDSJJ,0,0
1779177370243,2752,HTTP Request,200,,Thread Group 1-388,text,true,,365,437,90,90,http://localhost.com:7010/api/bbs/user/updateLikeState?articleId=26,,2752,UTF-8,1,0,FOUNDSJJ,0,0
1779177370353,2642,HTTP Request,200,,Thread Group 1-420,text,true,,365,437,90,90,http://localhost.com:7010/api/bbs/user/updateLikeState?articleId=26,,2642,UTF-8,1,0,FOUNDSJJ,0,0
1779177370307,2688,HTTP Request,200,,Thread Group 1-395,text,true,,365,437,90,90,http://localhost.com:7010/api/bbs/user/updateLikeState?articleId=26,,2688,UTF-8,1,0,FOUNDSJJ,0,0
1779177371634,1632,HTTP Request,200,,Thread Group 1-434,text,true,,365,437,90,90,http://localhost.com:7010/api/bbs/user/updateLikeState?articleId=26,,1632,UTF-8,1,0,FOUNDSJJ,0,0
1779177372668,598,HTTP Request,200,,Thread Group 1-454,text,true,,365,437,90,90,http://localhost.com:7010/api/bbs/user/updateLikeState?articleId=26,,598,UTF-8,1,0,FOUNDSJJ,0,0
1779177372669,683,HTTP Request,200,,Thread Group 1-455,text,true,,365,437,91,91,http://localhost.com:7010/api/bbs/user/updateLikeState?articleId=26,,683,UTF-8,1,0,FOUNDSJJ,0,0
1779177372579,773,HTTP Request,200,,Thread Group 1-453,text,true,,365,437,91,91,http://localhost.com:7010/api/bbs/user/updateLikeState?articleId=26,,773,UTF-8,1,0,FOUNDSJJ,0,0
1779177372639,732,HTTP Request,200,,Thread Group 1-456,text,true,,365,437,91,91,http://localhost.com:7010/api/bbs/user/updateLikeState?articleId=26,,732,UTF-8,1,0,FOUNDSJJ,0,0
1779177372669,702,HTTP Request,200,,Thread Group 1-460,text,true,,365,437,91,91,http://localhost.com:7010/api/bbs/user/updateLikeState?articleId=26,,702,UTF-8,1,0,FOUNDSJJ,0,0
1779177372668,726,HTTP Request,200,,Thread Group 1-459,text,true,,365,437,92,92,http://localhost.com:7010/api/bbs/user/updateLikeState?articleId=26,,726,UTF-8,1,0,FOUNDSJJ,0,0
1779177372795,599,HTTP Request,200,,Thread Group 1-478,text,true,,819,270,92,92,http://localhost.com:7010/api/bbs/sso/login,,599,UTF-8,1,0,FOUNDSJJ,0,1
1779177372670,735,HTTP Request,200,,Thread Group 1-457,text,true,,365,437,92,92,http://localhost.com:7010/api/bbs/user/updateLikeState?articleId=26,,735,UTF-8,1,0,FOUNDSJJ,0,0
1779177372770,715,HTTP Request,200,,Thread Group 1-477,text,true,,365,437,92,92,http://localhost.com:7010/api/bbs/user/updateLikeState?articleId=26,,715,UTF-8,1,0,FOUNDSJJ,0,0
1779177371754,1770,HTTP Request,200,,Thread Group 1-452,text,true,,365,437,93,93,http://localhost.com:7010/api/bbs/user/updateLikeState?articleId=26,,1770,UTF-8,1,0,FOUNDSJJ,0,0
1779177372735,1051,HTTP Request,200,,Thread Group 1-462,text,true,,365,437,95,95,http://localhost.com:7010/api/bbs/user/updateLikeState?articleId=26,,1051,UTF-8,1,0,FOUNDSJJ,0,0
1779177372735,1051,HTTP Request,200,,Thread Group 1-468,text,true,,365,437,95,95,http://localhost.com:7010/api/bbs/user/updateLikeState?articleId=26,,1051,UTF-8,1,0,FOUNDSJJ,0,0
1779177372736,1197,HTTP Request,200,,Thread Group 1-475,text,true,,365,437,97,97,http://localhost.com:7010/api/bbs/user/updateLikeState?articleId=26,,1197,UTF-8,1,0,FOUNDSJJ,0,0
1779177372736,1255,HTTP Request,200,,Thread Group 1-472,text,true,,365,437,98,98,http://localhost.com:7010/api/bbs/user/updateLikeState?articleId=26,,1255,UTF-8,1,0,FOUNDSJJ,0,0
1779177372668,1324,HTTP Request,200,,Thread Group 1-458,text,true,,365,437,98,98,http://localhost.com:7010/api/bbs/user/updateLikeState?articleId=26,,1323,UTF-8,1,0,FOUNDSJJ,0,0
1779177372735,1257,HTTP Request,200,,Thread Group 1-471,text,true,,365,437,98,98,http://localhost.com:7010/api/bbs/user/updateLikeState?articleId=26,,1257,UTF-8,1,0,FOUNDSJJ,0,0
1779177372734,1316,HTTP Request,200,,Thread Group 1-463,text,true,,365,437,98,98,http://localhost.com:7010/api/bbs/user/updateLikeState?articleId=26,,1316,UTF-8,1,0,FOUNDSJJ,0,0
1779177372898,1299,HTTP Request,200,,Thread Group 1-479,text,true,,819,270,99,99,http://localhost.com:7010/api/bbs/sso/login,,1299,UTF-8,1,0,FOUNDSJJ,0,1
1779177372733,1578,HTTP Request,200,,Thread Group 1-476,text,true,,365,437,101,101,http://localhost.com:7010/api/bbs/user/updateLikeState?articleId=26,,1578,UTF-8,1,0,FOUNDSJJ,0,0
1779177372989,1521,HTTP Request,200,,Thread Group 1-480,text,true,,819,270,103,103,http://localhost.com:7010/api/bbs/sso/login,,1521,UTF-8,1,0,FOUNDSJJ,0,1
1779177373090,1577,HTTP Request,200,,Thread Group 1-481,text,true,,819,270,104,104,http://localhost.com:7010/api/bbs/sso/login,,1577,UTF-8,1,0,FOUNDSJJ,0,1
1779177373190,1477,HTTP Request,200,,Thread Group 1-482,text,true,,819,270,104,104,http://localhost.com:7010/api/bbs/sso/login,,1477,UTF-8,1,0,FOUNDSJJ,0,1
1779177372734,2227,HTTP Request,200,,Thread Group 1-466,text,true,,365,437,107,107,http://localhost.com:7010/api/bbs/user/updateLikeState?articleId=26,,2227,UTF-8,1,0,FOUNDSJJ,0,0
1779177373388,1602,HTTP Request,200,,Thread Group 1-484,text,true,,819,270,107,107,http://localhost.com:7010/api/bbs/sso/login,,1601,UTF-8,1,0,FOUNDSJJ,0,0
1779177373490,1531,HTTP Request,200,,Thread Group 1-485,text,true,,819,270,108,108,http://localhost.com:7010/api/bbs/sso/login,,1531,UTF-8,1,0,FOUNDSJJ,0,0
1779177373289,1758,HTTP Request,200,,Thread Group 1-483,text,true,,819,270,108,108,http://localhost.com:7010/api/bbs/sso/login,,1758,UTF-8,1,0,FOUNDSJJ,0,1
1779177374890,242,HTTP Request,200,,Thread Group 1-499,text,true,,819,270,108,108,http://localhost.com:7010/api/bbs/sso/login,,242,UTF-8,1,0,FOUNDSJJ,0,1
1779177372735,2397,HTTP Request,200,,Thread Group 1-470,text,true,,365,437,108,108,http://localhost.com:7010/api/bbs/user/updateLikeState?articleId=26,,2397,UTF-8,1,0,FOUNDSJJ,0,0
1779177373687,1445,HTTP Request,200,,Thread Group 1-487,text,true,,819,270,108,108,http://localhost.com:7010/api/bbs/sso/login,,1444,UTF-8,1,0,FOUNDSJJ,0,1
1779177372736,2396,HTTP Request,200,,Thread Group 1-474,text,true,,365,437,108,108,http://localhost.com:7010/api/bbs/user/updateLikeState?articleId=26,,2396,UTF-8,1,0,FOUNDSJJ,0,0
1779177373987,1145,HTTP Request,200,,Thread Group 1-490,text,true,,819,270,108,108,http://localhost.com:7010/api/bbs/sso/login,,1144,UTF-8,1,0,FOUNDSJJ,0,0
1779177374198,935,HTTP Request,200,,Thread Group 1-492,text,true,,819,270,108,108,http://localhost.com:7010/api/bbs/sso/login,,933,UTF-8,1,0,FOUNDSJJ,0,1
1779177373789,1343,HTTP Request,200,,Thread Group 1-488,text,true,,819,270,108,108,http://localhost.com:7010/api/bbs/sso/login,,1342,UTF-8,1,0,FOUNDSJJ,0,1
1779177374097,1035,HTTP Request,200,,Thread Group 1-491,text,true,,819,270,108,108,http://localhost.com:7010/api/bbs/sso/login,,1034,UTF-8,1,0,FOUNDSJJ,0,1
1779177373890,1242,HTTP Request,200,,Thread Group 1-489,text,true,,819,270,108,108,http://localhost.com:7010/api/bbs/sso/login,,1241,UTF-8,1,0,FOUNDSJJ,0,1
1779177373589,1543,HTTP Request,200,,Thread Group 1-486,text,true,,819,270,108,108,http://localhost.com:7010/api/bbs/sso/login,,1542,UTF-8,1,0,FOUNDSJJ,0,2
1779177374794,340,HTTP Request,200,,Thread Group 1-498,text,true,,819,270,108,108,http://localhost.com:7010/api/bbs/sso/login,,338,UTF-8,1,0,FOUNDSJJ,0,1
1779177374687,447,HTTP Request,200,,Thread Group 1-497,text,true,,819,270,108,108,http://localhost.com:7010/api/bbs/sso/login,,445,UTF-8,1,0,FOUNDSJJ,0,1
1779177372735,2400,HTTP Request,200,,Thread Group 1-465,text,true,,365,437,108,108,http://localhost.com:7010/api/bbs/user/updateLikeState?articleId=26,,2400,UTF-8,1,0,FOUNDSJJ,0,0
1779177374599,535,HTTP Request,200,,Thread Group 1-496,text,true,,819,270,108,108,http://localhost.com:7010/api/bbs/sso/login,,532,UTF-8,1,0,FOUNDSJJ,0,1
1779177374494,639,HTTP Request,200,,Thread Group 1-495,text,true,,819,270,108,108,http://localhost.com:7010/api/bbs/sso/login,,637,UTF-8,1,0,FOUNDSJJ,0,1
1779177374289,844,HTTP Request,200,,Thread Group 1-493,text,true,,819,270,108,108,http://localhost.com:7010/api/bbs/sso/login,,842,UTF-8,1,0,FOUNDSJJ,0,1
1779177372669,2466,HTTP Request,200,,Thread Group 1-437,text,true,,365,437,108,108,http://localhost.com:7010/api/bbs/user/updateLikeState?articleId=26,,2466,UTF-8,1,0,FOUNDSJJ,0,0
1779177374389,744,HTTP Request,200,,Thread Group 1-494,text,true,,819,270,108,108,http://localhost.com:7010/api/bbs/sso/login,,742,UTF-8,1,0,FOUNDSJJ,0,2
1779177372735,2399,HTTP Request,200,,Thread Group 1-469,text,true,,365,437,108,108,http://localhost.com:7010/api/bbs/user/updateLikeState?articleId=26,,2399,UTF-8,1,0,FOUNDSJJ,0,0
1779177372734,2400,HTTP Request,200,,Thread Group 1-464,text,true,,365,437,108,108,http://localhost.com:7010/api/bbs/user/updateLikeState?articleId=26,,2400,UTF-8,1,0,FOUNDSJJ,0,0
1779177372814,2320,HTTP Request,200,,Thread Group 1-443,text,true,,365,437,108,108,http://localhost.com:7010/api/bbs/user/updateLikeState?articleId=26,,2320,UTF-8,1,0,FOUNDSJJ,0,0
1779177372810,2324,HTTP Request,200,,Thread Group 1-436,text,true,,365,437,108,108,http://localhost.com:7010/api/bbs/user/updateLikeState?articleId=26,,2324,UTF-8,1,0,FOUNDSJJ,0,0
1779177374998,159,HTTP Request,200,,Thread Group 1-500,text,true,,819,270,108,108,http://localhost.com:7010/api/bbs/sso/login,,159,UTF-8,1,0,FOUNDSJJ,0,1
1779177372733,2457,HTTP Request,200,,Thread Group 1-473,text,true,,365,437,108,108,http://localhost.com:7010/api/bbs/user/updateLikeState?articleId=26,,2457,UTF-8,1,0,FOUNDSJJ,0,0
1779177372844,2346,HTTP Request,200,,Thread Group 1-442,text,true,,365,437,108,108,http://localhost.com:7010/api/bbs/user/updateLikeState?articleId=26,,2346,UTF-8,1,0,FOUNDSJJ,0,0
1779177372734,2464,HTTP Request,200,,Thread Group 1-461,text,true,,365,437,108,108,http://localhost.com:7010/api/bbs/user/updateLikeState?articleId=26,,2464,UTF-8,1,0,FOUNDSJJ,0,0
1779177372898,2315,HTTP Request,200,,Thread Group 1-432,text,true,,365,437,108,108,http://localhost.com:7010/api/bbs/user/updateLikeState?articleId=26,,2315,UTF-8,1,0,FOUNDSJJ,0,0
1779177372811,2406,HTTP Request,200,,Thread Group 1-441,text,true,,365,437,108,108,http://localhost.com:7010/api/bbs/user/updateLikeState?articleId=26,,2406,UTF-8,1,0,FOUNDSJJ,0,0
1779177372809,2435,HTTP Request,200,,Thread Group 1-440,text,true,,365,437,108,108,http://localhost.com:7010/api/bbs/user/updateLikeState?articleId=26,,2435,UTF-8,1,0,FOUNDSJJ,0,0
1779177372814,2458,HTTP Request,200,,Thread Group 1-446,text,true,,365,437,108,108,http://localhost.com:7010/api/bbs/user/updateLikeState?articleId=26,,2458,UTF-8,1,0,FOUNDSJJ,0,0
1779177372771,2501,HTTP Request,200,,Thread Group 1-427,text,true,,365,437,108,108,http://localhost.com:7010/api/bbs/user/updateLikeState?articleId=26,,2501,UTF-8,1,0,FOUNDSJJ,0,0
1779177372900,2373,HTTP Request,200,,Thread Group 1-416,text,true,,365,437,108,108,http://localhost.com:7010/api/bbs/user/updateLikeState?articleId=26,,2373,UTF-8,1,0,FOUNDSJJ,0,0
1779177372809,2463,HTTP Request,200,,Thread Group 1-429,text,true,,365,437,108,108,http://localhost.com:7010/api/bbs/user/updateLikeState?articleId=26,,2463,UTF-8,1,0,FOUNDSJJ,0,0
1779177372861,2483,HTTP Request,200,,Thread Group 1-448,text,true,,365,437,108,108,http://localhost.com:7010/api/bbs/user/updateLikeState?articleId=26,,2483,UTF-8,1,0,FOUNDSJJ,0,0
1779177372862,2482,HTTP Request,200,,Thread Group 1-402,text,true,,365,437,108,108,http://localhost.com:7010/api/bbs/user/updateLikeState?articleId=26,,2482,UTF-8,1,0,FOUNDSJJ,0,0
1779177372859,2485,HTTP Request,200,,Thread Group 1-421,text,true,,365,437,108,108,http://localhost.com:7010/api/bbs/user/updateLikeState?articleId=26,,2485,UTF-8,1,0,FOUNDSJJ,0,0
1779177372860,2573,HTTP Request,200,,Thread Group 1-430,text,true,,365,437,107,107,http://localhost.com:7010/api/bbs/user/updateLikeState?articleId=26,,2573,UTF-8,1,0,FOUNDSJJ,0,0
1779177372859,2574,HTTP Request,200,,Thread Group 1-398,text,true,,365,437,107,107,http://localhost.com:7010/api/bbs/user/updateLikeState?articleId=26,,2574,UTF-8,1,0,FOUNDSJJ,0,0
1779177372872,2562,HTTP Request,200,,Thread Group 1-451,text,true,,365,437,107,107,http://localhost.com:7010/api/bbs/user/updateLikeState?articleId=26,,2562,UTF-8,1,0,FOUNDSJJ,0,0
1779177372859,2574,HTTP Request,200,,Thread Group 1-431,text,true,,365,437,107,107,http://localhost.com:7010/api/bbs/user/updateLikeState?articleId=26,,2574,UTF-8,1,0,FOUNDSJJ,0,0
1779177372898,2536,HTTP Request,200,,Thread Group 1-433,text,true,,365,437,107,107,http://localhost.com:7010/api/bbs/user/updateLikeState?articleId=26,,2536,UTF-8,1,0,FOUNDSJJ,0,0
1779177372736,2697,HTTP Request,200,,Thread Group 1-467,text,true,,365,437,107,107,http://localhost.com:7010/api/bbs/user/updateLikeState?articleId=26,,2697,UTF-8,1,0,FOUNDSJJ,0,0
1779177372873,2562,HTTP Request,200,,Thread Group 1-414,text,true,,365,437,106,106,http://localhost.com:7010/api/bbs/user/updateLikeState?articleId=26,,2562,UTF-8,1,0,FOUNDSJJ,0,0
1779177372871,2563,HTTP Request,200,,Thread Group 1-445,text,true,,365,437,107,107,http://localhost.com:7010/api/bbs/user/updateLikeState?articleId=26,,2563,UTF-8,1,0,FOUNDSJJ,0,0
1779177372872,2562,HTTP Request,200,,Thread Group 1-425,text,true,,365,437,107,107,http://localhost.com:7010/api/bbs/user/updateLikeState?articleId=26,,2562,UTF-8,1,0,FOUNDSJJ,0,0
1779177372843,2591,HTTP Request,200,,Thread Group 1-399,text,true,,365,437,107,107,http://localhost.com:7010/api/bbs/user/updateLikeState?articleId=26,,2591,UTF-8,1,0,FOUNDSJJ,0,0
1779177372887,2547,HTTP Request,200,,Thread Group 1-405,text,true,,365,437,107,107,http://localhost.com:7010/api/bbs/user/updateLikeState?articleId=26,,2547,UTF-8,1,0,FOUNDSJJ,0,0
1779177372996,2439,HTTP Request,200,,Thread Group 1-428,text,true,,365,437,106,106,http://localhost.com:7010/api/bbs/user/updateLikeState?articleId=26,,2438,UTF-8,1,0,FOUNDSJJ,0,0
1779177372813,2648,HTTP Request,200,,Thread Group 1-407,text,true,,365,437,104,104,http://localhost.com:7010/api/bbs/user/updateLikeState?articleId=26,,2648,UTF-8,1,0,FOUNDSJJ,0,0
1779177372860,2602,HTTP Request,200,,Thread Group 1-423,text,true,,365,437,104,104,http://localhost.com:7010/api/bbs/user/updateLikeState?articleId=26,,2602,UTF-8,1,0,FOUNDSJJ,0,0
1779177372900,2562,HTTP Request,200,,Thread Group 1-396,text,true,,365,437,104,104,http://localhost.com:7010/api/bbs/user/updateLikeState?articleId=26,,2562,UTF-8,1,0,FOUNDSJJ,0,0
1779177372810,2652,HTTP Request,200,,Thread Group 1-394,text,true,,365,437,104,104,http://localhost.com:7010/api/bbs/user/updateLikeState?articleId=26,,2652,UTF-8,1,0,FOUNDSJJ,0,0
1779177372861,2601,HTTP Request,200,,Thread Group 1-422,text,true,,365,437,104,104,http://localhost.com:7010/api/bbs/user/updateLikeState?articleId=26,,2601,UTF-8,1,0,FOUNDSJJ,0,0
1779177372843,2648,HTTP Request,200,,Thread Group 1-401,text,true,,365,437,102,102,http://localhost.com:7010/api/bbs/user/updateLikeState?articleId=26,,2648,UTF-8,1,0,FOUNDSJJ,0,0
1779177372860,2631,HTTP Request,200,,Thread Group 1-450,text,true,,365,437,102,102,http://localhost.com:7010/api/bbs/user/updateLikeState?articleId=26,,2631,UTF-8,1,0,FOUNDSJJ,0,0
1779177372899,2627,HTTP Request,200,,Thread Group 1-438,text,true,,365,437,101,101,http://localhost.com:7010/api/bbs/user/updateLikeState?articleId=26,,2627,UTF-8,1,0,FOUNDSJJ,0,0
1779177372996,2531,HTTP Request,200,,Thread Group 1-408,text,true,,365,437,101,101,http://localhost.com:7010/api/bbs/user/updateLikeState?articleId=26,,2531,UTF-8,1,0,FOUNDSJJ,0,0
1779177372872,2655,HTTP Request,200,,Thread Group 1-444,text,true,,365,437,101,101,http://localhost.com:7010/api/bbs/user/updateLikeState?articleId=26,,2655,UTF-8,1,0,FOUNDSJJ,0,0
1779177372993,2534,HTTP Request,200,,Thread Group 1-435,text,true,,365,437,101,101,http://localhost.com:7010/api/bbs/user/updateLikeState?articleId=26,,2534,UTF-8,1,0,FOUNDSJJ,0,0
1779177372873,2654,HTTP Request,200,,Thread Group 1-411,text,true,,365,437,101,101,http://localhost.com:7010/api/bbs/user/updateLikeState?articleId=26,,2653,UTF-8,1,0,FOUNDSJJ,0,0
1779177372843,2683,HTTP Request,200,,Thread Group 1-412,text,true,,365,437,101,101,http://localhost.com:7010/api/bbs/user/updateLikeState?articleId=26,,2683,UTF-8,1,0,FOUNDSJJ,0,0
1779177372860,2668,HTTP Request,200,,Thread Group 1-413,text,true,,365,437,101,101,http://localhost.com:7010/api/bbs/user/updateLikeState?articleId=26,,2668,UTF-8,1,0,FOUNDSJJ,0,0
1779177372994,2532,HTTP Request,200,,Thread Group 1-406,text,true,,365,437,101,101,http://localhost.com:7010/api/bbs/user/updateLikeState?articleId=26,,2532,UTF-8,1,0,FOUNDSJJ,0,0
1779177372860,2666,HTTP Request,200,,Thread Group 1-400,text,true,,365,437,101,101,http://localhost.com:7010/api/bbs/user/updateLikeState?articleId=26,,2666,UTF-8,1,0,FOUNDSJJ,0,0
1779177373486,2042,HTTP Request,200,,Thread Group 1-477,text,true,,365,437,101,101,http://localhost.com:7010/api/bbs/user/updateLikeState?articleId=26,,2042,UTF-8,1,0,FOUNDSJJ,0,0
1779177373371,2157,HTTP Request,200,,Thread Group 1-460,text,true,,365,437,101,101,http://localhost.com:7010/api/bbs/user/updateLikeState?articleId=26,,2157,UTF-8,1,0,FOUNDSJJ,0,0
1779177372994,2534,HTTP Request,200,,Thread Group 1-426,text,true,,365,437,101,101,http://localhost.com:7010/api/bbs/user/updateLikeState?articleId=26,,2534,UTF-8,1,0,FOUNDSJJ,0,0
1779177373267,2261,HTTP Request,200,,Thread Group 1-454,text,true,,365,437,101,101,http://localhost.com:7010/api/bbs/user/updateLikeState?articleId=26,,2261,UTF-8,1,0,FOUNDSJJ,0,0
1779177372994,2534,HTTP Request,200,,Thread Group 1-419,text,true,,365,437,101,101,http://localhost.com:7010/api/bbs/user/updateLikeState?articleId=26,,2534,UTF-8,1,0,FOUNDSJJ,0,0
1779177372993,2535,HTTP Request,200,,Thread Group 1-397,text,true,,365,437,101,101,http://localhost.com:7010/api/bbs/user/updateLikeState?articleId=26,,2535,UTF-8,1,0,FOUNDSJJ,0,0
1779177372873,2655,HTTP Request,200,,Thread Group 1-410,text,true,,365,437,101,101,http://localhost.com:7010/api/bbs/user/updateLikeState?articleId=26,,2655,UTF-8,1,0,FOUNDSJJ,0,0
1779177372899,2628,HTTP Request,200,,Thread Group 1-418,text,true,,365,437,101,101,http://localhost.com:7010/api/bbs/user/updateLikeState?articleId=26,,2628,UTF-8,1,0,FOUNDSJJ,0,0
1779177372858,2669,HTTP Request,200,,Thread Group 1-409,text,true,,365,437,101,101,http://localhost.com:7010/api/bbs/user/updateLikeState?articleId=26,,2669,UTF-8,1,0,FOUNDSJJ,0,0
1779177373267,2260,HTTP Request,200,,Thread Group 1-434,text,true,,365,437,101,101,http://localhost.com:7010/api/bbs/user/updateLikeState?articleId=26,,2260,UTF-8,1,0,FOUNDSJJ,0,0
1779177372995,2532,HTTP Request,200,,Thread Group 1-417,text,true,,365,437,101,101,http://localhost.com:7010/api/bbs/user/updateLikeState?articleId=26,,2532,UTF-8,1,0,FOUNDSJJ,0,0
1779177373406,2121,HTTP Request,200,,Thread Group 1-457,text,true,,365,437,101,101,http://localhost.com:7010/api/bbs/user/updateLikeState?articleId=26,,2121,UTF-8,1,0,FOUNDSJJ,0,0
1779177372997,2530,HTTP Request,200,,Thread Group 1-395,text,true,,365,437,101,101,http://localhost.com:7010/api/bbs/user/updateLikeState?articleId=26,,2530,UTF-8,1,0,FOUNDSJJ,0,0
1779177372843,2684,HTTP Request,200,,Thread Group 1-439,text,true,,365,437,101,101,http://localhost.com:7010/api/bbs/user/updateLikeState?articleId=26,,2684,UTF-8,1,0,FOUNDSJJ,0,0
1779177373395,2134,HTTP Request,200,,Thread Group 1-478,text,true,,365,437,100,100,http://localhost.com:7010/api/bbs/user/updateLikeState?articleId=26,,2134,UTF-8,1,0,FOUNDSJJ,0,0
1779177373353,2176,HTTP Request,200,,Thread Group 1-453,text,true,,365,437,100,100,http://localhost.com:7010/api/bbs/user/updateLikeState?articleId=26,,2176,UTF-8,1,0,FOUNDSJJ,0,0
1779177372994,2535,HTTP Request,200,,Thread Group 1-403,text,true,,365,437,100,100,http://localhost.com:7010/api/bbs/user/updateLikeState?articleId=26,,2535,UTF-8,1,0,FOUNDSJJ,0,0
1779177372997,2532,HTTP Request,200,,Thread Group 1-420,text,true,,365,437,100,100,http://localhost.com:7010/api/bbs/user/updateLikeState?articleId=26,,2532,UTF-8,1,0,FOUNDSJJ,0,0
1779177372899,2655,HTTP Request,200,,Thread Group 1-415,text,true,,365,437,96,96,http://localhost.com:7010/api/bbs/user/updateLikeState?articleId=26,,2655,UTF-8,1,0,FOUNDSJJ,0,0
1779177373371,2183,HTTP Request,200,,Thread Group 1-456,text,true,,365,437,96,96,http://localhost.com:7010/api/bbs/user/updateLikeState?articleId=26,,2183,UTF-8,1,0,FOUNDSJJ,0,0
1779177372995,2559,HTTP Request,200,,Thread Group 1-424,text,true,,365,437,96,96,http://localhost.com:7010/api/bbs/user/updateLikeState?articleId=26,,2559,UTF-8,1,0,FOUNDSJJ,0,0
1779177372860,2695,HTTP Request,200,,Thread Group 1-404,text,true,,365,437,96,96,http://localhost.com:7010/api/bbs/user/updateLikeState?articleId=26,,2695,UTF-8,1,0,FOUNDSJJ,0,0
1779177372996,2559,HTTP Request,200,,Thread Group 1-449,text,true,,365,437,96,96,http://localhost.com:7010/api/bbs/user/updateLikeState?articleId=26,,2559,UTF-8,1,0,FOUNDSJJ,0,0
1779177372861,2694,HTTP Request,200,,Thread Group 1-447,text,true,,365,437,96,96,http://localhost.com:7010/api/bbs/user/updateLikeState?articleId=26,,2694,UTF-8,1,0,FOUNDSJJ,0,0
1779177373525,2030,HTTP Request,200,,Thread Group 1-452,text,true,,365,437,96,96,http://localhost.com:7010/api/bbs/user/updateLikeState?articleId=26,,2030,UTF-8,1,0,FOUNDSJJ,0,0
1779177372995,2560,HTTP Request,200,,Thread Group 1-393,text,true,,365,437,96,96,http://localhost.com:7010/api/bbs/user/updateLikeState?articleId=26,,2559,UTF-8,1,0,FOUNDSJJ,0,0
1779177373353,2202,HTTP Request,200,,Thread Group 1-455,text,true,,365,437,96,96,http://localhost.com:7010/api/bbs/user/updateLikeState?articleId=26,,2202,UTF-8,1,0,FOUNDSJJ,0,0
1779177373395,2372,HTTP Request,200,,Thread Group 1-459,text,true,,365,437,94,94,http://localhost.com:7010/api/bbs/user/updateLikeState?articleId=26,,2372,UTF-8,1,0,FOUNDSJJ,0,0
1779177373787,2549,HTTP Request,200,,Thread Group 1-462,text,true,,365,437,94,94,http://localhost.com:7010/api/bbs/user/updateLikeState?articleId=26,,2549,UTF-8,1,0,FOUNDSJJ,0,0
1779177373787,2912,HTTP Request,200,,Thread Group 1-468,text,true,,365,437,94,94,http://localhost.com:7010/api/bbs/user/updateLikeState?articleId=26,,2912,UTF-8,1,0,FOUNDSJJ,0,0
1779177374511,2199,HTTP Request,200,,Thread Group 1-480,text,true,,365,437,94,94,http://localhost.com:7010/api/bbs/user/updateLikeState?articleId=26,,2199,UTF-8,1,0,FOUNDSJJ,0,0
1779177374991,1719,HTTP Request,200,,Thread Group 1-484,text,true,,365,437,94,94,http://localhost.com:7010/api/bbs/user/updateLikeState?articleId=26,,1719,UTF-8,1,0,FOUNDSJJ,0,0
1779177373992,2718,HTTP Request,200,,Thread Group 1-472,text,true,,365,437,94,94,http://localhost.com:7010/api/bbs/user/updateLikeState?articleId=26,,2718,UTF-8,1,0,FOUNDSJJ,0,0
1779177374668,2055,HTTP Request,200,,Thread Group 1-482,text,true,,365,437,94,94,http://localhost.com:7010/api/bbs/user/updateLikeState?articleId=26,,2055,UTF-8,1,0,FOUNDSJJ,0,0
1779177373934,2790,HTTP Request,200,,Thread Group 1-475,text,true,,365,437,94,94,http://localhost.com:7010/api/bbs/user/updateLikeState?articleId=26,,2789,UTF-8,1,0,FOUNDSJJ,0,0
1779177373992,2731,HTTP Request,200,,Thread Group 1-471,text,true,,365,437,94,94,http://localhost.com:7010/api/bbs/user/updateLikeState?articleId=26,,2731,UTF-8,1,0,FOUNDSJJ,0,0
1779177374198,2526,HTTP Request,200,,Thread Group 1-479,text,true,,365,437,94,94,http://localhost.com:7010/api/bbs/user/updateLikeState?articleId=26,,2526,UTF-8,1,0,FOUNDSJJ,0,0
1779177374051,2673,HTTP Request,200,,Thread Group 1-463,text,true,,365,437,94,94,http://localhost.com:7010/api/bbs/user/updateLikeState?articleId=26,,2673,UTF-8,1,0,FOUNDSJJ,0,0
1779177373992,3209,HTTP Request,200,,Thread Group 1-458,text,true,,365,437,94,94,http://localhost.com:7010/api/bbs/user/updateLikeState?articleId=26,,3209,UTF-8,1,0,FOUNDSJJ,0,0
1779177374962,2240,HTTP Request,200,,Thread Group 1-466,text,true,,365,437,94,94,http://localhost.com:7010/api/bbs/user/updateLikeState?articleId=26,,2240,UTF-8,1,0,FOUNDSJJ,0,0
1779177374668,2537,HTTP Request,200,,Thread Group 1-481,text,true,,365,437,94,94,http://localhost.com:7010/api/bbs/user/updateLikeState?articleId=26,,2537,UTF-8,1,0,FOUNDSJJ,0,0
1779177375133,2072,HTTP Request,200,,Thread Group 1-490,text,true,,365,437,94,94,http://localhost.com:7010/api/bbs/user/updateLikeState?articleId=26,,2072,UTF-8,1,0,FOUNDSJJ,0,0
1779177374312,2917,HTTP Request,200,,Thread Group 1-476,text,true,,365,437,94,94,http://localhost.com:7010/api/bbs/user/updateLikeState?articleId=26,,2917,UTF-8,1,0,FOUNDSJJ,0,0
1779177375022,2208,HTTP Request,200,,Thread Group 1-485,text,true,,365,437,94,94,http://localhost.com:7010/api/bbs/user/updateLikeState?articleId=26,,2207,UTF-8,1,0,FOUNDSJJ,0,0
1779177375136,2094,HTTP Request,200,,Thread Group 1-494,text,true,,365,437,94,94,http://localhost.com:7010/api/bbs/user/updateLikeState?articleId=26,,2094,UTF-8,1,0,FOUNDSJJ,0,0
1779177375133,2096,HTTP Request,200,,Thread Group 1-487,text,true,,365,437,94,94,http://localhost.com:7010/api/bbs/user/updateLikeState?articleId=26,,2096,UTF-8,1,0,FOUNDSJJ,0,0
1779177375134,2102,HTTP Request,200,,Thread Group 1-489,text,true,,365,437,94,94,http://localhost.com:7010/api/bbs/user/updateLikeState?articleId=26,,2102,UTF-8,1,0,FOUNDSJJ,0,0
1779177375134,2103,HTTP Request,200,,Thread Group 1-488,text,true,,365,437,94,94,http://localhost.com:7010/api/bbs/user/updateLikeState?articleId=26,,2103,UTF-8,1,0,FOUNDSJJ,0,0
1779177375135,2102,HTTP Request,200,,Thread Group 1-496,text,true,,365,437,94,94,http://localhost.com:7010/api/bbs/user/updateLikeState?articleId=26,,2102,UTF-8,1,0,FOUNDSJJ,0,0
1779177375135,2102,HTTP Request,200,,Thread Group 1-495,text,true,,365,437,94,94,http://localhost.com:7010/api/bbs/user/updateLikeState?articleId=26,,2102,UTF-8,1,0,FOUNDSJJ,0,0
1779177375136,2100,HTTP Request,200,,Thread Group 1-493,text,true,,365,437,94,94,http://localhost.com:7010/api/bbs/user/updateLikeState?articleId=26,,2100,UTF-8,1,0,FOUNDSJJ,0,0
1779177375134,2103,HTTP Request,200,,Thread Group 1-492,text,true,,365,437,94,94,http://localhost.com:7010/api/bbs/user/updateLikeState?articleId=26,,2103,UTF-8,1,0,FOUNDSJJ,0,0
1779177375136,2101,HTTP Request,200,,Thread Group 1-469,text,true,,365,437,94,94,http://localhost.com:7010/api/bbs/user/updateLikeState?articleId=26,,2101,UTF-8,1,0,FOUNDSJJ,0,0
1779177375136,2102,HTTP Request,200,,Thread Group 1-437,text,true,,365,437,94,94,http://localhost.com:7010/api/bbs/user/updateLikeState?articleId=26,,2101,UTF-8,1,0,FOUNDSJJ,0,0
1779177375135,2102,HTTP Request,200,,Thread Group 1-498,text,true,,365,437,94,94,http://localhost.com:7010/api/bbs/user/updateLikeState?articleId=26,,2102,UTF-8,1,0,FOUNDSJJ,0,0
1779177375133,2122,HTTP Request,200,,Thread Group 1-499,text,true,,365,437,94,94,http://localhost.com:7010/api/bbs/user/updateLikeState?articleId=26,,2122,UTF-8,1,0,FOUNDSJJ,0,0
1779177375133,2123,HTTP Request,200,,Thread Group 1-470,text,true,,365,437,94,94,http://localhost.com:7010/api/bbs/user/updateLikeState?articleId=26,,2123,UTF-8,1,0,FOUNDSJJ,0,0
1779177375134,2122,HTTP Request,200,,Thread Group 1-491,text,true,,365,437,94,94,http://localhost.com:7010/api/bbs/user/updateLikeState?articleId=26,,2122,UTF-8,1,0,FOUNDSJJ,0,0
1779177375134,2122,HTTP Request,200,,Thread Group 1-486,text,true,,365,437,94,94,http://localhost.com:7010/api/bbs/user/updateLikeState?articleId=26,,2121,UTF-8,1,0,FOUNDSJJ,0,0
1779177375136,2120,HTTP Request,200,,Thread Group 1-443,text,true,,365,437,94,94,http://localhost.com:7010/api/bbs/user/updateLikeState?articleId=26,,2120,UTF-8,1,0,FOUNDSJJ,0,0
1779177375136,2120,HTTP Request,200,,Thread Group 1-464,text,true,,365,437,94,94,http://localhost.com:7010/api/bbs/user/updateLikeState?articleId=26,,2120,UTF-8,1,0,FOUNDSJJ,0,0
1779177375137,2118,HTTP Request,200,,Thread Group 1-436,text,true,,365,437,94,94,http://localhost.com:7010/api/bbs/user/updateLikeState?articleId=26,,2118,UTF-8,1,0,FOUNDSJJ,0,0
1779177375048,2225,HTTP Request,200,,Thread Group 1-483,text,true,,365,437,94,94,http://localhost.com:7010/api/bbs/user/updateLikeState?articleId=26,,2225,UTF-8,1,0,FOUNDSJJ,0,0
1779177375157,2115,HTTP Request,200,,Thread Group 1-500,text,true,,365,437,94,94,http://localhost.com:7010/api/bbs/user/updateLikeState?articleId=26,,2115,UTF-8,1,0,FOUNDSJJ,0,0
1779177375191,2081,HTTP Request,200,,Thread Group 1-473,text,true,,365,437,94,94,http://localhost.com:7010/api/bbs/user/updateLikeState?articleId=26,,2081,UTF-8,1,0,FOUNDSJJ,0,0
1779177375133,2139,HTTP Request,200,,Thread Group 1-474,text,true,,365,437,94,94,http://localhost.com:7010/api/bbs/user/updateLikeState?articleId=26,,2139,UTF-8,1,0,FOUNDSJJ,0,0
1779177375135,2137,HTTP Request,200,,Thread Group 1-465,text,true,,365,437,94,94,http://localhost.com:7010/api/bbs/user/updateLikeState?articleId=26,,2137,UTF-8,1,0,FOUNDSJJ,0,0
1779177375215,2068,HTTP Request,200,,Thread Group 1-432,text,true,,365,437,94,94,http://localhost.com:7010/api/bbs/user/updateLikeState?articleId=26,,2068,UTF-8,1,0,FOUNDSJJ,0,0
1779177375135,2149,HTTP Request,200,,Thread Group 1-497,text,true,,365,437,94,94,http://localhost.com:7010/api/bbs/user/updateLikeState?articleId=26,,2149,UTF-8,1,0,FOUNDSJJ,0,0
1779177375345,1953,HTTP Request,200,,Thread Group 1-448,text,true,,365,437,94,94,http://localhost.com:7010/api/bbs/user/updateLikeState?articleId=26,,1953,UTF-8,1,0,FOUNDSJJ,0,0
1779177375191,2107,HTTP Request,200,,Thread Group 1-442,text,true,,365,437,94,94,http://localhost.com:7010/api/bbs/user/updateLikeState?articleId=26,,2107,UTF-8,1,0,FOUNDSJJ,0,0
1779177375274,2024,HTTP Request,200,,Thread Group 1-427,text,true,,365,437,94,94,http://localhost.com:7010/api/bbs/user/updateLikeState?articleId=26,,2024,UTF-8,1,0,FOUNDSJJ,0,0
1779177375345,1953,HTTP Request,200,,Thread Group 1-421,text,true,,365,437,94,94,http://localhost.com:7010/api/bbs/user/updateLikeState?articleId=26,,1953,UTF-8,1,0,FOUNDSJJ,0,0
1779177375273,2026,HTTP Request,200,,Thread Group 1-446,text,true,,365,437,94,94,http://localhost.com:7010/api/bbs/user/updateLikeState?articleId=26,,2026,UTF-8,1,0,FOUNDSJJ,0,0
1779177375218,2081,HTTP Request,200,,Thread Group 1-441,text,true,,365,437,94,94,http://localhost.com:7010/api/bbs/user/updateLikeState?articleId=26,,2081,UTF-8,1,0,FOUNDSJJ,0,0
1779177375255,2044,HTTP Request,200,,Thread Group 1-440,text,true,,365,437,94,94,http://localhost.com:7010/api/bbs/user/updateLikeState?articleId=26,,2044,UTF-8,1,0,FOUNDSJJ,0,0
1779177375274,2025,HTTP Request,200,,Thread Group 1-416,text,true,,365,437,94,94,http://localhost.com:7010/api/bbs/user/updateLikeState?articleId=26,,2025,UTF-8,1,0,FOUNDSJJ,0,0
1779177375462,1837,HTTP Request,200,,Thread Group 1-423,text,true,,365,437,94,94,http://localhost.com:7010/api/bbs/user/updateLikeState?articleId=26,,1837,UTF-8,1,0,FOUNDSJJ,0,0
1779177375274,2025,HTTP Request,200,,Thread Group 1-429,text,true,,365,437,94,94,http://localhost.com:7010/api/bbs/user/updateLikeState?articleId=26,,2025,UTF-8,1,0,FOUNDSJJ,0,0
1779177375199,2101,HTTP Request,200,,Thread Group 1-461,text,true,,365,437,93,93,http://localhost.com:7010/api/bbs/user/updateLikeState?articleId=26,,2101,UTF-8,1,0,FOUNDSJJ,0,0
1779177375435,1864,HTTP Request,200,,Thread Group 1-433,text,true,,365,437,94,94,http://localhost.com:7010/api/bbs/user/updateLikeState?articleId=26,,1864,UTF-8,1,0,FOUNDSJJ,0,0
1779177375435,1865,HTTP Request,200,,Thread Group 1-414,text,true,,365,437,94,94,http://localhost.com:7010/api/bbs/user/updateLikeState?articleId=26,,1865,UTF-8,1,0,FOUNDSJJ,0,0
1779177375436,1892,HTTP Request,200,,Thread Group 1-425,text,true,,365,437,90,90,http://localhost.com:7010/api/bbs/user/updateLikeState?articleId=26,,1892,UTF-8,1,0,FOUNDSJJ,0,0
1779177375434,1906,HTTP Request,200,,Thread Group 1-430,text,true,,365,437,89,89,http://localhost.com:7010/api/bbs/user/updateLikeState?articleId=26,,1906,UTF-8,1,0,FOUNDSJJ,0,0
1779177375435,1905,HTTP Request,200,,Thread Group 1-467,text,true,,365,437,89,89,http://localhost.com:7010/api/bbs/user/updateLikeState?articleId=26,,1905,UTF-8,1,0,FOUNDSJJ,0,0
1779177375434,1906,HTTP Request,200,,Thread Group 1-431,text,true,,365,437,89,89,http://localhost.com:7010/api/bbs/user/updateLikeState?articleId=26,,1906,UTF-8,1,0,FOUNDSJJ,0,0
1779177375493,1864,HTTP Request,200,,Thread Group 1-450,text,true,,365,437,89,89,http://localhost.com:7010/api/bbs/user/updateLikeState?articleId=26,,1864,UTF-8,1,0,FOUNDSJJ,0,0
1779177375462,1896,HTTP Request,200,,Thread Group 1-407,text,true,,365,437,89,89,http://localhost.com:7010/api/bbs/user/updateLikeState?articleId=26,,1896,UTF-8,1,0,FOUNDSJJ,0,0
1779177375434,1924,HTTP Request,200,,Thread Group 1-451,text,true,,365,437,89,89,http://localhost.com:7010/api/bbs/user/updateLikeState?articleId=26,,1924,UTF-8,1,0,FOUNDSJJ,0,0
1779177375436,1922,HTTP Request,200,,Thread Group 1-428,text,true,,365,437,89,89,http://localhost.com:7010/api/bbs/user/updateLikeState?articleId=26,,1922,UTF-8,1,0,FOUNDSJJ,0,0
1779177375531,1827,HTTP Request,200,,Thread Group 1-457,text,true,,365,437,89,89,http://localhost.com:7010/api/bbs/user/updateLikeState?articleId=26,,1826,UTF-8,1,0,FOUNDSJJ,0,0
1779177375435,1922,HTTP Request,200,,Thread Group 1-445,text,true,,365,437,89,89,http://localhost.com:7010/api/bbs/user/updateLikeState?articleId=26,,1922,UTF-8,1,0,FOUNDSJJ,0,0
1779177375463,1894,HTTP Request,200,,Thread Group 1-422,text,true,,365,437,89,89,http://localhost.com:7010/api/bbs/user/updateLikeState?articleId=26,,1894,UTF-8,1,0,FOUNDSJJ,0,0
1779177375527,1830,HTTP Request,200,,Thread Group 1-438,text,true,,365,437,89,89,http://localhost.com:7010/api/bbs/user/updateLikeState?articleId=26,,1830,UTF-8,1,0,FOUNDSJJ,0,0
1779177375529,1832,HTTP Request,200,,Thread Group 1-426,text,true,,365,437,86,86,http://localhost.com:7010/api/bbs/user/updateLikeState?articleId=26,,1832,UTF-8,1,0,FOUNDSJJ,0,0
1779177375529,1844,HTTP Request,200,,Thread Group 1-460,text,true,,365,437,85,85,http://localhost.com:7010/api/bbs/user/updateLikeState?articleId=26,,1844,UTF-8,1,0,FOUNDSJJ,0,0
1779177375556,1826,HTTP Request,200,,Thread Group 1-447,text,true,,365,437,85,85,http://localhost.com:7010/api/bbs/user/updateLikeState?articleId=26,,1826,UTF-8,1,0,FOUNDSJJ,0,0
1779177375531,1855,HTTP Request,200,,Thread Group 1-439,text,true,,365,437,85,85,http://localhost.com:7010/api/bbs/user/updateLikeState?articleId=26,,1855,UTF-8,1,0,FOUNDSJJ,0,0
1779177375530,1856,HTTP Request,200,,Thread Group 1-409,text,true,,365,437,85,85,http://localhost.com:7010/api/bbs/user/updateLikeState?articleId=26,,1856,UTF-8,1,0,FOUNDSJJ,0,0
1779177375530,1856,HTTP Request,200,,Thread Group 1-410,text,true,,365,437,85,85,http://localhost.com:7010/api/bbs/user/updateLikeState?articleId=26,,1856,UTF-8,1,0,FOUNDSJJ,0,0
1779177375527,1859,HTTP Request,200,,Thread Group 1-408,text,true,,365,437,85,85,http://localhost.com:7010/api/bbs/user/updateLikeState?articleId=26,,1859,UTF-8,1,0,FOUNDSJJ,0,0
1779177375527,1859,HTTP Request,200,,Thread Group 1-444,text,true,,365,437,85,85,http://localhost.com:7010/api/bbs/user/updateLikeState?articleId=26,,1859,UTF-8,1,0,FOUNDSJJ,0,0
1779177375555,1833,HTTP Request,200,,Thread Group 1-415,text,true,,365,437,85,85,http://localhost.com:7010/api/bbs/user/updateLikeState?articleId=26,,1832,UTF-8,1,0,FOUNDSJJ,0,0
1779177375528,1858,HTTP Request,200,,Thread Group 1-435,text,true,,365,437,85,85,http://localhost.com:7010/api/bbs/user/updateLikeState?articleId=26,,1858,UTF-8,1,0,FOUNDSJJ,0,0
1779177375531,1867,HTTP Request,200,,Thread Group 1-434,text,true,,365,437,81,81,http://localhost.com:7010/api/bbs/user/updateLikeState?articleId=26,,1866,UTF-8,1,0,FOUNDSJJ,0,0
1779177375532,1866,HTTP Request,200,,Thread Group 1-478,text,true,,365,437,81,81,http://localhost.com:7010/api/bbs/user/updateLikeState?articleId=26,,1866,UTF-8,1,0,FOUNDSJJ,0,0
1779177375556,1844,HTTP Request,200,,Thread Group 1-449,text,true,,365,437,81,81,http://localhost.com:7010/api/bbs/user/updateLikeState?articleId=26,,1844,UTF-8,1,0,FOUNDSJJ,0,0
1779177375530,1872,HTTP Request,200,,Thread Group 1-418,text,true,,365,437,81,81,http://localhost.com:7010/api/bbs/user/updateLikeState?articleId=26,,1872,UTF-8,1,0,FOUNDSJJ,0,0
1779177375528,1877,HTTP Request,200,,Thread Group 1-413,text,true,,365,437,80,80,http://localhost.com:7010/api/bbs/user/updateLikeState?articleId=26,,1877,UTF-8,1,0,FOUNDSJJ,0,0
1779177375529,1877,HTTP Request,200,,Thread Group 1-477,text,true,,365,437,80,80,http://localhost.com:7010/api/bbs/user/updateLikeState?articleId=26,,1877,UTF-8,1,0,FOUNDSJJ,0,0
1779177375557,1849,HTTP Request,200,,Thread Group 1-455,text,true,,365,437,80,80,http://localhost.com:7010/api/bbs/user/updateLikeState?articleId=26,,1849,UTF-8,1,0,FOUNDSJJ,0,0
1779177375528,1878,HTTP Request,200,,Thread Group 1-412,text,true,,365,437,80,80,http://localhost.com:7010/api/bbs/user/updateLikeState?articleId=26,,1878,UTF-8,1,0,FOUNDSJJ,0,0
1779177375555,1855,HTTP Request,200,,Thread Group 1-424,text,true,,365,437,78,78,http://localhost.com:7010/api/bbs/user/updateLikeState?articleId=26,,1855,UTF-8,1,0,FOUNDSJJ,0,0
1779177375557,1860,HTTP Request,200,,Thread Group 1-452,text,true,,365,437,77,77,http://localhost.com:7010/api/bbs/user/updateLikeState?articleId=26,,1860,UTF-8,1,0,FOUNDSJJ,0,0
1779177375530,1887,HTTP Request,200,,Thread Group 1-419,text,true,,365,437,77,77,http://localhost.com:7010/api/bbs/user/updateLikeState?articleId=26,,1887,UTF-8,1,0,FOUNDSJJ,0,0
1779177375528,1896,HTTP Request,200,,Thread Group 1-411,text,true,,365,437,76,76,http://localhost.com:7010/api/bbs/user/updateLikeState?articleId=26,,1896,UTF-8,1,0,FOUNDSJJ,0,0
1779177375531,1894,HTTP Request,200,,Thread Group 1-417,text,true,,365,437,76,76,http://localhost.com:7010/api/bbs/user/updateLikeState?articleId=26,,1894,UTF-8,1,0,FOUNDSJJ,0,0
1779177375529,1895,HTTP Request,200,,Thread Group 1-454,text,true,,365,437,76,76,http://localhost.com:7010/api/bbs/user/updateLikeState?articleId=26,,1895,UTF-8,1,0,FOUNDSJJ,0,0
1779177375532,1892,HTTP Request,200,,Thread Group 1-453,text,true,,365,437,76,76,http://localhost.com:7010/api/bbs/user/updateLikeState?articleId=26,,1892,UTF-8,1,0,FOUNDSJJ,0,0
1779177375532,1981,HTTP Request,200,,Thread Group 1-420,text,true,,365,437,74,74,http://localhost.com:7010/api/bbs/user/updateLikeState?articleId=26,,1981,UTF-8,1,0,FOUNDSJJ,0,0
1779177375767,1746,HTTP Request,200,,Thread Group 1-459,text,true,,365,437,74,74,http://localhost.com:7010/api/bbs/user/updateLikeState?articleId=26,,1746,UTF-8,1,0,FOUNDSJJ,0,0
1779177375555,1985,HTTP Request,200,,Thread Group 1-456,text,true,,365,437,73,73,http://localhost.com:7010/api/bbs/user/updateLikeState?articleId=26,,1985,UTF-8,1,0,FOUNDSJJ,0,0
1779177376337,1267,HTTP Request,200,,Thread Group 1-462,text,true,,365,437,73,73,http://localhost.com:7010/api/bbs/user/updateLikeState?articleId=26,,1267,UTF-8,1,0,FOUNDSJJ,0,0
1779177376700,911,HTTP Request,200,,Thread Group 1-468,text,true,,365,437,73,73,http://localhost.com:7010/api/bbs/user/updateLikeState?articleId=26,,911,UTF-8,1,0,FOUNDSJJ,0,0
1779177376711,923,HTTP Request,200,,Thread Group 1-472,text,true,,365,437,73,73,http://localhost.com:7010/api/bbs/user/updateLikeState?articleId=26,,923,UTF-8,1,0,FOUNDSJJ,0,0
1779177376711,943,HTTP Request,200,,Thread Group 1-480,text,true,,365,437,73,73,http://localhost.com:7010/api/bbs/user/updateLikeState?articleId=26,,943,UTF-8,1,0,FOUNDSJJ,0,0
1779177376724,994,HTTP Request,200,,Thread Group 1-482,text,true,,365,437,73,73,http://localhost.com:7010/api/bbs/user/updateLikeState?articleId=26,,994,UTF-8,1,0,FOUNDSJJ,0,0
1779177376725,1008,HTTP Request,200,,Thread Group 1-479,text,true,,365,437,73,73,http://localhost.com:7010/api/bbs/user/updateLikeState?articleId=26,,1008,UTF-8,1,0,FOUNDSJJ,0,0
1779177376711,1115,HTTP Request,200,,Thread Group 1-484,text,true,,365,437,73,73,http://localhost.com:7010/api/bbs/user/updateLikeState?articleId=26,,1115,UTF-8,1,0,FOUNDSJJ,0,0
1779177376725,1229,HTTP Request,200,,Thread Group 1-471,text,true,,365,437,73,73,http://localhost.com:7010/api/bbs/user/updateLikeState?articleId=26,,1229,UTF-8,1,0,FOUNDSJJ,0,0
1779177376725,1263,HTTP Request,200,,Thread Group 1-463,text,true,,365,437,73,73,http://localhost.com:7010/api/bbs/user/updateLikeState?articleId=26,,1263,UTF-8,1,0,FOUNDSJJ,0,0
1779177377231,937,HTTP Request,200,,Thread Group 1-487,text,true,,365,437,73,73,http://localhost.com:7010/api/bbs/user/updateLikeState?articleId=26,,937,UTF-8,1,0,FOUNDSJJ,0,0
1779177377238,1251,HTTP Request,200,,Thread Group 1-492,text,true,,365,437,73,73,http://localhost.com:7010/api/bbs/user/updateLikeState?articleId=26,,1251,UTF-8,1,0,FOUNDSJJ,0,0
1779177377202,1636,HTTP Request,200,,Thread Group 1-458,text,true,,365,437,73,73,http://localhost.com:7010/api/bbs/user/updateLikeState?articleId=26,,1636,UTF-8,1,0,FOUNDSJJ,0,0
1779177376724,2114,HTTP Request,200,,Thread Group 1-475,text,true,,365,437,73,73,http://localhost.com:7010/api/bbs/user/updateLikeState?articleId=26,,2114,UTF-8,1,0,FOUNDSJJ,0,0
1779177377203,1644,HTTP Request,200,,Thread Group 1-466,text,true,,365,437,73,73,http://localhost.com:7010/api/bbs/user/updateLikeState?articleId=26,,1644,UTF-8,1,0,FOUNDSJJ,0,0
1779177377239,1608,HTTP Request,200,,Thread Group 1-437,text,true,,365,437,73,73,http://localhost.com:7010/api/bbs/user/updateLikeState?articleId=26,,1608,UTF-8,1,0,FOUNDSJJ,0,0
1779177377231,1635,HTTP Request,200,,Thread Group 1-485,text,true,,365,437,73,73,http://localhost.com:7010/api/bbs/user/updateLikeState?articleId=26,,1635,UTF-8,1,0,FOUNDSJJ,0,0
1779177377300,1566,HTTP Request,200,,Thread Group 1-446,text,true,,365,437,73,73,http://localhost.com:7010/api/bbs/user/updateLikeState?articleId=26,,1566,UTF-8,1,0,FOUNDSJJ,0,0
1779177377237,1629,HTTP Request,200,,Thread Group 1-488,text,true,,365,437,73,73,http://localhost.com:7010/api/bbs/user/updateLikeState?articleId=26,,1629,UTF-8,1,0,FOUNDSJJ,0,0
1779177377257,1609,HTTP Request,200,,Thread Group 1-470,text,true,,365,437,73,73,http://localhost.com:7010/api/bbs/user/updateLikeState?articleId=26,,1609,UTF-8,1,0,FOUNDSJJ,0,0
1779177377230,1652,HTTP Request,200,,Thread Group 1-476,text,true,,365,437,73,73,http://localhost.com:7010/api/bbs/user/updateLikeState?articleId=26,,1652,UTF-8,1,0,FOUNDSJJ,0,0
1779177377300,1594,HTTP Request,200,,Thread Group 1-440,text,true,,365,437,73,73,http://localhost.com:7010/api/bbs/user/updateLikeState?articleId=26,,1594,UTF-8,1,0,FOUNDSJJ,0,0
1779177377277,1618,HTTP Request,200,,Thread Group 1-500,text,true,,365,437,73,73,http://localhost.com:7010/api/bbs/user/updateLikeState?articleId=26,,1618,UTF-8,1,0,FOUNDSJJ,0,0
1779177377206,1689,HTTP Request,200,,Thread Group 1-481,text,true,,365,437,73,73,http://localhost.com:7010/api/bbs/user/updateLikeState?articleId=26,,1689,UTF-8,1,0,FOUNDSJJ,0,0
1779177377257,1656,HTTP Request,200,,Thread Group 1-443,text,true,,365,437,73,73,http://localhost.com:7010/api/bbs/user/updateLikeState?articleId=26,,1656,UTF-8,1,0,FOUNDSJJ,0,0
1779177377258,1690,HTTP Request,200,,Thread Group 1-436,text,true,,365,437,73,73,http://localhost.com:7010/api/bbs/user/updateLikeState?articleId=26,,1690,UTF-8,1,0,FOUNDSJJ,0,0
1779177377206,1742,HTTP Request,200,,Thread Group 1-490,text,true,,365,437,73,73,http://localhost.com:7010/api/bbs/user/updateLikeState?articleId=26,,1742,UTF-8,1,0,FOUNDSJJ,0,0
1779177377301,1647,HTTP Request,200,,Thread Group 1-433,text,true,,365,437,73,73,http://localhost.com:7010/api/bbs/user/updateLikeState?articleId=26,,1647,UTF-8,1,0,FOUNDSJJ,0,0
1779177377277,1671,HTTP Request,200,,Thread Group 1-483,text,true,,365,437,73,73,http://localhost.com:7010/api/bbs/user/updateLikeState?articleId=26,,1671,UTF-8,1,0,FOUNDSJJ,0,0
1779177377343,1605,HTTP Request,200,,Thread Group 1-467,text,true,,365,437,73,73,http://localhost.com:7010/api/bbs/user/updateLikeState?articleId=26,,1605,UTF-8,1,0,FOUNDSJJ,0,0
1779177377258,1709,HTTP Request,200,,Thread Group 1-464,text,true,,365,437,72,72,http://localhost.com:7010/api/bbs/user/updateLikeState?articleId=26,,1709,UTF-8,1,0,FOUNDSJJ,0,0
1779177377257,1710,HTTP Request,200,,Thread Group 1-486,text,true,,365,437,72,72,http://localhost.com:7010/api/bbs/user/updateLikeState?articleId=26,,1710,UTF-8,1,0,FOUNDSJJ,0,0
1779177377278,1689,HTTP Request,200,,Thread Group 1-474,text,true,,365,437,72,72,http://localhost.com:7010/api/bbs/user/updateLikeState?articleId=26,,1689,UTF-8,1,0,FOUNDSJJ,0,0
1779177377239,1729,HTTP Request,200,,Thread Group 1-498,text,true,,365,437,72,72,http://localhost.com:7010/api/bbs/user/updateLikeState?articleId=26,,1728,UTF-8,1,0,FOUNDSJJ,0,0
1779177377257,1710,HTTP Request,200,,Thread Group 1-491,text,true,,365,437,72,72,http://localhost.com:7010/api/bbs/user/updateLikeState?articleId=26,,1710,UTF-8,1,0,FOUNDSJJ,0,0
1779177377237,1737,HTTP Request,200,,Thread Group 1-489,text,true,,365,437,72,72,http://localhost.com:7010/api/bbs/user/updateLikeState?articleId=26,,1737,UTF-8,1,0,FOUNDSJJ,0,0
1779177377278,1696,HTTP Request,200,,Thread Group 1-465,text,true,,365,437,72,72,http://localhost.com:7010/api/bbs/user/updateLikeState?articleId=26,,1696,UTF-8,1,0,FOUNDSJJ,0,0
1779177377238,1736,HTTP Request,200,,Thread Group 1-469,text,true,,365,437,72,72,http://localhost.com:7010/api/bbs/user/updateLikeState?articleId=26,,1736,UTF-8,1,0,FOUNDSJJ,0,0
1779177377238,1736,HTTP Request,200,,Thread Group 1-493,text,true,,365,437,72,72,http://localhost.com:7010/api/bbs/user/updateLikeState?articleId=26,,1736,UTF-8,1,0,FOUNDSJJ,0,0
1779177377238,1737,HTTP Request,200,,Thread Group 1-495,text,true,,365,437,72,72,http://localhost.com:7010/api/bbs/user/updateLikeState?articleId=26,,1737,UTF-8,1,0,FOUNDSJJ,0,0
1779177377359,1616,HTTP Request,200,,Thread Group 1-450,text,true,,365,437,72,72,http://localhost.com:7010/api/bbs/user/updateLikeState?articleId=26,,1616,UTF-8,1,0,FOUNDSJJ,0,0
1779177377284,1691,HTTP Request,200,,Thread Group 1-497,text,true,,365,437,72,72,http://localhost.com:7010/api/bbs/user/updateLikeState?articleId=26,,1691,UTF-8,1,0,FOUNDSJJ,0,0
1779177377301,1674,HTTP Request,200,,Thread Group 1-429,text,true,,365,437,72,72,http://localhost.com:7010/api/bbs/user/updateLikeState?articleId=26,,1674,UTF-8,1,0,FOUNDSJJ,0,0
1779177377299,1675,HTTP Request,200,,Thread Group 1-427,text,true,,365,437,72,72,http://localhost.com:7010/api/bbs/user/updateLikeState?articleId=26,,1675,UTF-8,1,0,FOUNDSJJ,0,0
1779177377277,1698,HTTP Request,200,,Thread Group 1-473,text,true,,365,437,72,72,http://localhost.com:7010/api/bbs/user/updateLikeState?articleId=26,,1697,UTF-8,1,0,FOUNDSJJ,0,0
1779177377284,1709,HTTP Request,200,,Thread Group 1-432,text,true,,365,437,70,70,http://localhost.com:7010/api/bbs/user/updateLikeState?articleId=26,,1709,UTF-8,1,0,FOUNDSJJ,0,0
1779177377390,1604,HTTP Request,200,,Thread Group 1-435,text,true,,365,437,70,70,http://localhost.com:7010/api/bbs/user/updateLikeState?articleId=26,,1604,UTF-8,1,0,FOUNDSJJ,0,0
1779177377342,1652,HTTP Request,200,,Thread Group 1-430,text,true,,365,437,70,70,http://localhost.com:7010/api/bbs/user/updateLikeState?articleId=26,,1652,UTF-8,1,0,FOUNDSJJ,0,0
1779177377257,1737,HTTP Request,200,,Thread Group 1-499,text,true,,365,437,70,70,http://localhost.com:7010/api/bbs/user/updateLikeState?articleId=26,,1737,UTF-8,1,0,FOUNDSJJ,0,0
1779177377299,1694,HTTP Request,200,,Thread Group 1-442,text,true,,365,437,70,70,http://localhost.com:7010/api/bbs/user/updateLikeState?articleId=26,,1694,UTF-8,1,0,FOUNDSJJ,0,0
1779177377231,1763,HTTP Request,200,,Thread Group 1-494,text,true,,365,437,70,70,http://localhost.com:7010/api/bbs/user/updateLikeState?articleId=26,,1762,UTF-8,1,0,FOUNDSJJ,0,0
1779177377301,1693,HTTP Request,200,,Thread Group 1-461,text,true,,365,437,70,70,http://localhost.com:7010/api/bbs/user/updateLikeState?articleId=26,,1693,UTF-8,1,0,FOUNDSJJ,0,0
1779177377238,1756,HTTP Request,200,,Thread Group 1-496,text,true,,365,437,70,70,http://localhost.com:7010/api/bbs/user/updateLikeState?articleId=26,,1756,UTF-8,1,0,FOUNDSJJ,0,0
1779177377387,1614,HTTP Request,200,,Thread Group 1-439,text,true,,365,437,67,67,http://localhost.com:7010/api/bbs/user/updateLikeState?articleId=26,,1614,UTF-8,1,0,FOUNDSJJ,0,0
1779177377359,1643,HTTP Request,200,,Thread Group 1-451,text,true,,365,437,67,67,http://localhost.com:7010/api/bbs/user/updateLikeState?articleId=26,,1643,UTF-8,1,0,FOUNDSJJ,0,0
1779177377426,1576,HTTP Request,200,,Thread Group 1-453,text,true,,365,437,67,67,http://localhost.com:7010/api/bbs/user/updateLikeState?articleId=26,,1576,UTF-8,1,0,FOUNDSJJ,0,0
1779177377401,1601,HTTP Request,200,,Thread Group 1-449,text,true,,365,437,67,67,http://localhost.com:7010/api/bbs/user/updateLikeState?articleId=26,,1600,UTF-8,1,0,FOUNDSJJ,0,0
1779177377375,1627,HTTP Request,200,,Thread Group 1-460,text,true,,365,437,67,67,http://localhost.com:7010/api/bbs/user/updateLikeState?articleId=26,,1626,UTF-8,1,0,FOUNDSJJ,0,0
1779177377399,1603,HTTP Request,200,,Thread Group 1-478,text,true,,365,437,67,67,http://localhost.com:7010/api/bbs/user/updateLikeState?articleId=26,,1603,UTF-8,1,0,FOUNDSJJ,0,0
1779177377419,1583,HTTP Request,200,,Thread Group 1-452,text,true,,365,437,67,67,http://localhost.com:7010/api/bbs/user/updateLikeState?articleId=26,,1583,UTF-8,1,0,FOUNDSJJ,0,0
1779177377383,1619,HTTP Request,200,,Thread Group 1-447,text,true,,365,437,67,67,http://localhost.com:7010/api/bbs/user/updateLikeState?articleId=26,,1619,UTF-8,1,0,FOUNDSJJ,0,0
1779177377389,1613,HTTP Request,200,,Thread Group 1-444,text,true,,365,437,67,67,http://localhost.com:7010/api/bbs/user/updateLikeState?articleId=26,,1613,UTF-8,1,0,FOUNDSJJ,0,0
1779177377733,1269,HTTP Request,200,,Thread Group 1-479,text,true,,365,437,67,67,http://localhost.com:7010/api/bbs/user/updateLikeState?articleId=26,,1269,UTF-8,1,0,FOUNDSJJ,0,0
1779177377513,1488,HTTP Request,200,,Thread Group 1-459,text,true,,365,437,67,67,http://localhost.com:7010/api/bbs/user/updateLikeState?articleId=26,,1488,UTF-8,1,0,FOUNDSJJ,0,0
1779177377605,1396,HTTP Request,200,,Thread Group 1-462,text,true,,365,437,67,67,http://localhost.com:7010/api/bbs/user/updateLikeState?articleId=26,,1396,UTF-8,1,0,FOUNDSJJ,0,0
1779177377541,1461,HTTP Request,200,,Thread Group 1-456,text,true,,365,437,67,67,http://localhost.com:7010/api/bbs/user/updateLikeState?articleId=26,,1461,UTF-8,1,0,FOUNDSJJ,0,0
1779177377343,1659,HTTP Request,200,,Thread Group 1-431,text,true,,365,437,67,67,http://localhost.com:7010/api/bbs/user/updateLikeState?articleId=26,,1659,UTF-8,1,0,FOUNDSJJ,0,0
1779177377300,1702,HTTP Request,200,,Thread Group 1-441,text,true,,365,437,67,67,http://localhost.com:7010/api/bbs/user/updateLikeState?articleId=26,,1702,UTF-8,1,0,FOUNDSJJ,0,0
1779177377636,1387,HTTP Request,200,,Thread Group 1-472,text,true,,365,437,66,66,http://localhost.com:7010/api/bbs/user/updateLikeState?articleId=26,,1387,UTF-8,1,0,FOUNDSJJ,0,0
1779177377612,1411,HTTP Request,200,,Thread Group 1-468,text,true,,365,437,66,66,http://localhost.com:7010/api/bbs/user/updateLikeState?articleId=26,,1411,UTF-8,1,0,FOUNDSJJ,0,0
1779177377299,1724,HTTP Request,200,,Thread Group 1-448,text,true,,365,437,66,66,http://localhost.com:7010/api/bbs/user/updateLikeState?articleId=26,,1724,UTF-8,1,0,FOUNDSJJ,0,0
1779177377407,1616,HTTP Request,200,,Thread Group 1-455,text,true,,365,437,66,66,http://localhost.com:7010/api/bbs/user/updateLikeState?articleId=26,,1616,UTF-8,1,0,FOUNDSJJ,0,0
1779177377654,1369,HTTP Request,200,,Thread Group 1-480,text,true,,365,437,66,66,http://localhost.com:7010/api/bbs/user/updateLikeState?articleId=26,,1369,UTF-8,1,0,FOUNDSJJ,0,0
1779177377361,1663,HTTP Request,200,,Thread Group 1-438,text,true,,365,437,66,66,http://localhost.com:7010/api/bbs/user/updateLikeState?articleId=26,,1663,UTF-8,1,0,FOUNDSJJ,0,0
1779177377407,1617,HTTP Request,200,,Thread Group 1-477,text,true,,365,437,66,66,http://localhost.com:7010/api/bbs/user/updateLikeState?articleId=26,,1617,UTF-8,1,0,FOUNDSJJ,0,0
1779177377718,1306,HTTP Request,200,,Thread Group 1-482,text,true,,365,437,66,66,http://localhost.com:7010/api/bbs/user/updateLikeState?articleId=26,,1306,UTF-8,1,0,FOUNDSJJ,0,0
1779177377398,1626,HTTP Request,200,,Thread Group 1-434,text,true,,365,437,66,66,http://localhost.com:7010/api/bbs/user/updateLikeState?articleId=26,,1626,UTF-8,1,0,FOUNDSJJ,0,0
1779177377360,1664,HTTP Request,200,,Thread Group 1-457,text,true,,365,437,66,66,http://localhost.com:7010/api/bbs/user/updateLikeState?articleId=26,,1664,UTF-8,1,0,FOUNDSJJ,0,0
1779177377360,1664,HTTP Request,200,,Thread Group 1-445,text,true,,365,437,66,66,http://localhost.com:7010/api/bbs/user/updateLikeState?articleId=26,,1664,UTF-8,1,0,FOUNDSJJ,0,0
1779177377426,1598,HTTP Request,200,,Thread Group 1-454,text,true,,365,437,66,66,http://localhost.com:7010/api/bbs/user/updateLikeState?articleId=26,,1598,UTF-8,1,0,FOUNDSJJ,0,0
1779177377827,1212,HTTP Request,200,,Thread Group 1-484,text,true,,365,437,64,64,http://localhost.com:7010/api/bbs/user/updateLikeState?articleId=26,,1212,UTF-8,1,0,FOUNDSJJ,0,0
1779177377989,1126,HTTP Request,200,,Thread Group 1-463,text,true,,365,437,64,64,http://localhost.com:7010/api/bbs/user/updateLikeState?articleId=26,,1126,UTF-8,1,0,FOUNDSJJ,0,0
1779177378168,947,HTTP Request,200,,Thread Group 1-487,text,true,,365,437,64,64,http://localhost.com:7010/api/bbs/user/updateLikeState?articleId=26,,947,UTF-8,1,0,FOUNDSJJ,0,0
1779177377955,1160,HTTP Request,200,,Thread Group 1-471,text,true,,365,437,64,64,http://localhost.com:7010/api/bbs/user/updateLikeState?articleId=26,,1160,UTF-8,1,0,FOUNDSJJ,0,0
1779177378490,718,HTTP Request,200,,Thread Group 1-492,text,true,,365,437,64,64,http://localhost.com:7010/api/bbs/user/updateLikeState?articleId=26,,718,UTF-8,1,0,FOUNDSJJ,0,0
1779177378840,879,HTTP Request,200,,Thread Group 1-475,text,true,,365,437,64,64,http://localhost.com:7010/api/bbs/user/updateLikeState?articleId=26,,879,UTF-8,1,0,FOUNDSJJ,0,0
1779177378867,941,HTTP Request,200,,Thread Group 1-446,text,true,,365,437,64,64,http://localhost.com:7010/api/bbs/user/updateLikeState?articleId=26,,941,UTF-8,1,0,FOUNDSJJ,0,0
1779177378895,1458,HTTP Request,200,,Thread Group 1-440,text,true,,365,437,63,63,http://localhost.com:7010/api/bbs/user/updateLikeState?articleId=26,,1458,UTF-8,1,0,FOUNDSJJ,0,0
1779177378884,1468,HTTP Request,200,,Thread Group 1-476,text,true,,365,437,63,63,http://localhost.com:7010/api/bbs/user/updateLikeState?articleId=26,,1468,UTF-8,1,0,FOUNDSJJ,0,0
1779177378840,1512,HTTP Request,200,,Thread Group 1-458,text,true,,365,437,63,63,http://localhost.com:7010/api/bbs/user/updateLikeState?articleId=26,,1512,UTF-8,1,0,FOUNDSJJ,0,0
1779177378867,1485,HTTP Request,200,,Thread Group 1-470,text,true,,365,437,63,63,http://localhost.com:7010/api/bbs/user/updateLikeState?articleId=26,,1485,UTF-8,1,0,FOUNDSJJ,0,0
1779177378867,1485,HTTP Request,200,,Thread Group 1-485,text,true,,365,437,63,63,http://localhost.com:7010/api/bbs/user/updateLikeState?articleId=26,,1485,UTF-8,1,0,FOUNDSJJ,0,0
1779177378896,1457,HTTP Request,200,,Thread Group 1-500,text,true,,365,437,63,63,http://localhost.com:7010/api/bbs/user/updateLikeState?articleId=26,,1457,UTF-8,1,0,FOUNDSJJ,0,0
1779177378896,1457,HTTP Request,200,,Thread Group 1-481,text,true,,365,437,63,63,http://localhost.com:7010/api/bbs/user/updateLikeState?articleId=26,,1457,UTF-8,1,0,FOUNDSJJ,0,0
1779177378867,1485,HTTP Request,200,,Thread Group 1-488,text,true,,365,437,63,63,http://localhost.com:7010/api/bbs/user/updateLikeState?articleId=26,,1485,UTF-8,1,0,FOUNDSJJ,0,0
1779177378915,1438,HTTP Request,200,,Thread Group 1-443,text,true,,365,437,63,63,http://localhost.com:7010/api/bbs/user/updateLikeState?articleId=26,,1438,UTF-8,1,0,FOUNDSJJ,0,0
1779177378847,1506,HTTP Request,200,,Thread Group 1-437,text,true,,365,437,63,63,http://localhost.com:7010/api/bbs/user/updateLikeState?articleId=26,,1506,UTF-8,1,0,FOUNDSJJ,0,0
1779177378950,1454,HTTP Request,200,,Thread Group 1-483,text,true,,365,437,60,60,http://localhost.com:7010/api/bbs/user/updateLikeState?articleId=26,,1454,UTF-8,1,0,FOUNDSJJ,0,0
1779177378968,1436,HTTP Request,200,,Thread Group 1-498,text,true,,365,437,60,60,http://localhost.com:7010/api/bbs/user/updateLikeState?articleId=26,,1436,UTF-8,1,0,FOUNDSJJ,0,0
1779177378951,1455,HTTP Request,200,,Thread Group 1-467,text,true,,365,437,60,60,http://localhost.com:7010/api/bbs/user/updateLikeState?articleId=26,,1455,UTF-8,1,0,FOUNDSJJ,0,0
1779177378847,1559,HTTP Request,200,,Thread Group 1-466,text,true,,365,437,60,60,http://localhost.com:7010/api/bbs/user/updateLikeState?articleId=26,,1559,UTF-8,1,0,FOUNDSJJ,0,0
1779177378950,1490,HTTP Request,200,,Thread Group 1-490,text,true,,365,437,60,60,http://localhost.com:7010/api/bbs/user/updateLikeState?articleId=26,,1490,UTF-8,1,0,FOUNDSJJ,0,0
1779177378968,1472,HTTP Request,200,,Thread Group 1-464,text,true,,365,437,60,60,http://localhost.com:7010/api/bbs/user/updateLikeState?articleId=26,,1472,UTF-8,1,0,FOUNDSJJ,0,0
1779177378968,1472,HTTP Request,200,,Thread Group 1-474,text,true,,365,437,60,60,http://localhost.com:7010/api/bbs/user/updateLikeState?articleId=26,,1472,UTF-8,1,0,FOUNDSJJ,0,0
1779177378969,1471,HTTP Request,200,,Thread Group 1-491,text,true,,365,437,60,60,http://localhost.com:7010/api/bbs/user/updateLikeState?articleId=26,,1471,UTF-8,1,0,FOUNDSJJ,0,0
1779177378976,1464,HTTP Request,200,,Thread Group 1-493,text,true,,365,437,60,60,http://localhost.com:7010/api/bbs/user/updateLikeState?articleId=26,,1464,UTF-8,1,0,FOUNDSJJ,0,0
1779177379003,1464,HTTP Request,200,,Thread Group 1-453,text,true,,365,437,60,60,http://localhost.com:7010/api/bbs/user/updateLikeState?articleId=26,,1464,UTF-8,1,0,FOUNDSJJ,0,0
1779177378975,1492,HTTP Request,200,,Thread Group 1-489,text,true,,365,437,60,60,http://localhost.com:7010/api/bbs/user/updateLikeState?articleId=26,,1492,UTF-8,1,0,FOUNDSJJ,0,0
1779177378949,1518,HTTP Request,200,,Thread Group 1-436,text,true,,365,437,60,60,http://localhost.com:7010/api/bbs/user/updateLikeState?articleId=26,,1518,UTF-8,1,0,FOUNDSJJ,0,0
1779177379027,1440,HTTP Request,200,,Thread Group 1-457,text,true,,365,437,60,60,http://localhost.com:7010/api/bbs/user/updateLikeState?articleId=26,,1440,UTF-8,1,0,FOUNDSJJ,0,0
1779177379006,1461,HTTP Request,200,,Thread Group 1-456,text,true,,365,437,60,60,http://localhost.com:7010/api/bbs/user/updateLikeState?articleId=26,,1461,UTF-8,1,0,FOUNDSJJ,0,0
1779177378976,1495,HTTP Request,200,,Thread Group 1-497,text,true,,365,437,56,56,http://localhost.com:7010/api/bbs/user/updateLikeState?articleId=26,,1494,UTF-8,1,0,FOUNDSJJ,0,0
1779177378996,1475,HTTP Request,200,,Thread Group 1-461,text,true,,365,437,56,56,http://localhost.com:7010/api/bbs/user/updateLikeState?articleId=26,,1475,UTF-8,1,0,FOUNDSJJ,0,0
1779177378996,1475,HTTP Request,200,,Thread Group 1-494,text,true,,365,437,56,56,http://localhost.com:7010/api/bbs/user/updateLikeState?articleId=26,,1475,UTF-8,1,0,FOUNDSJJ,0,0
1779177379005,1466,HTTP Request,200,,Thread Group 1-479,text,true,,365,437,56,56,http://localhost.com:7010/api/bbs/user/updateLikeState?articleId=26,,1465,UTF-8,1,0,FOUNDSJJ,0,0
1779177379002,1501,HTTP Request,200,,Thread Group 1-439,text,true,,365,437,56,56,http://localhost.com:7010/api/bbs/user/updateLikeState?articleId=26,,1501,UTF-8,1,0,FOUNDSJJ,0,0
1779177379006,1497,HTTP Request,200,,Thread Group 1-459,text,true,,365,437,56,56,http://localhost.com:7010/api/bbs/user/updateLikeState?articleId=26,,1497,UTF-8,1,0,FOUNDSJJ,0,0
1779177379004,1500,HTTP Request,200,,Thread Group 1-452,text,true,,365,437,56,56,http://localhost.com:7010/api/bbs/user/updateLikeState?articleId=26,,1500,UTF-8,1,0,FOUNDSJJ,0,0
1779177379025,1478,HTTP Request,200,,Thread Group 1-455,text,true,,365,437,56,56,http://localhost.com:7010/api/bbs/user/updateLikeState?articleId=26,,1478,UTF-8,1,0,FOUNDSJJ,0,0
1779177379003,1500,HTTP Request,200,,Thread Group 1-449,text,true,,365,437,56,56,http://localhost.com:7010/api/bbs/user/updateLikeState?articleId=26,,1500,UTF-8,1,0,FOUNDSJJ,0,0
1779177379004,1499,HTTP Request,200,,Thread Group 1-447,text,true,,365,437,56,56,http://localhost.com:7010/api/bbs/user/updateLikeState?articleId=26,,1499,UTF-8,1,0,FOUNDSJJ,0,0
1779177378968,1535,HTTP Request,200,,Thread Group 1-486,text,true,,365,437,56,56,http://localhost.com:7010/api/bbs/user/updateLikeState?articleId=26,,1535,UTF-8,1,0,FOUNDSJJ,0,0
1779177379024,1479,HTTP Request,200,,Thread Group 1-468,text,true,,365,437,56,56,http://localhost.com:7010/api/bbs/user/updateLikeState?articleId=26,,1479,UTF-8,1,0,FOUNDSJJ,0,0
1779177378996,1508,HTTP Request,200,,Thread Group 1-442,text,true,,365,437,56,56,http://localhost.com:7010/api/bbs/user/updateLikeState?articleId=26,,1508,UTF-8,1,0,FOUNDSJJ,0,0
1779177378976,1528,HTTP Request,200,,Thread Group 1-450,text,true,,365,437,56,56,http://localhost.com:7010/api/bbs/user/updateLikeState?articleId=26,,1528,UTF-8,1,0,FOUNDSJJ,0,0
1779177378997,1507,HTTP Request,200,,Thread Group 1-496,text,true,,365,437,56,56,http://localhost.com:7010/api/bbs/user/updateLikeState?articleId=26,,1507,UTF-8,1,0,FOUNDSJJ,0,0
1779177378995,1509,HTTP Request,200,,Thread Group 1-499,text,true,,365,437,56,56,http://localhost.com:7010/api/bbs/user/updateLikeState?articleId=26,,1508,UTF-8,1,0,FOUNDSJJ,0,0
1779177379208,1326,HTTP Request,200,,Thread Group 1-492,text,true,,365,437,47,47,http://localhost.com:7010/api/bbs/user/updateLikeState?articleId=26,,1326,UTF-8,1,0,FOUNDSJJ,0,0
1779177379006,1530,HTTP Request,200,,Thread Group 1-462,text,true,,365,437,47,47,http://localhost.com:7010/api/bbs/user/updateLikeState?articleId=26,,1530,UTF-8,1,0,FOUNDSJJ,0,0
1779177379007,1529,HTTP Request,200,,Thread Group 1-441,text,true,,365,437,47,47,http://localhost.com:7010/api/bbs/user/updateLikeState?articleId=26,,1529,UTF-8,1,0,FOUNDSJJ,0,0
1779177379004,1531,HTTP Request,200,,Thread Group 1-478,text,true,,365,437,47,47,http://localhost.com:7010/api/bbs/user/updateLikeState?articleId=26,,1531,UTF-8,1,0,FOUNDSJJ,0,0
1779177378975,1560,HTTP Request,200,,Thread Group 1-469,text,true,,365,437,47,47,http://localhost.com:7010/api/bbs/user/updateLikeState?articleId=26,,1560,UTF-8,1,0,FOUNDSJJ,0,0
1779177378975,1561,HTTP Request,200,,Thread Group 1-465,text,true,,365,437,47,47,http://localhost.com:7010/api/bbs/user/updateLikeState?articleId=26,,1560,UTF-8,1,0,FOUNDSJJ,0,0
1779177379025,1511,HTTP Request,200,,Thread Group 1-480,text,true,,365,437,47,47,http://localhost.com:7010/api/bbs/user/updateLikeState?articleId=26,,1511,UTF-8,1,0,FOUNDSJJ,0,0
1779177379003,1533,HTTP Request,200,,Thread Group 1-460,text,true,,365,437,47,47,http://localhost.com:7010/api/bbs/user/updateLikeState?articleId=26,,1533,UTF-8,1,0,FOUNDSJJ,0,0
1779177378976,1559,HTTP Request,200,,Thread Group 1-495,text,true,,365,437,47,47,http://localhost.com:7010/api/bbs/user/updateLikeState?articleId=26,,1559,UTF-8,1,0,FOUNDSJJ,0,0
1779177378977,1558,HTTP Request,200,,Thread Group 1-473,text,true,,365,437,47,47,http://localhost.com:7010/api/bbs/user/updateLikeState?articleId=26,,1558,UTF-8,1,0,FOUNDSJJ,0,0
1779177379115,1420,HTTP Request,200,,Thread Group 1-463,text,true,,365,437,47,47,http://localhost.com:7010/api/bbs/user/updateLikeState?articleId=26,,1420,UTF-8,1,0,FOUNDSJJ,0,0
1779177379028,1508,HTTP Request,200,,Thread Group 1-454,text,true,,365,437,47,47,http://localhost.com:7010/api/bbs/user/updateLikeState?articleId=26,,1508,UTF-8,1,0,FOUNDSJJ,0,0
1779177379003,1533,HTTP Request,200,,Thread Group 1-451,text,true,,365,437,47,47,http://localhost.com:7010/api/bbs/user/updateLikeState?articleId=26,,1533,UTF-8,1,0,FOUNDSJJ,0,0
1779177379027,1559,HTTP Request,200,,Thread Group 1-482,text,true,,365,437,41,41,http://localhost.com:7010/api/bbs/user/updateLikeState?articleId=26,,1559,UTF-8,1,0,FOUNDSJJ,0,0
1779177379025,1562,HTTP Request,200,,Thread Group 1-448,text,true,,365,437,41,41,http://localhost.com:7010/api/bbs/user/updateLikeState?articleId=26,,1562,UTF-8,1,0,FOUNDSJJ,0,0
1779177379116,1470,HTTP Request,200,,Thread Group 1-471,text,true,,365,437,41,41,http://localhost.com:7010/api/bbs/user/updateLikeState?articleId=26,,1470,UTF-8,1,0,FOUNDSJJ,0,0
1779177379040,1546,HTTP Request,200,,Thread Group 1-484,text,true,,365,437,41,41,http://localhost.com:7010/api/bbs/user/updateLikeState?articleId=26,,1546,UTF-8,1,0,FOUNDSJJ,0,0
1779177379027,1559,HTTP Request,200,,Thread Group 1-445,text,true,,365,437,41,41,http://localhost.com:7010/api/bbs/user/updateLikeState?articleId=26,,1559,UTF-8,1,0,FOUNDSJJ,0,0
1779177379024,1562,HTTP Request,200,,Thread Group 1-472,text,true,,365,437,41,41,http://localhost.com:7010/api/bbs/user/updateLikeState?articleId=26,,1562,UTF-8,1,0,FOUNDSJJ,0,0
1779177379026,1561,HTTP Request,200,,Thread Group 1-477,text,true,,365,437,41,41,http://localhost.com:7010/api/bbs/user/updateLikeState?articleId=26,,1561,UTF-8,1,0,FOUNDSJJ,0,0
1779177379005,1582,HTTP Request,200,,Thread Group 1-444,text,true,,365,437,41,41,http://localhost.com:7010/api/bbs/user/updateLikeState?articleId=26,,1582,UTF-8,1,0,FOUNDSJJ,0,0
1779177379115,1547,HTTP Request,200,,Thread Group 1-487,text,true,,365,437,35,35,http://localhost.com:7010/api/bbs/user/updateLikeState?articleId=26,,1547,UTF-8,1,0,FOUNDSJJ,0,0
1779177379719,1396,HTTP Request,200,,Thread Group 1-475,text,true,,365,437,35,35,http://localhost.com:7010/api/bbs/user/updateLikeState?articleId=26,,1396,UTF-8,1,0,FOUNDSJJ,0,0
1779177380360,790,HTTP Request,200,,Thread Group 1-476,text,true,,365,437,34,34,http://localhost.com:7010/api/bbs/user/updateLikeState?articleId=26,,790,UTF-8,1,0,FOUNDSJJ,0,0
1779177380361,820,HTTP Request,200,,Thread Group 1-485,text,true,,365,437,33,33,http://localhost.com:7010/api/bbs/user/updateLikeState?articleId=26,,820,UTF-8,1,0,FOUNDSJJ,0,0
1779177380361,820,HTTP Request,200,,Thread Group 1-500,text,true,,365,437,33,33,http://localhost.com:7010/api/bbs/user/updateLikeState?articleId=26,,820,UTF-8,1,0,FOUNDSJJ,0,0
1779177380361,820,HTTP Request,200,,Thread Group 1-470,text,true,,365,437,33,33,http://localhost.com:7010/api/bbs/user/updateLikeState?articleId=26,,820,UTF-8,1,0,FOUNDSJJ,0,0
1779177380360,821,HTTP Request,200,,Thread Group 1-458,text,true,,365,437,33,33,http://localhost.com:7010/api/bbs/user/updateLikeState?articleId=26,,821,UTF-8,1,0,FOUNDSJJ,0,0
1779177380404,802,HTTP Request,200,,Thread Group 1-483,text,true,,365,437,31,31,http://localhost.com:7010/api/bbs/user/updateLikeState?articleId=26,,802,UTF-8,1,0,FOUNDSJJ,0,0
1779177380405,804,HTTP Request,200,,Thread Group 1-467,text,true,,365,437,31,31,http://localhost.com:7010/api/bbs/user/updateLikeState?articleId=26,,804,UTF-8,1,0,FOUNDSJJ,0,0
1779177380440,771,HTTP Request,200,,Thread Group 1-464,text,true,,365,437,30,30,http://localhost.com:7010/api/bbs/user/updateLikeState?articleId=26,,771,UTF-8,1,0,FOUNDSJJ,0,0
1779177380405,807,HTTP Request,200,,Thread Group 1-498,text,true,,365,437,30,30,http://localhost.com:7010/api/bbs/user/updateLikeState?articleId=26,,807,UTF-8,1,0,FOUNDSJJ,0,0
1779177380441,770,HTTP Request,200,,Thread Group 1-491,text,true,,365,437,30,30,http://localhost.com:7010/api/bbs/user/updateLikeState?articleId=26,,770,UTF-8,1,0,FOUNDSJJ,0,0
1779177380362,850,HTTP Request,200,,Thread Group 1-481,text,true,,365,437,30,30,http://localhost.com:7010/api/bbs/user/updateLikeState?articleId=26,,850,UTF-8,1,0,FOUNDSJJ,0,0
1779177380440,772,HTTP Request,200,,Thread Group 1-474,text,true,,365,437,30,30,http://localhost.com:7010/api/bbs/user/updateLikeState?articleId=26,,772,UTF-8,1,0,FOUNDSJJ,0,0
1779177380441,771,HTTP Request,200,,Thread Group 1-493,text,true,,365,437,30,30,http://localhost.com:7010/api/bbs/user/updateLikeState?articleId=26,,771,UTF-8,1,0,FOUNDSJJ,0,0
1779177380472,741,HTTP Request,200,,Thread Group 1-461,text,true,,365,437,29,29,http://localhost.com:7010/api/bbs/user/updateLikeState?articleId=26,,740,UTF-8,1,0,FOUNDSJJ,0,0
1779177380440,772,HTTP Request,200,,Thread Group 1-490,text,true,,365,437,30,30,http://localhost.com:7010/api/bbs/user/updateLikeState?articleId=26,,772,UTF-8,1,0,FOUNDSJJ,0,0
1779177380405,808,HTTP Request,200,,Thread Group 1-466,text,true,,365,437,29,29,http://localhost.com:7010/api/bbs/user/updateLikeState?articleId=26,,808,UTF-8,1,0,FOUNDSJJ,0,0
1779177380362,871,HTTP Request,200,,Thread Group 1-488,text,true,,365,437,26,26,http://localhost.com:7010/api/bbs/user/updateLikeState?articleId=26,,871,UTF-8,1,0,FOUNDSJJ,0,0
1779177380473,765,HTTP Request,200,,Thread Group 1-494,text,true,,365,437,26,26,http://localhost.com:7010/api/bbs/user/updateLikeState?articleId=26,,765,UTF-8,1,0,FOUNDSJJ,0,0
1779177380468,770,HTTP Request,200,,Thread Group 1-489,text,true,,365,437,26,26,http://localhost.com:7010/api/bbs/user/updateLikeState?articleId=26,,770,UTF-8,1,0,FOUNDSJJ,0,0
1779177380473,765,HTTP Request,200,,Thread Group 1-479,text,true,,365,437,26,26,http://localhost.com:7010/api/bbs/user/updateLikeState?articleId=26,,765,UTF-8,1,0,FOUNDSJJ,0,0
1779177380472,766,HTTP Request,200,,Thread Group 1-497,text,true,,365,437,26,26,http://localhost.com:7010/api/bbs/user/updateLikeState?articleId=26,,766,UTF-8,1,0,FOUNDSJJ,0,0
1779177380507,756,HTTP Request,200,,Thread Group 1-499,text,true,,365,437,25,25,http://localhost.com:7010/api/bbs/user/updateLikeState?articleId=26,,756,UTF-8,1,0,FOUNDSJJ,0,0
1779177380538,726,HTTP Request,200,,Thread Group 1-480,text,true,,365,437,25,25,http://localhost.com:7010/api/bbs/user/updateLikeState?articleId=26,,726,UTF-8,1,0,FOUNDSJJ,0,0
1779177380536,728,HTTP Request,200,,Thread Group 1-492,text,true,,365,437,25,25,http://localhost.com:7010/api/bbs/user/updateLikeState?articleId=26,,728,UTF-8,1,0,FOUNDSJJ,0,0
1779177380507,757,HTTP Request,200,,Thread Group 1-496,text,true,,365,437,25,25,http://localhost.com:7010/api/bbs/user/updateLikeState?articleId=26,,756,UTF-8,1,0,FOUNDSJJ,0,0
1779177380505,758,HTTP Request,200,,Thread Group 1-486,text,true,,365,437,25,25,http://localhost.com:7010/api/bbs/user/updateLikeState?articleId=26,,758,UTF-8,1,0,FOUNDSJJ,0,0
1779177380539,730,HTTP Request,200,,Thread Group 1-495,text,true,,365,437,23,23,http://localhost.com:7010/api/bbs/user/updateLikeState?articleId=26,,729,UTF-8,1,0,FOUNDSJJ,0,0
1779177380587,682,HTTP Request,200,,Thread Group 1-482,text,true,,365,437,23,23,http://localhost.com:7010/api/bbs/user/updateLikeState?articleId=26,,682,UTF-8,1,0,FOUNDSJJ,0,0
1779177380539,730,HTTP Request,200,,Thread Group 1-473,text,true,,365,437,23,23,http://localhost.com:7010/api/bbs/user/updateLikeState?articleId=26,,729,UTF-8,1,0,FOUNDSJJ,0,0
1779177380587,708,HTTP Request,200,,Thread Group 1-484,text,true,,365,437,21,21,http://localhost.com:7010/api/bbs/user/updateLikeState?articleId=26,,708,UTF-8,1,0,FOUNDSJJ,0,0
1779177380537,759,HTTP Request,200,,Thread Group 1-478,text,true,,365,437,21,21,http://localhost.com:7010/api/bbs/user/updateLikeState?articleId=26,,758,UTF-8,1,0,FOUNDSJJ,0,0
1779177380538,758,HTTP Request,200,,Thread Group 1-465,text,true,,365,437,21,21,http://localhost.com:7010/api/bbs/user/updateLikeState?articleId=26,,757,UTF-8,1,0,FOUNDSJJ,0,0
1779177380538,758,HTTP Request,200,,Thread Group 1-469,text,true,,365,437,21,21,http://localhost.com:7010/api/bbs/user/updateLikeState?articleId=26,,758,UTF-8,1,0,FOUNDSJJ,0,0
1779177380663,643,HTTP Request,200,,Thread Group 1-487,text,true,,365,437,17,17,http://localhost.com:7010/api/bbs/user/updateLikeState?articleId=26,,643,UTF-8,1,0,FOUNDSJJ,0,0
1779177381182,285,HTTP Request,200,,Thread Group 1-500,text,true,,365,437,16,16,http://localhost.com:7010/api/bbs/user/updateLikeState?articleId=26,,285,UTF-8,1,0,FOUNDSJJ,0,0
1779177381182,340,HTTP Request,200,,Thread Group 1-485,text,true,,365,437,15,15,http://localhost.com:7010/api/bbs/user/updateLikeState?articleId=26,,340,UTF-8,1,0,FOUNDSJJ,0,0
1779177381214,309,HTTP Request,200,,Thread Group 1-490,text,true,,365,437,15,15,http://localhost.com:7010/api/bbs/user/updateLikeState?articleId=26,,309,UTF-8,1,0,FOUNDSJJ,0,0
1779177381213,310,HTTP Request,200,,Thread Group 1-498,text,true,,365,437,15,15,http://localhost.com:7010/api/bbs/user/updateLikeState?articleId=26,,310,UTF-8,1,0,FOUNDSJJ,0,0
1779177381208,317,HTTP Request,200,,Thread Group 1-483,text,true,,365,437,12,12,http://localhost.com:7010/api/bbs/user/updateLikeState?articleId=26,,317,UTF-8,1,0,FOUNDSJJ,0,0
1779177381240,285,HTTP Request,200,,Thread Group 1-497,text,true,,365,437,12,12,http://localhost.com:7010/api/bbs/user/updateLikeState?articleId=26,,285,UTF-8,1,0,FOUNDSJJ,0,0
1779177381213,312,HTTP Request,200,,Thread Group 1-491,text,true,,365,437,12,12,http://localhost.com:7010/api/bbs/user/updateLikeState?articleId=26,,312,UTF-8,1,0,FOUNDSJJ,0,0
1779177381213,313,HTTP Request,200,,Thread Group 1-481,text,true,,365,437,12,12,http://localhost.com:7010/api/bbs/user/updateLikeState?articleId=26,,313,UTF-8,1,0,FOUNDSJJ,0,0
1779177381214,312,HTTP Request,200,,Thread Group 1-493,text,true,,365,437,12,12,http://localhost.com:7010/api/bbs/user/updateLikeState?articleId=26,,311,UTF-8,1,0,FOUNDSJJ,0,0
1779177381266,283,HTTP Request,200,,Thread Group 1-486,text,true,,365,437,7,7,http://localhost.com:7010/api/bbs/user/updateLikeState?articleId=26,,283,UTF-8,1,0,FOUNDSJJ,0,0
1779177381234,315,HTTP Request,200,,Thread Group 1-488,text,true,,365,437,7,7,http://localhost.com:7010/api/bbs/user/updateLikeState?articleId=26,,315,UTF-8,1,0,FOUNDSJJ,0,0
1779177381239,310,HTTP Request,200,,Thread Group 1-494,text,true,,365,437,7,7,http://localhost.com:7010/api/bbs/user/updateLikeState?articleId=26,,310,UTF-8,1,0,FOUNDSJJ,0,0
1779177381239,310,HTTP Request,200,,Thread Group 1-489,text,true,,365,437,7,7,http://localhost.com:7010/api/bbs/user/updateLikeState?articleId=26,,310,UTF-8,1,0,FOUNDSJJ,0,0
1779177381266,301,HTTP Request,200,,Thread Group 1-496,text,true,,365,437,3,3,http://localhost.com:7010/api/bbs/user/updateLikeState?articleId=26,,301,UTF-8,1,0,FOUNDSJJ,0,0
1779177381269,315,HTTP Request,200,,Thread Group 1-495,text,true,,365,437,2,2,http://localhost.com:7010/api/bbs/user/updateLikeState?articleId=26,,315,UTF-8,1,0,FOUNDSJJ,0,0
1779177381265,319,HTTP Request,200,,Thread Group 1-499,text,true,,365,437,2,2,http://localhost.com:7010/api/bbs/user/updateLikeState?articleId=26,,319,UTF-8,1,0,FOUNDSJJ,0,0
